{
  "seed":1274829405,
  "pop":10000,
  "Inactive_Cycles":100,
  "Active_Cycles":2000,
  "Total_CPU_Time":3.99597E+03,
  "Total_Transport_Time":4.19517E+02,
  "Clock_Time":4.20820E+02,
  "A3_1":{
    "A3_1":[[8.50004E+00,8.68248E-04]]
  },
  "A3_2":{
    "A3_2":[[2.17042E+00,2.13261E-03]]
  },
  "A3_3":{
    "A3_3":[[8.95195E-01,3.22926E-03]]
  },
  "A3_4":{
    "A3_4":[[4.78432E-01,4.64371E-03]]
  },
  "A3_5":{
    "A3_5":[[2.90890E-01,6.05856E-03]]
  },
  "A3_6":{
    "A3_6":[[1.92491E-01,7.58068E-03]]
  },
  "A3_7":{
    "A3_7":[[1.04244E-01,7.08947E-03]]
  },
  "A3_8":{
    "A3_8":[[3.37683E-02,7.03585E-03]]
  },
  "A3_9":{
    "A3_9":[[1.09155E-02,7.52323E-03]]
  },
  "A3_10":{
    "A3_10":[[3.43602E-03,7.91810E-03]]
  },
  "B3_1":{
    "B3_1":[[1.92491E-01,7.58068E-03]]
  },
  "B3_2":{
    "B3_2":[[6.88015E-02,6.31032E-03]]
  },
  "B3_3":{
    "B3_3":[[2.21772E-02,3.97826E-03]]
  },
  "B3_4":{
    "B3_4":[[9.91405E-03,3.41147E-03]]
  },
  "B3_5":{
    "B3_5":[[3.44234E-03,2.49683E-03]]
  },
  "B3_6":{
    "B3_6":[[1.06609E-03,2.81067E-03]]
  },
  "C3_1":{
    "C3_1":[[3.44318E-04,3.82247E-03]]
  },
  "C3_2":{
    "C3_2":[[2.90475E-04,3.97402E-03]]
  },
  "C3_3":{
    "C3_3":[[2.06342E-04,3.65472E-03]]
  },
  "C3_4":{
    "C3_4":[[2.59512E-04,5.41172E-03]]
  },
  "C3_5":{
    "C3_5":[[1.07661E-04,3.10690E-03]]
  },
  "C3_6":{
    "C3_6":[[4.48240E-05,3.46124E-03]]
  },
  "integral":{
    "sourceMat":[[7.45642E+03,2.28566E-04]]
  }
}
