{
  "seed":1274829405,
  "pop":10000,
  "Inactive_Cycles":100,
  "Active_Cycles":2000,
  "Total_CPU_Time":3.02297E+03,
  "Total_Transport_Time":2.99491E+02,
  "Total_Volume_Time":4.65250E+00,
  "Total_UC_Time":6.06567E+00,
  "Total_UC_Transport_Time":6.06100E+00,
  "Clock_Time":3.00278E+02,
  "A3_1":{
    "A3_1":[[5.71168E-01,4.76144E-04]]
  },
  "A3_2":{
    "A3_2":[[1.91806E-02,1.71596E-03]]
  },
  "A3_3":{
    "A3_3":[[8.26057E-03,3.33197E-03]]
  },
  "A3_4":{
    "A3_4":[[4.56346E-03,3.99592E-03]]
  },
  "A3_5":{
    "A3_5":[[2.75846E-03,4.86580E-03]]
  },
  "A3_6":{
    "A3_6":[[1.85965E-03,5.43921E-03]]
  },
  "A3_7":{
    "A3_7":[[1.02733E-03,5.79528E-03]]
  },
  "A3_8":{
    "A3_8":[[3.33163E-04,5.72445E-03]]
  },
  "A3_9":{
    "A3_9":[[1.07577E-04,5.61933E-03]]
  },
  "A3_10":{
    "A3_10":[[3.38579E-05,5.92679E-03]]
  },
  "B3_1":{
    "B3_1":[[1.85965E-03,5.43921E-03]]
  },
  "B3_2":{
    "B3_2":[[6.53659E-04,6.15317E-03]]
  },
  "B3_3":{
    "B3_3":[[2.07499E-04,3.54482E-03]]
  },
  "B3_4":{
    "B3_4":[[9.27772E-05,2.68981E-03]]
  },
  "B3_5":{
    "B3_5":[[3.22004E-05,2.19491E-03]]
  },
  "B3_6":{
    "B3_6":[[9.97941E-06,2.23688E-03]]
  },
  "C3_1":{
    "C3_1":[[3.35645E-06,2.85810E-03]]
  },
  "C3_2":{
    "C3_2":[[2.84660E-06,3.22075E-03]]
  },
  "C3_3":{
    "C3_3":[[1.99903E-06,2.87207E-03]]
  },
  "C3_4":{
    "C3_4":[[2.51465E-06,4.70213E-03]]
  },
  "C3_5":{
    "C3_5":[[1.03818E-06,2.71662E-03]]
  },
  "C3_6":{
    "C3_6":[[4.34130E-07,2.89821E-03]]
  },
  "integral":{
    "sourceMat":[[8.58487E+01,2.02787E-04]]
  }
}
