{
  "seed":-1369706621,
  "pop":10,
  "Inactive_Cycles":1,
  "Active_Cycles":20,
  "Total_CPU_Time":3.31997E+00,
  "Total_Transport_Time":8.64790E-02,
  "Clock_Time":2.72402E-01,
  "A3_1":{
    "A3_1":[[4.07967E+00,2.13642E+00]]
  },
  "A3_2":{
    "A3_2":[[0.00000E+00,0.00000E+00]]
  },
  "A3_3":{
    "A3_3":[[0.00000E+00,2.23499E-04]]
  },
  "A3_4":{
    "A3_4":[[1.79011E-01,4.48594E-01]]
  },
  "A3_5":{
    "A3_5":[[0.00000E+00,2.23499E-04]]
  },
  "A3_6":{
    "A3_6":[[0.00000E+00,0.00000E+00]]
  },
  "A3_7":{
    "A3_7":[[5.77666E-02,9.07823E-01]]
  },
  "A3_8":{
    "A3_8":[[5.29113E-02,5.51154E-01]]
  },
  "A3_9":{
    "A3_9":[[9.65581E-04,8.66880E-01]]
  },
  "A3_10":{
    "A3_10":[[0.00000E+00,2.23499E-04]]
  },
  "B3_1":{
    "B3_1":[[0.00000E+00,0.00000E+00]]
  },
  "B3_2":{
    "B3_2":[[9.00979E-02,5.46743E-01]]
  },
  "B3_3":{
    "B3_3":[[0.00000E+00,0.00000E+00]]
  },
  "B3_4":{
    "B3_4":[[-8.14164E-03,5.48632E-01]]
  },
  "B3_5":{
    "B3_5":[[4.87024E-04,7.95709E-01]]
  },
  "B3_6":{
    "B3_6":[[2.31040E-03,6.31266E-01]]
  },
  "C3_1":{
    "C3_1":[[0.00000E+00,0.00000E+00]]
  },
  "C3_2":{
    "C3_2":[[0.00000E+00,2.23499E-04]]
  },
  "C3_3":{
    "C3_3":[[1.99064E-04,1.15013E+00]]
  },
  "C3_4":{
    "C3_4":[[0.00000E+00,2.23499E-04]]
  },
  "C3_5":{
    "C3_5":[[1.54891E-05,5.75271E-01]]
  },
  "C3_6":{
    "C3_6":[[1.93207E-06,5.87392E-01]]
  },
  "integral":{
    "sourceMat":[[1.02512E+04,5.88882E-02]]
  }
}
