{
  "seed":1274829405,
  "pop":10000,
  "Inactive_Cycles":100,
  "Active_Cycles":2000,
  "Total_CPU_Time":2.95277E+03,
  "Total_Transport_Time":3.01647E+02,
  "Clock_Time":3.02348E+02,
  "A3_1":{
    "A3_1":[[8.42117E+00,8.79741E-04]]
  },
  "A3_2":{
    "A3_2":[[2.16394E+00,2.13341E-03]]
  },
  "A3_3":{
    "A3_3":[[8.88658E-01,3.23674E-03]]
  },
  "A3_4":{
    "A3_4":[[4.73649E-01,4.66420E-03]]
  },
  "A3_5":{
    "A3_5":[[2.87309E-01,6.10299E-03]]
  },
  "A3_6":{
    "A3_6":[[1.89802E-01,7.65391E-03]]
  },
  "A3_7":{
    "A3_7":[[1.02958E-01,7.13649E-03]]
  },
  "A3_8":{
    "A3_8":[[3.34952E-02,7.05219E-03]]
  },
  "A3_9":{
    "A3_9":[[1.08575E-02,7.52021E-03]]
  },
  "A3_10":{
    "A3_10":[[3.42852E-03,7.89527E-03]]
  },
  "B3_1":{
    "B3_1":[[1.89802E-01,7.65391E-03]]
  },
  "B3_2":{
    "B3_2":[[6.79602E-02,6.35191E-03]]
  },
  "B3_3":{
    "B3_3":[[2.19889E-02,3.99717E-03]]
  },
  "B3_4":{
    "B3_4":[[9.84423E-03,3.41377E-03]]
  },
  "B3_5":{
    "B3_5":[[3.42994E-03,2.44147E-03]]
  },
  "B3_6":{
    "B3_6":[[1.07153E-03,2.75577E-03]]
  },
  "C3_1":{
    "C3_1":[[3.48882E-04,3.76551E-03]]
  },
  "C3_2":{
    "C3_2":[[2.94516E-04,3.90173E-03]]
  },
  "C3_3":{
    "C3_3":[[2.09434E-04,3.59232E-03]]
  },
  "C3_4":{
    "C3_4":[[2.62039E-04,5.35975E-03]]
  },
  "C3_5":{
    "C3_5":[[1.09933E-04,3.05545E-03]]
  },
  "C3_6":{
    "C3_6":[[4.57718E-05,3.39506E-03]]
  },
  "integral":{
    "sourceMat":[[7.40165E+03,2.30925E-04]]
  }
}
