{
  "seed":-1369706621,
  "pop":10000,
  "Inactive_Cycles":100,
  "Active_Cycles":2000,
  "Total_CPU_Time":3.78173E+03,
  "Total_Transport_Time":3.90579E+02,
  "Total_Volume_Time":5.28018E+00,
  "Total_UC_Time":4.42901E+00,
  "Total_UC_Transport_Time":4.42364E+00,
  "Clock_Time":3.92097E+02,
  "A3_1":{
    "A3_1":[[8.35207E+00,9.92317E-04]]
  },
  "A3_2":{
    "A3_2":[[2.18343E+00,2.12142E-03]]
  },
  "A3_3":{
    "A3_3":[[8.97213E-01,3.24375E-03]]
  },
  "A3_4":{
    "A3_4":[[4.81216E-01,4.52258E-03]]
  },
  "A3_5":{
    "A3_5":[[2.88798E-01,4.36935E-03]]
  },
  "A3_6":{
    "A3_6":[[1.90003E-01,6.19385E-03]]
  },
  "A3_7":{
    "A3_7":[[1.04057E-01,7.21427E-03]]
  },
  "A3_8":{
    "A3_8":[[3.43592E-02,5.79732E-03]]
  },
  "A3_9":{
    "A3_9":[[1.08699E-02,4.81291E-03]]
  },
  "A3_10":{
    "A3_10":[[3.41866E-03,5.12474E-03]]
  },
  "B3_1":{
    "B3_1":[[1.90003E-01,6.19385E-03]]
  },
  "B3_2":{
    "B3_2":[[6.78872E-02,5.52599E-03]]
  },
  "B3_3":{
    "B3_3":[[2.22161E-02,3.56324E-03]]
  },
  "B3_4":{
    "B3_4":[[9.79230E-03,3.05225E-03]]
  },
  "B3_5":{
    "B3_5":[[3.41112E-03,2.14479E-03]]
  },
  "B3_6":{
    "B3_6":[[1.05738E-03,2.34761E-03]]
  },
  "C3_1":{
    "C3_1":[[3.49026E-04,3.00355E-03]]
  },
  "C3_2":{
    "C3_2":[[2.89741E-04,3.52927E-03]]
  },
  "C3_3":{
    "C3_3":[[2.07703E-04,3.55370E-03]]
  },
  "C3_4":{
    "C3_4":[[2.59631E-04,4.82027E-03]]
  },
  "C3_5":{
    "C3_5":[[1.07864E-04,2.66471E-03]]
  },
  "C3_6":{
    "C3_6":[[4.48980E-05,3.01946E-03]]
  },
  "integral":{
    "sourceMat":[[7.42771E+03,2.17636E-04]]
  }
}
