{
  "seed":692406721,
  "pop":8000,
  "Inactive_Cycles":1200,
  "Active_Cycles":2500,
  "Total_CPU_Time":1.30106E+04,
  "Total_Transport_Time":1.31700E+03,
  "Time_Per_Integration":1.66146E-09,
  "Clock_Time":1.39841E+03,
  "keff":{
    "keff":[1.01981E+00,7.64541E-05]
  },
  "fissionRate":{
    "fissionRate":[[[1.77557E-03,1.07038E-04],[1.77075E-03,1.00774E-04],[1.75424E-03,1.00976E-04],[1.73203E-03,1.02629E-04],[1.70576E-03,1.03360E-04],[1.66842E-03,1.01531E-04],[1.62499E-03,1.02775E-04],[1.57734E-03,1.03282E-04],[1.52929E-03,1.01846E-04],[1.46393E-03,1.02623E-04],[1.39608E-03,1.01540E-04],[1.32421E-03,1.00714E-04],[1.24252E-03,9.95876E-05],[1.15723E-03,1.00480E-04],[1.06904E-03,1.00839E-04],[9.76488E-04,1.03062E-04],[8.78874E-04,1.03155E-04],[7.82015E-04,1.02708E-04],[6.88850E-04,1.02088E-04],[6.22018E-04,1.03064E-04],[6.34754E-04,1.11420E-04]],[[1.76887E-03,1.02857E-04],[1.76370E-03,9.92594E-05],[1.74793E-03,9.90573E-05],[1.72700E-03,9.81442E-05],[1.70602E-03,9.84099E-05],[1.66088E-03,9.80969E-05],[1.62301E-03,9.82732E-05],[1.57275E-03,9.80277E-05],[1.51384E-03,9.90044E-05],[1.45375E-03,9.83485E-05],[1.38543E-03,9.74852E-05],[1.31271E-03,9.68920E-05],[1.24004E-03,9.64716E-05],[1.15521E-03,9.81143E-05],[1.06612E-03,9.95271E-05],[9.72060E-04,9.73827E-05],[8.75835E-04,9.75460E-05],[7.77668E-04,9.79784E-05],[6.85786E-04,9.78986E-05],[6.16855E-04,1.00434E-04],[6.31734E-04,1.07187E-04]],[[1.75340E-03,1.00876E-04],[1.74517E-03,9.83840E-05],[1.73439E-03,9.83576E-05],[1.71278E-03,9.78045E-05],[1.68806E-03,9.88729E-05],[1.65017E-03,9.82981E-05],[1.60982E-03,9.77488E-05],[1.55433E-03,9.88366E-05],[1.50559E-03,9.62294E-05],[1.44049E-03,9.66520E-05],[1.37709E-03,9.67084E-05],[1.30744E-03,9.73121E-05],[1.22797E-03,9.64120E-05],[1.14645E-03,9.70597E-05],[1.05644E-03,9.83984E-05],[9.65847E-04,9.64590E-05],[8.68403E-04,9.71073E-05],[7.71463E-04,9.80587E-05],[6.80484E-04,9.62467E-05],[6.11885E-04,1.00524E-04],[6.27616E-04,1.06732E-04]],[[1.73658E-03,1.00935E-04],[1.72733E-03,9.65743E-05],[1.71160E-03,9.90125E-05],[1.68869E-03,9.80752E-05],[1.66483E-03,9.76108E-05],[1.62634E-03,9.76098E-05],[1.58963E-03,9.84604E-05],[1.53845E-03,9.65727E-05],[1.48876E-03,9.72319E-05],[1.42233E-03,9.74231E-05],[1.35839E-03,9.76400E-05],[1.29009E-03,9.75115E-05],[1.21047E-03,9.70986E-05],[1.12856E-03,9.82778E-05],[1.04506E-03,9.76224E-05],[9.55499E-04,9.67597E-05],[8.59021E-04,9.68821E-05],[7.63598E-04,9.64539E-05],[6.73790E-04,9.66514E-05],[6.05516E-04,9.88151E-05],[6.17721E-04,1.07483E-04]],[[1.70428E-03,1.02386E-04],[1.69790E-03,9.70956E-05],[1.68352E-03,9.70650E-05],[1.66083E-03,9.66938E-05],[1.63694E-03,9.84301E-05],[1.60349E-03,9.71042E-05],[1.55549E-03,9.82041E-05],[1.51520E-03,9.74413E-05],[1.46035E-03,9.65759E-05],[1.40035E-03,9.74962E-05],[1.33683E-03,9.64362E-05],[1.26994E-03,9.63794E-05],[1.19258E-03,9.65037E-05],[1.11136E-03,9.62438E-05],[1.02508E-03,9.78134E-05],[9.35504E-04,9.77088E-05],[8.44290E-04,9.64183E-05],[7.50519E-04,9.69416E-05],[6.62032E-04,9.66667E-05],[5.95318E-04,9.87454E-05],[6.08706E-04,1.04441E-04]],[[1.66744E-03,1.03165E-04],[1.66153E-03,9.68983E-05],[1.64846E-03,9.73139E-05],[1.62748E-03,9.62941E-05],[1.60347E-03,9.66288E-05],[1.56988E-03,9.58757E-05],[1.52510E-03,9.72521E-05],[1.48135E-03,9.70596E-05],[1.42826E-03,9.59906E-05],[1.36948E-03,9.72320E-05],[1.31122E-03,9.74034E-05],[1.24152E-03,9.61656E-05],[1.16636E-03,9.63780E-05],[1.08869E-03,9.52665E-05],[1.00474E-03,9.85705E-05],[9.16075E-04,9.68225E-05],[8.24764E-04,9.57630E-05],[7.33983E-04,9.67216E-05],[6.47746E-04,9.78579E-05],[5.83016E-04,9.82532E-05],[5.96859E-04,1.07847E-04]],[[1.62396E-03,1.01715E-04],[1.61819E-03,9.78134E-05],[1.60694E-03,9.72718E-05],[1.58858E-03,9.65747E-05],[1.55931E-03,9.61987E-05],[1.52895E-03,9.67978E-05],[1.48845E-03,9.59215E-05],[1.44591E-03,9.69730E-05],[1.39148E-03,9.68353E-05],[1.33943E-03,9.67680E-05],[1.27712E-03,9.78610E-05],[1.20965E-03,9.48508E-05],[1.13575E-03,9.49855E-05],[1.05953E-03,9.53323E-05],[9.78000E-04,9.64333E-05],[8.94594E-04,9.59485E-05],[8.06927E-04,9.66610E-05],[7.15913E-04,9.75166E-05],[6.30666E-04,9.71292E-05],[5.68521E-04,9.82617E-05],[5.80540E-04,1.07249E-04]],[[1.57555E-03,1.03054E-04],[1.57124E-03,9.81398E-05],[1.56026E-03,9.72202E-05],[1.54039E-03,9.58746E-05],[1.51368E-03,9.59506E-05],[1.47861E-03,9.68182E-05],[1.44649E-03,9.53003E-05],[1.40187E-03,9.66507E-05],[1.35258E-03,9.70338E-05],[1.29911E-03,9.59908E-05],[1.23854E-03,9.63739E-05],[1.17266E-03,9.54756E-05],[1.10229E-03,9.53545E-05],[1.02680E-03,9.54025E-05],[9.48476E-04,9.51182E-05],[8.66670E-04,9.66150E-05],[7.80732E-04,9.70088E-05],[6.94728E-04,9.74135E-05],[6.12620E-04,9.81712E-05],[5.50048E-04,9.83595E-05],[5.61652E-04,1.06735E-04]],[[1.52356E-03,1.03142E-04],[1.51241E-03,1.00341E-04],[1.50306E-03,9.75356E-05],[1.48545E-03,9.58193E-05],[1.46096E-03,9.73165E-05],[1.43027E-03,9.75241E-05],[1.39626E-03,9.65233E-05],[1.35302E-03,9.53135E-05],[1.30429E-03,9.62361E-05],[1.25377E-03,9.66667E-05],[1.19564E-03,9.56674E-05],[1.13080E-03,9.52361E-05],[1.06246E-03,9.66862E-05],[9.92531E-04,9.59989E-05],[9.15359E-04,9.67775E-05],[8.36053E-04,9.60800E-05],[7.53570E-04,9.60492E-05],[6.68009E-04,9.65099E-05],[5.90281E-04,9.83354E-05],[5.30733E-04,9.85273E-05],[5.41750E-04,1.07638E-04]],[[1.46055E-03,1.01930E-04],[1.45423E-03,9.88786E-05],[1.44353E-03,9.65672E-05],[1.42296E-03,9.80912E-05],[1.40024E-03,9.76027E-05],[1.37499E-03,9.66291E-05],[1.34078E-03,9.62147E-05],[1.29638E-03,9.64500E-05],[1.25106E-03,9.64762E-05],[1.19898E-03,9.80701E-05],[1.14693E-03,9.78350E-05],[1.08767E-03,9.64062E-05],[1.02094E-03,9.63790E-05],[9.53270E-04,9.60865E-05],[8.79912E-04,9.76526E-05],[8.02377E-04,9.66779E-05],[7.23533E-04,9.67847E-05],[6.42936E-04,9.59220E-05],[5.66055E-04,9.73990E-05],[5.08529E-04,9.98860E-05],[5.22432E-04,1.06876E-04]],[[1.39127E-03,1.02108E-04],[1.38373E-03,9.84921E-05],[1.37303E-03,9.65709E-05],[1.35665E-03,9.57467E-05],[1.33326E-03,9.73670E-05],[1.30506E-03,9.76262E-05],[1.27512E-03,9.68940E-05],[1.23882E-03,9.57432E-05],[1.19679E-03,9.69327E-05],[1.14627E-03,9.73918E-05],[1.09129E-03,9.62101E-05],[1.03569E-03,9.64580E-05],[9.71761E-04,9.64123E-05],[9.06868E-04,9.73268E-05],[8.38057E-04,9.67468E-05],[7.63444E-04,9.61950E-05],[6.88933E-04,9.77381E-05],[6.12471E-04,9.65730E-05],[5.38679E-04,9.68591E-05],[4.85187E-04,9.84773E-05],[4.97548E-04,1.07929E-04]],[[1.31748E-03,1.02523E-04],[1.31219E-03,9.91511E-05],[1.30123E-03,9.68875E-05],[1.28788E-03,9.65473E-05],[1.26562E-03,9.70528E-05],[1.24015E-03,9.59138E-05],[1.20451E-03,9.62631E-05],[1.17069E-03,9.57722E-05],[1.13219E-03,9.61953E-05],[1.08406E-03,9.63125E-05],[1.03770E-03,9.65941E-05],[9.80203E-04,9.65135E-05],[9.21326E-04,9.53552E-05],[8.59845E-04,9.61996E-05],[7.94769E-04,9.54667E-05],[7.22322E-04,9.75133E-05],[6.53173E-04,9.72317E-05],[5.80328E-04,9.69707E-05],[5.11953E-04,9.70924E-05],[4.60835E-04,9.80795E-05],[4.71380E-04,1.07968E-04]],[[1.24228E-03,1.01431E-04],[1.23570E-03,9.66760E-05],[1.22579E-03,9.69897E-05],[1.21175E-03,9.64580E-05],[1.19096E-03,9.74592E-05],[1.16554E-03,9.59005E-05],[1.13395E-03,9.64774E-05],[1.10126E-03,9.55480E-05],[1.06135E-03,9.59368E-05],[1.01942E-03,9.67149E-05],[9.72293E-04,9.66505E-05],[9.18886E-04,9.75205E-05],[8.66697E-04,9.72323E-05],[8.09234E-04,9.74324E-05],[7.45150E-04,9.69806E-05],[6.82391E-04,9.69940E-05],[6.14635E-04,9.74178E-05],[5.46665E-04,9.64025E-05],[4.80766E-04,9.86073E-05],[4.33343E-04,9.80982E-05],[4.42820E-04,1.07294E-04]],[[1.15542E-03,1.01712E-04],[1.15373E-03,9.81514E-05],[1.14140E-03,9.69818E-05],[1.12623E-03,9.67269E-05],[1.10896E-03,9.72770E-05],[1.08633E-03,9.67582E-05],[1.05897E-03,9.80904E-05],[1.02710E-03,9.61290E-05],[9.91347E-04,9.69852E-05],[9.51484E-04,9.52545E-05],[9.06320E-04,9.63882E-05],[8.59599E-04,9.68622E-05],[8.11458E-04,9.64563E-05],[7.55257E-04,9.59358E-05],[6.96378E-04,9.62182E-05],[6.35990E-04,9.58993E-05],[5.73605E-04,9.84704E-05],[5.09589E-04,9.75766E-05],[4.49816E-04,9.64340E-05],[4.04066E-04,9.79884E-05],[4.13309E-04,1.06167E-04]],[[1.06740E-03,