{
  "seed":-1080301967,
  "pop":8000,
  "Inactive_Cycles":1200,
  "Active_Cycles":2500,
  "Total_CPU_Time":1.13314E+04,
  "Total_Transport_Time":1.20044E+03,
  "Time_Per_Integration":2.45707E-09,
  "Clock_Time":1.28620E+03,
  "keff":{
    "keff":[1.01504E+00,9.00505E-05]
  },
  "fissionRate":{
    "fissionRate":[[[1.76754E-03,1.44875E-04],[1.76551E-03,1.35451E-04],[1.74774E-03,1.30337E-04],[1.72352E-03,1.30551E-04],[1.69444E-03,1.30556E-04],[1.66001E-03,1.26725E-04],[1.61340E-03,1.26935E-04],[1.57115E-03,1.23494E-04],[1.51435E-03,1.23936E-04],[1.45048E-03,1.24349E-04],[1.38531E-03,1.25597E-04],[1.31059E-03,1.28178E-04],[1.23295E-03,1.26943E-04],[1.15150E-03,1.26007E-04],[1.06377E-03,1.26892E-04],[9.70739E-04,1.26984E-04],[8.72206E-04,1.28489E-04],[7.75601E-04,1.30205E-04],[6.83434E-04,1.31680E-04],[6.18722E-04,1.32901E-04],[6.41996E-04,1.55103E-04]],[[1.76102E-03,1.34553E-04],[1.75628E-03,1.27424E-04],[1.74070E-03,1.24199E-04],[1.72119E-03,1.22995E-04],[1.69110E-03,1.21350E-04],[1.65462E-03,1.19348E-04],[1.61027E-03,1.20383E-04],[1.56166E-03,1.18676E-04],[1.50709E-03,1.20622E-04],[1.44747E-03,1.19726E-04],[1.38004E-03,1.20480E-04],[1.30779E-03,1.20472E-04],[1.22721E-03,1.21777E-04],[1.14547E-03,1.18997E-04],[1.05967E-03,1.18472E-04],[9.67249E-04,1.21320E-04],[8.67614E-04,1.21741E-04],[7.71880E-04,1.23367E-04],[6.81731E-04,1.23677E-04],[6.15759E-04,1.26569E-04],[6.40763E-04,1.48164E-04]],[[1.74685E-03,1.30360E-04],[1.74181E-03,1.22425E-04],[1.72635E-03,1.24520E-04],[1.70444E-03,1.21361E-04],[1.67111E-03,1.22512E-04],[1.64029E-03,1.18592E-04],[1.59511E-03,1.18260E-04],[1.54874E-03,1.18269E-04],[1.49612E-03,1.21047E-04],[1.43689E-03,1.17086E-04],[1.37001E-03,1.20043E-04],[1.29771E-03,1.20761E-04],[1.21830E-03,1.19519E-04],[1.13689E-03,1.18088E-04],[1.04612E-03,1.18968E-04],[9.57082E-04,1.20269E-04],[8.60630E-04,1.20010E-04],[7.65300E-04,1.22105E-04],[6.74867E-04,1.22369E-04],[6.11025E-04,1.23285E-04],[6.34485E-04,1.46826E-04]],[[1.72672E-03,1.29895E-04],[1.71677E-03,1.23514E-04],[1.70617E-03,1.21409E-04],[1.68772E-03,1.21106E-04],[1.65756E-03,1.21636E-04],[1.62084E-03,1.20542E-04],[1.58134E-03,1.17805E-04],[1.53205E-03,1.20579E-04],[1.47877E-03,1.17890E-04],[1.42111E-03,1.19176E-04],[1.35644E-03,1.20001E-04],[1.28565E-03,1.18395E-04],[1.20501E-03,1.19023E-04],[1.12122E-03,1.17053E-04],[1.03888E-03,1.17362E-04],[9.47137E-04,1.20139E-04],[8.50900E-04,1.23461E-04],[7.54898E-04,1.21684E-04],[6.65783E-04,1.22995E-04],[6.03586E-04,1.23152E-04],[6.24587E-04,1.45041E-04]],[[1.69289E-03,1.28540E-04],[1.68848E-03,1.21892E-04],[1.67869E-03,1.20751E-04],[1.65395E-03,1.19300E-04],[1.62803E-03,1.19189E-04],[1.59177E-03,1.19130E-04],[1.55279E-03,1.18360E-04],[1.50260E-03,1.17879E-04],[1.45208E-03,1.18139E-04],[1.39748E-03,1.17405E-04],[1.33079E-03,1.16818E-04],[1.26128E-03,1.18752E-04],[1.18361E-03,1.17869E-04],[1.10440E-03,1.17559E-04],[1.01984E-03,1.18266E-04],[9.27926E-04,1.18783E-04],[8.35419E-04,1.20103E-04],[7.44776E-04,1.20542E-04],[6.56234E-04,1.20126E-04],[5.93151E-04,1.25832E-04],[6.14407E-04,1.44266E-04]],[[1.65767E-03,1.26515E-04],[1.65510E-03,1.22573E-04],[1.64263E-03,1.22194E-04],[1.62307E-03,1.20397E-04],[1.59122E-03,1.18750E-04],[1.56211E-03,1.18789E-04],[1.52374E-03,1.18762E-04],[1.47567E-03,1.17194E-04],[1.42153E-03,1.18520E-04],[1.36447E-03,1.19318E-04],[1.30361E-03,1.18540E-04],[1.23100E-03,1.18076E-04],[1.16187E-03,1.18835E-04],[1.08225E-03,1.16011E-04],[9.97790E-04,1.18899E-04],[9.08890E-04,1.20636E-04],[8.20776E-04,1.18840E-04],[7.28931E-04,1.20058E-04],[6.41328E-04,1.21017E-04],[5.79978E-04,1.23862E-04],[6.03102E-04,1.43110E-04]],[[1.61799E-03,1.26154E-04],[1.61273E-03,1.22975E-04],[1.60012E-03,1.20536E-04],[1.58036E-03,1.19596E-04],[1.55631E-03,1.19786E-04],[1.52375E-03,1.16306E-04],[1.48009E-03,1.19375E-04],[1.43650E-03,1.22420E-04],[1.38973E-03,1.17616E-04],[1.33095E-03,1.17771E-04],[1.27108E-03,1.17743E-04],[1.20191E-03,1.17198E-04],[1.13105E-03,1.19275E-04],[1.05478E-03,1.17847E-04],[9.72060E-04,1.17714E-04],[8.89322E-04,1.19481E-04],[7.98845E-04,1.19171E-04],[7.08788E-04,1.21997E-04],[6.25865E-04,1.21380E-04],[5.66858E-04,1.22273E-04],[5.87292E-04,1.40423E-04]],[[1.56989E-03,1.28719E-04],[1.56739E-03,1.22382E-04],[1.55363E-03,1.19245E-04],[1.53281E-03,1.20448E-04],[1.50950E-03,1.19901E-04],[1.47442E-03,1.16845E-04],[1.43763E-03,1.19661E-04],[1.39647E-03,1.18519E-04],[1.34620E-03,1.18812E-04],[1.29105E-03,1.19375E-04],[1.23041E-03,1.19338E-04],[1.16526E-03,1.17396E-04],[1.09409E-03,1.17597E-04],[1.02409E-03,1.17711E-04],[9.41484E-04,1.17097E-04],[8.59284E-04,1.16829E-04],[7.74082E-04,1.17117E-04],[6.90026E-04,1.20087E-04],[6.07379E-04,1.23194E-04],[5.50398E-04,1.22854E-04],[5.71515E-04,1.42625E-04]],[[1.51342E-03,1.28850E-04],[1.51085E-03,1.20690E-04],[1.49686E-03,1.20303E-04],[1.47937E-03,1.20496E-04],[1.45220E-03,1.17359E-04],[1.42562E-03,1.18108E-04],[1.38848E-03,1.19648E-04],[1.34527E-03,1.16934E-04],[1.29816E-03,1.18073E-04],[1.24709E-03,1.17281E-04],[1.19012E-03,1.19101E-04],[1.12662E-03,1.19377E-04],[1.05591E-03,1.19583E-04],[9.85869E-04,1.18682E-04],[9.10079E-04,1.17315E-04],[8.29682E-04,1.18278E-04],[7.47737E-04,1.17520E-04],[6.63760E-04,1.17425E-04],[5.86377E-04,1.21060E-04],[5.30540E-04,1.22728E-04],[5.50726E-04,1.40135E-04]],[[1.45622E-03,1.23309E-04],[1.44823E-03,1.20428E-04],[1.43365E-03,1.19090E-04],[1.42182E-03,1.23422E-04],[1.39423E-03,1.19198E-04],[1.36112E-03,1.20033E-04],[1.32748E-03,1.21007E-04],[1.29146E-03,1.19134E-04],[1.24555E-03,1.16352E-04],[1.19849E-03,1.17753E-04],[1.14270E-03,1.19911E-04],[1.08031E-03,1.16979E-04],[1.01628E-03,1.18592E-04],[9.46835E-04,1.17219E-04],[8.73384E-04,1.18255E-04],[7.97372E-04,1.17340E-04],[7.17811E-04,1.19446E-04],[6.36843E-04,1.19634E-04],[5.64334E-04,1.21501E-04],[5.08411E-04,1.23826E-04],[5.28095E-04,1.44247E-04]],[[1.38770E-03,1.25808E-04],[1.38349E-03,1.22504E-04],[1.37019E-03,1.20713E-04],[1.35016E-03,1.20511E-04],[1.32646E-03,1.20206E-04],[1.30201E-03,1.19880E-04],[1.27173E-03,1.19048E-04],[1.22970E-03,1.18655E-04],[1.18864E-03,1.18525E-04],[1.13760E-03,1.18437E-04],[1.08852E-03,1.16767E-04],[1.03058E-03,1.16533E-04],[9.68176E-04,1.16511E-04],[9.01124E-04,1.18673E-04],[8.35275E-04,1.17877E-04],[7.60673E-04,1.21663E-04],[6.83556E-04,1.19753E-04],[6.07442E-04,1.19057E-04],[5.36864E-04,1.19875E-04],[4.86153E-04,1.21297E-04],[5.03493E-04,1.41131E-04]],[[1.31254E-03,1.27058E-04],[1.30694E-03,1.20720E-04],[1.29761E-03,1.20303E-04],[1.27852E-03,1.19534E-04],[1.25757E-03,1.18660E-04],[1.23191E-03,1.18103E-04],[1.20209E-03,1.19273E-04],[1.16773E-03,1.18466E-04],[1.12173E-03,1.19142E-04],[1.07897E-03,1.17559E-04],[1.02720E-03,1.19928E-04],[9.75515E-04,1.19101E-04],[9.17714E-04,1.18304E-04],[8.54803E-04,1.19455E-04],[7.89388E-04,1.17276E-04],[7.23100E-04,1.20505E-04],[6.49345E-04,1.20085E-04],[5.75988E-04,1.20141E-04],[5.10145E-04,1.18977E-04],[4.60133E-04,1.22403E-04],[4.77174E-04,1.42910E-04]],[[1.23599E-03,1.24982E-04],[1.22874E-03,1.21761E-04],[1.21755E-03,1.20528E-04],[1.20392E-03,1.19724E-04],[1.18174E-03,1.18656E-04],[1.16013E-03,1.17779E-04],[1.12746E-03,1.18921E-04],[1.09486E-03,1.18403E-04],[1.05904E-03,1.17624E-04],[1.01303E-03,1.17587E-04],[9.66193E-04,1.18351E-04],[9.17844E-04,1.17441E-04],[8.61718E-04,1.19667E-04],[8.03536E-04,1.20067E-04],[7.42899E-04,1.18650E-04],[6.77597E-04,1.20625E-04],[6.10122E-04,1.18572E-04],[5.42039E-04,1.18814E-04],[4.78881E-04,1.21275E-04],[4.31657E-04,1.21886E-04],[4.48841E-04,1.43332E-04]],[[1.14952E-03,1.25785E-04],[1.14602E-03,1.23279E-04],[1.13630E-03,1.19578E-04],[1.12497E-03,1.18428E-04],[1.10331E-03,1.17520E-04],[1.08185E-03,1.22902E-04],[1.05365E-03,1.20952E-04],[1.01936E-03,1.19878E-04],[9.85085E-04,1.20246E-04],[9.44855E-04,1.19508E-04],[9.00973E-04,1.18757E-04],[8.53883E-04,1.16968E-04],[8.01382E-04,1.18648E-04],[7.49058E-04,1.20557E-04],[6.92921E-04,1.18650E-04],[6.32009E-04,1.18233E-04],[5.68902E-04,1.20122E-04],[5.04898E-04,1.19873E-04],[4.45122E-04,1.18986E-04],[4.03298E-04,1.22353E-04],[4.20383E-04,1.40029E-04]],[[1.06175E-03,