{
  "seed":-902733942,
  "pop":10000,
  "Inactive_Cycles":1200,
  "Active_Cycles":2500,
  "Total_CPU_Time":3.82196E+04,
  "Total_Transport_Time":3.68109E+02,
  "Time_Per_Integration":1.25122E-10,
  "Clock_Time":6.02955E+02,
  "keff":{
    "keff":[1.02049E+00,7.31585E-05]
  },
  "fissionRate":{
    "fissionRate":[[[1.77387E-03,5.85460E-05],[1.76400E-03,5.82559E-05],[1.75382E-03,5.76840E-05],[1.73017E-03,5.79699E-05],[1.70285E-03,5.77110E-05],[1.66761E-03,5.78415E-05],[1.62605E-03,5.78079E-05],[1.57245E-03,5.80505E-05],[1.51767E-03,5.78181E-05],[1.45806E-03,5.74373E-05],[1.39412E-03,5.73860E-05],[1.32153E-03,5.73865E-05],[1.24143E-03,5.82347E-05],[1.15801E-03,5.76025E-05],[1.06774E-03,5.77449E-05],[9.75069E-04,5.76042E-05],[8.79835E-04,5.81826E-05],[7.82866E-04,5.84120E-05],[6.92323E-04,5.86915E-05],[6.27176E-04,5.99091E-05],[6.43431E-04,6.41908E-05]],[[1.76341E-03,5.79481E-05],[1.75909E-03,5.73849E-05],[1.74864E-03,5.73517E-05],[1.72355E-03,5.76156E-05],[1.69757E-03,5.67727E-05],[1.66050E-03,5.71366E-05],[1.61700E-03,5.73716E-05],[1.56680E-03,5.69073E-05],[1.51691E-03,5.70271E-05],[1.45445E-03,5.72756E-05],[1.38846E-03,5.69098E-05],[1.31480E-03,5.69608E-05],[1.23485E-03,5.74584E-05],[1.14988E-03,5.72197E-05],[1.06492E-03,5.73165E-05],[9.73130E-04,5.72807E-05],[8.75817E-04,5.71451E-05],[7.78683E-04,5.78454E-05],[6.91701E-04,5.82752E-05],[6.23063E-04,5.93389E-05],[6.40399E-04,6.32804E-05]],[[1.75425E-03,5.83053E-05],[1.74723E-03,5.73644E-05],[1.73641E-03,5.68458E-05],[1.70958E-03,5.70686E-05],[1.67992E-03,5.69053E-05],[1.64698E-03,5.71047E-05],[1.60527E-03,5.71098E-05],[1.56015E-03,5.72066E-05],[1.50253E-03,5.70446E-05],[1.44450E-03,5.67477E-05],[1.37751E-03,5.68976E-05],[1.30507E-03,5.70550E-05],[1.22531E-03,5.71014E-05],[1.14351E-03,5.73013E-05],[1.05761E-03,5.71319E-05],[9.65453E-04,5.72203E-05],[8.70250E-04,5.69869E-05],[7.75363E-04,5.73972E-05],[6.83505E-04,5.74221E-05],[6.18254E-04,5.92715E-05],[6.36187E-04,6.26851E-05]],[[1.73385E-03,5.79633E-05],[1.72669E-03,5.68868E-05],[1.71248E-03,5.72671E-05],[1.68759E-03,5.73002E-05],[1.66351E-03,5.73571E-05],[1.62479E-03,5.73650E-05],[1.58617E-03,5.71768E-05],[1.53697E-03,5.68451E-05],[1.48530E-03,5.67368E-05],[1.42495E-03,5.69830E-05],[1.35797E-03,5.72848E-05],[1.28755E-03,5.69424E-05],[1.21196E-03,5.72131E-05],[1.12733E-03,5.73437E-05],[1.04423E-03,5.70976E-05],[9.51962E-04,5.72082E-05],[8.58659E-04,5.76444E-05],[7.65282E-04,5.68450E-05],[6.75696E-04,5.77830E-05],[6.10125E-04,5.88829E-05],[6.25646E-04,6.32836E-05]],[[1.70554E-03,5.80106E-05],[1.69805E-03,5.72219E-05],[1.68770E-03,5.71728E-05],[1.66325E-03,5.70737E-05],[1.63650E-03,5.68814E-05],[1.59822E-03,5.71565E-05],[1.55795E-03,5.70075E-05],[1.51169E-03,5.69524E-05],[1.46176E-03,5.66579E-05],[1.40213E-03,5.71595E-05],[1.33672E-03,5.68458E-05],[1.26621E-03,5.68842E-05],[1.19120E-03,5.67577E-05],[1.10899E-03,5.70389E-05],[1.02415E-03,5.68020E-05],[9.35297E-04,5.71404E-05],[8.43923E-04,5.74611E-05],[7.52212E-04,5.73099E-05],[6.64984E-04,5.76194E-05],[6.00798E-04,5.92246E-05],[6.17497E-04,6.32027E-05]],[[1.67045E-03,5.73768E-05],[1.66556E-03,5.68552E-05],[1.64967E-03,5.70368E-05],[1.62879E-03,5.66636E-05],[1.59883E-03,5.70201E-05],[1.56824E-03,5.71250E-05],[1.52475E-03,5.72169E-05],[1.47988E-03,5.70258E-05],[1.42940E-03,5.67782E-05],[1.37271E-03,5.68786E-05],[1.30957E-03,5.63701E-05],[1.23987E-03,5.70500E-05],[1.16616E-03,5.67869E-05],[1.08763E-03,5.68757E-05],[1.00224E-03,5.68778E-05],[9.17127E-04,5.76559E-05],[8.27525E-04,5.75028E-05],[7.36350E-04,5.76667E-05],[6.51880E-04,5.75447E-05],[5.87895E-04,5.87755E-05],[6.05151E-04,6.31441E-05]],[[1.62997E-03,5.79409E-05],[1.62041E-03,5.68306E-05],[1.60927E-03,5.70356E-05],[1.58754E-03,5.65399E-05],[1.56002E-03,5.69192E-05],[1.52996E-03,5.69222E-05],[1.48835E-03,5.74502E-05],[1.44413E-03,5.72994E-05],[1.39515E-03,5.69613E-05],[1.33447E-03,5.70514E-05],[1.27548E-03,5.65873E-05],[1.20932E-03,5.69929E-05],[1.13764E-03,5.71111E-05],[1.06122E-03,5.70780E-05],[9.80467E-04,5.70272E-05],[8.93840E-04,5.73331E-05],[8.06190E-04,5.70926E-05],[7.17491E-04,5.71818E-05],[6.34645E-04,5.78569E-05],[5.73328E-04,5.89188E-05],[5.89788E-04,6.33465E-05]],[[1.57867E-03,5.76872E-05],[1.57245E-03,5.71091E-05],[1.55832E-03,5.72321E-05],[1.54155E-03,5.66770E-05],[1.51417E-03,5.71442E-05],[1.48160E-03,5.70460E-05],[1.44336E-03,5.74149E-05],[1.40412E-03,5.66208E-05],[1.35479E-03,5.69871E-05],[1.29534E-03,5.72572E-05],[1.23540E-03,5.68193E-05],[1.17387E-03,5.70429E-05],[1.10364E-03,5.69058E-05],[1.02826E-03,5.71242E-05],[9.51056E-04,5.69860E-05],[8.68025E-04,5.69785E-05],[7.81830E-04,5.72358E-05],[6.96535E-04,5.71697E-05],[6.15457E-04,5.77933E-05],[5.57422E-04,5.83448E-05],[5.72117E-04,6.31470E-05]],[[1.52791E-03,5.77852E-05],[1.51919E-03,5.65650E-05],[1.50365E-03,5.70544E-05],[1.48701E-03,5.70496E-05],[1.46195E-03,5.72106E-05],[1.43110E-03,5.69405E-05],[1.39480E-03,5.66803E-05],[1.35183E-03,5.67166E-05],[1.30603E-03,5.67879E-05],[1.25133E-03,5.73487E-05],[1.19545E-03,5.71630E-05],[1.13345E-03,5.68043E-05],[1.06518E-03,5.70031E-05],[9.91987E-04,5.72206E-05],[9.15199E-04,5.68697E-05],[8.36504E-04,5.69758E-05],[7.55376E-04,5.71135E-05],[6.73402E-04,5.73400E-05],[5.95075E-04,5.78041E-05],[5.36824E-04,5.92436E-05],[5.52066E-04,6.30162E-05]],[[1.46128E-03,5.77649E-05],[1.45683E-03,5.71648E-05],[1.44235E-03,5.69502E-05],[1.42784E-03,5.70346E-05],[1.40157E-03,5.71837E-05],[1.37549E-03,5.70516E-05],[1.33710E-03,5.73292E-05],[1.29838E-03,5.67704E-05],[1.25268E-03,5.71151E-05],[1.20056E-03,5.69152E-05],[1.14798E-03,5.69919E-05],[1.08667E-03,5.71179E-05],[1.02225E-03,5.71462E-05],[9.53363E-04,5.71179E-05],[8.79814E-04,5.71609E-05],[8.04137E-04,5.70136E-05],[7.25943E-04,5.71389E-05],[6.45706E-04,5.70760E-05],[5.71939E-04,5.78548E-05],[5.15915E-04,5.89180E-05],[5.30991E-04,6.26231E-05]],[[1.39736E-03,5.76076E-05],[1.38899E-03,5.65501E-05],[1.37949E-03,5.70598E-05],[1.36241E-03,5.67525E-05],[1.33823E-03,5.71330E-05],[1.31117E-03,5.69131E-05],[1.27941E-03,5.68778E-05],[1.23939E-03,5.69655E-05],[1.19524E-03,5.73282E-05],[1.14657E-03,5.66296E-05],[1.09538E-03,5.74788E-05],[1.03857E-03,5.67985E-05],[9.75694E-04,5.69034E-05],[9.08377E-04,5.70093E-05],[8.40180E-04,5.69584E-05],[7.66131E-04,5.72520E-05],[6.91613E-04,5.71234E-05],[6.16232E-04,5.74381E-05],[5.45226E-04,5.79487E-05],[4.92554E-04,5.89287E-05],[5.06579E-04,6.30521E-05]],[[1.32364E-03,5.78667E-05],[1.31635E-03,5.72368E-05],[1.30764E-03,5.68028E-05],[1.29135E-03,5.70181E-05],[1.27026E-03,5.71901E-05],[1.24588E-03,5.66540E-05],[1.20993E-03,5.72885E-05],[1.17493E-03,5.68749E-05],[1.13204E-03,5.71032E-05],[1.08546E-03,5.69002E-05],[1.03862E-03,5.69025E-05],[9.83492E-04,5.66580E-05],[9.25029E-04,5.69848E-05],[8.62378E-04,5.72702E-05],[7.96776E-04,5.69954E-05],[7.27528E-04,5.73933E-05],[6.55369E-04,5.69159E-05],[5.84141E-04,5.73826E-05],[5.16522E-04,5.76847E-05],[4.67803E-04,5.83621E-05],[4.79672E-04,6.30979E-05]],[[1.24104E-03,5.77548E-05],[1.23973E-03,5.72996E-05],[1.22776E-03,5.66530E-05],[1.21467E-03,5.73466E-05],[1.19330E-03,5.68378E-05],[1.16827E-03,5.68249E-05],[1.13992E-03,5.70346E-05],[1.10354E-03,5.72279E-05],[1.06681E-03,5.67234E-05],[1.02373E-03,5.70672E-05],[9.75373E-04,5.71090E-05],[9.24885E-04,5.68660E-05],[8.70470E-04,5.72557E-05],[8.10078E-04,5.70645E-05],[7.49097E-04,5.73695E-05],[6.83226E-04,5.72516E-05],[6.17439E-04,5.72252E-05],[5.49459E-04,5.73402E-05],[4.86457E-04,5.77356E-05],[4.39426E-04,5.89146E-05],[4.52118E-04,6.32766E-05]],[[1.15914E-03,5.78193E-05],[1.15694E-03,5.69788E-05],[1.14607E-03,5.69993E-05],[1.13232E-03,5.65309E-05],[1.11373E-03,5.67164E-05],[1.08932E-03,5.70783E-05],[1.06415E-03,5.71496E-05],[1.03218E-03,5.72129E-05],[9.94499E-04,5.69829E-05],[9.54250E-04,5.71977E-05],[9.09497E-04,5.69771E-05],[8.63395E-04,5.71623E-05],[8.12540E-04,5.71491E-05],[7.56613E-04,5.73317E-05],[6.98203E-04,5.71594E-05],[6.36782E-04,5.71228E-05],[5.75558E-04,5.69985E-05],[5.12889E-04,5.74962E-05],[4.52976E-04,5.76683E-05],[4.10290E-04,5.86855E-05],[4.21425E-04,6.33032E-05]],[[1.07103E-03,