{
  "seed":1974374572,
  "pop":10000,
  "Inactive_Cycles":1200,
  "Active_Cycles":2500,
  "Total_CPU_Time":2.89044E+05,
  "Total_Transport_Time":3.42026E+03,
  "Time_Per_Integration":1.16242E-09,
  "Clock_Time":3.89107E+03,
  "keff":{
    "keff":[1.01629E+00,7.69887E-05]
  },
  "fissionRate":{
    "fissionRate":[[[1.76503E-03,5.55767E-05],[1.75648E-03,5.48603E-05],[1.74462E-03,5.45789E-05],[1.72318E-03,5.43782E-05],[1.69471E-03,5.47361E-05],[1.65850E-03,5.43902E-05],[1.61727E-03,5.45440E-05],[1.56775E-03,5.42250E-05],[1.51047E-03,5.45410E-05],[1.44929E-03,5.46664E-05],[1.38115E-03,5.46653E-05],[1.30933E-03,5.41893E-05],[1.23265E-03,5.47606E-05],[1.14848E-03,5.42255E-05],[1.06009E-03,5.47384E-05],[9.68184E-04,5.45970E-05],[8.73492E-04,5.43644E-05],[7.76852E-04,5.47739E-05],[6.83823E-04,5.53269E-05],[6.21211E-04,5.65675E-05],[6.41935E-04,6.06991E-05]],[[1.75909E-03,5.46476E-05],[1.75002E-03,5.46886E-05],[1.73630E-03,5.40182E-05],[1.71236E-03,5.41789E-05],[1.68717E-03,5.39391E-05],[1.65254E-03,5.39109E-05],[1.60894E-03,5.38352E-05],[1.56130E-03,5.42058E-05],[1.50714E-03,5.37713E-05],[1.44361E-03,5.37871E-05],[1.37697E-03,5.40794E-05],[1.30593E-03,5.40003E-05],[1.22942E-03,5.40852E-05],[1.14377E-03,5.39965E-05],[1.05673E-03,5.39107E-05],[9.63732E-04,5.42001E-05],[8.67627E-04,5.43334E-05],[7.71709E-04,5.40712E-05],[6.82739E-04,5.43317E-05],[6.17430E-04,5.57838E-05],[6.38060E-04,5.96820E-05]],[[1.74628E-03,5.46826E-05],[1.73756E-03,5.42862E-05],[1.72205E-03,5.40818E-05],[1.69892E-03,5.40958E-05],[1.67071E-03,5.34397E-05],[1.63676E-03,5.37997E-05],[1.59824E-03,5.41490E-05],[1.54871E-03,5.38649E-05],[1.49212E-03,5.36434E-05],[1.43096E-03,5.37033E-05],[1.36487E-03,5.39903E-05],[1.29437E-03,5.39394E-05],[1.22121E-03,5.37759E-05],[1.13684E-03,5.40453E-05],[1.04966E-03,5.36665E-05],[9.56239E-04,5.45201E-05],[8.62250E-04,5.43107E-05],[7.66768E-04,5.43645E-05],[6.77579E-04,5.44555E-05],[6.14692E-04,5.57901E-05],[6.33232E-04,5.98403E-05]],[[1.72563E-03,5.44340E-05],[1.71876E-03,5.37758E-05],[1.70364E-03,5.39497E-05],[1.68252E-03,5.35661E-05],[1.65002E-03,5.38747E-05],[1.61996E-03,5.36395E-05],[1.57597E-03,5.38286E-05],[1.52919E-03,5.36253E-05],[1.47598E-03,5.34540E-05],[1.41676E-03,5.37415E-05],[1.35262E-03,5.38306E-05],[1.28014E-03,5.37529E-05],[1.20462E-03,5.35448E-05],[1.12215E-03,5.41815E-05],[1.03655E-03,5.42290E-05],[9.45286E-04,5.43468E-05],[8.51391E-04,5.39484E-05],[7.56871E-04,5.42922E-05],[6.68308E-04,5.44469E-05],[6.07141E-04,5.54001E-05],[6.27315E-04,5.96748E-05]],[[1.69843E-03,5.43173E-05],[1.68749E-03,5.38450E-05],[1.67334E-03,5.37800E-05],[1.65179E-03,5.41136E-05],[1.62640E-03,5.38308E-05],[1.59216E-03,5.39021E-05],[1.55108E-03,5.37563E-05],[1.50087E-03,5.36085E-05],[1.45332E-03,5.39166E-05],[1.39349E-03,5.38375E-05],[1.32903E-03,5.38967E-05],[1.25962E-03,5.37123E-05],[1.18553E-03,5.37791E-05],[1.10460E-03,5.41600E-05],[1.01834E-03,5.39229E-05],[9.29575E-04,5.40373E-05],[8.39037E-04,5.37809E-05],[7.45180E-04,5.42518E-05],[6.58797E-04,5.46111E-05],[5.96037E-04,5.57765E-05],[6.16644E-04,5.97739E-05]],[[1.65732E-03,5.45444E-05],[1.65091E-03,5.40047E-05],[1.63916E-03,5.37839E-05],[1.61925E-03,5.38401E-05],[1.59072E-03,5.41018E-05],[1.55712E-03,5.38843E-05],[1.51660E-03,5.39054E-05],[1.47200E-03,5.41122E-05],[1.42445E-03,5.38909E-05],[1.36423E-03,5.40663E-05],[1.30223E-03,5.39540E-05],[1.23447E-03,5.38423E-05],[1.16149E-03,5.37673E-05],[1.08114E-03,5.40239E-05],[9.98495E-04,5.36100E-05],[9.10923E-04,5.39552E-05],[8.22269E-04,5.39345E-05],[7.30046E-04,5.42886E-05],[6.46367E-04,5.43179E-05],[5.83831E-04,5.57289E-05],[6.03901E-04,5.99511E-05]],[[1.61924E-03,5.43654E-05],[1.60890E-03,5.38130E-05],[1.59863E-03,5.40053E-05],[1.57806E-03,5.38430E-05],[1.55239E-03,5.38115E-05],[1.52048E-03,5.37181E-05],[1.48097E-03,5.36361E-05],[1.43787E-03,5.38788E-05],[1.38698E-03,5.36314E-05],[1.33089E-03,5.36879E-05],[1.26803E-03,5.33409E-05],[1.20287E-03,5.38152E-05],[1.13114E-03,5.37675E-05],[1.05394E-03,5.38799E-05],[9.74023E-04,5.41513E-05],[8.89145E-04,5.38913E-05],[7.99936E-04,5.40736E-05],[7.12403E-04,5.43474E-05],[6.30177E-04,5.42604E-05],[5.70546E-04,5.53081E-05],[5.89576E-04,5.96881E-05]],[[1.56827E-03,5.45276E-05],[1.56439E-03,5.39171E-05],[1.54982E-03,5.42094E-05],[1.52984E-03,5.40578E-05],[1.50597E-03,5.39079E-05],[1.47591E-03,5.35961E-05],[1.43711E-03,5.33730E-05],[1.39426E-03,5.36968E-05],[1.34506E-03,5.39866E-05],[1.29240E-03,5.40451E-05],[1.23088E-03,5.38246E-05],[1.16737E-03,5.40785E-05],[1.09919E-03,5.38423E-05],[1.02246E-03,5.35255E-05],[9.46062E-04,5.37447E-05],[8.63546E-04,5.39901E-05],[7.76859E-04,5.39779E-05],[6.92398E-04,5.42238E-05],[6.10018E-04,5.40777E-05],[5.54729E-04,5.55388E-05],[5.71316E-04,6.02459E-05]],[[1.51647E-03,5.47310E-05],[1.50892E-03,5.36254E-05],[1.49811E-03,5.35374E-05],[1.47825E-03,5.38974E-05],[1.45337E-03,5.39815E-05],[1.42187E-03,5.38249E-05],[1.38623E-03,5.39025E-05],[1.34640E-03,5.37437E-05],[1.29710E-03,5.36043E-05],[1.24369E-03,5.37080E-05],[1.18917E-03,5.39288E-05],[1.12710E-03,5.39721E-05],[1.06173E-03,5.36819E-05],[9.88802E-04,5.35930E-05],[9.12298E-04,5.40071E-05],[8.32496E-04,5.39135E-05],[7.49955E-04,5.38087E-05],[6.66010E-04,5.41960E-05],[5.90685E-04,5.45067E-05],[5.34632E-04,5.50684E-05],[5.52504E-04,5.99317E-05]],[[1.45655E-03,5.46567E-05],[1.44917E-03,5.41436E-05],[1.43523E-03,5.37376E-05],[1.41732E-03,5.40357E-05],[1.39527E-03,5.36770E-05],[1.36856E-03,5.38003E-05],[1.33104E-03,5.39091E-05],[1.28933E-03,5.36295E-05],[1.24535E-03,5.36396E-05],[1.19809E-03,5.33384E-05],[1.14068E-03,5.37182E-05],[1.08011E-03,5.38774E-05],[1.01528E-03,5.39229E-05],[9.48604E-04,5.37716E-05],[8.77254E-04,5.39025E-05],[7.99685E-04,5.38585E-05],[7.19747E-04,5.41577E-05],[6.41646E-04,5.43119E-05],[5.65450E-04,5.47098E-05],[5.12708E-04,5.49737E-05],[5.30719E-04,5.97693E-05]],[[1.38795E-03,5.44580E-05],[1.37851E-03,5.38934E-05],[1.36855E-03,5.33754E-05],[1.35321E-03,5.37272E-05],[1.33020E-03,5.38057E-05],[1.30358E-03,5.37209E-05],[1.26971E-03,5.36118E-05],[1.22956E-03,5.38346E-05],[1.18799E-03,5.38121E-05],[1.13865E-03,5.37090E-05],[1.08924E-03,5.38372E-05],[1.03105E-03,5.33493E-05],[9.69341E-04,5.36781E-05],[9.03909E-04,5.41624E-05],[8.35892E-04,5.35924E-05],[7.62460E-04,5.37869E-05],[6.86551E-04,5.39791E-05],[6.10446E-04,5.41538E-05],[5.40800E-04,5.45124E-05],[4.89767E-04,5.55276E-05],[5.05019E-04,5.97927E-05]],[[1.31423E-03,5.45784E-05],[1.30787E-03,5.39047E-05],[1.29761E-03,5.39329E-05],[1.28020E-03,5.38881E-05],[1.25872E-03,5.35396E-05],[1.23398E-03,5.39003E-05],[1.20187E-03,5.38297E-05],[1.16533E-03,5.38893E-05],[1.12490E-03,5.38922E-05],[1.08070E-03,5.37486E-05],[1.03440E-03,5.34894E-05],[9.76052E-04,5.36978E-05],[9.19111E-04,5.38028E-05],[8.58793E-04,5.34187E-05],[7.91695E-04,5.36079E-05],[7.22253E-04,5.37388E-05],[6.51505E-04,5.39775E-05],[5.79861E-04,5.40194E-05],[5.12199E-04,5.42543E-05],[4.63952E-04,5.56425E-05],[4.79572E-04,5.99109E-05]],[[1.23635E-03,5.51310E-05],[1.23200E-03,5.41252E-05],[1.21963E-03,5.41291E-05],[1.20586E-03,5.36851E-05],[1.18610E-03,5.36872E-05],[1.15784E-03,5.37916E-05],[1.13093E-03,5.37702E-05],[1.10005E-03,5.35283E-05],[1.05877E-03,5.34732E-05],[1.01612E-03,5.36475E-05],[9.70495E-04,5.36381E-05],[9.19028E-04,5.36944E-05],[8.63671E-04,5.37809E-05],[8.06191E-04,5.37849E-05],[7.45654E-04,5.38339E-05],[6.80000E-04,5.33920E-05],[6.12597E-04,5.37104E-05],[5.45453E-04,5.41229E-05],[4.81994E-04,5.41640E-05],[4.36212E-04,5.54577E-05],[4.51971E-04,5.97391E-05]],[[1.15103E-03,5.49978E-05],[1.14497E-03,5.40407E-05],[1.13763E-03,5.40100E-05],[1.12399E-03,5.38335E-05],[1.10466E-03,5.38608E-05],[1.08269E-03,5.37710E-05],[1.05450E-03,5.35702E-05],[1.02483E-03,5.35281E-05],[9.89520E-04,5.38552E-05],[9.48188E-04,5.40399E-05],[9.04557E-04,5.39354E-05],[8.56791E-04,5.36873E-05],[8.06101E-04,5.39542E-05],[7.52093E-04,5.39024E-05],[6.93164E-04,5.37447E-05],[6.33282E-04,5.41721E-05],[5.72006E-04,5.38045E-05],[5.08211E-04,5.41118E-05],[4.49773E-04,5.42367E-05],[4.08514E-04,5.50755E-05],[4.21634E-04,5.97635E-05]],[[1.06414E-03,