{
  "seed":189058533,
  "pop":8000,
  "Inactive_Cycles":1200,
  "Active_Cycles":2500,
  "Total_CPU_Time":3.22876E+04,
  "Total_Transport_Time":2.89229E+02,
  "Time_Per_Integration":1.22876E-10,
  "Clock_Time":5.23677E+02,
  "keff":{
    "keff":[1.02051E+00,7.89930E-05]
  },
  "fissionRate":{
    "fissionRate":[[[1.77615E-03,6.64023E-05],[1.76770E-03,6.51401E-05],[1.75079E-03,6.47656E-05],[1.72965E-03,6.46126E-05],[1.70021E-03,6.51131E-05],[1.66582E-03,6.45707E-05],[1.62447E-03,6.45906E-05],[1.57608E-03,6.42105E-05],[1.52008E-03,6.43288E-05],[1.45783E-03,6.45020E-05],[1.39408E-03,6.47447E-05],[1.32127E-03,6.45319E-05],[1.23944E-03,6.42948E-05],[1.15826E-03,6.47798E-05],[1.07006E-03,6.47598E-05],[9.77346E-04,6.50718E-05],[8.82695E-04,6.55188E-05],[7.84467E-04,6.55383E-05],[6.95049E-04,6.54412E-05],[6.27952E-04,6.69865E-05],[6.45077E-04,7.19073E-05]],[[1.76766E-03,6.51479E-05],[1.75715E-03,6.44662E-05],[1.74585E-03,6.39797E-05],[1.72125E-03,6.40359E-05],[1.69591E-03,6.39649E-05],[1.65890E-03,6.36121E-05],[1.61932E-03,6.41369E-05],[1.56986E-03,6.39489E-05],[1.51504E-03,6.39359E-05],[1.45369E-03,6.44230E-05],[1.38584E-03,6.35971E-05],[1.31231E-03,6.40973E-05],[1.23488E-03,6.38007E-05],[1.15133E-03,6.40503E-05],[1.06406E-03,6.40201E-05],[9.72431E-04,6.38492E-05],[8.76236E-04,6.39730E-05],[7.82689E-04,6.40914E-05],[6.91727E-04,6.45926E-05],[6.23957E-04,6.64615E-05],[6.42868E-04,7.04473E-05]],[[1.75180E-03,6.44793E-05],[1.74858E-03,6.43881E-05],[1.72896E-03,6.37396E-05],[1.70913E-03,6.37625E-05],[1.67775E-03,6.35040E-05],[1.64824E-03,6.34864E-05],[1.60644E-03,6.40801E-05],[1.55965E-03,6.36412E-05],[1.50225E-03,6.38032E-05],[1.43890E-03,6.38792E-05],[1.37214E-03,6.37841E-05],[1.30309E-03,6.38530E-05],[1.22527E-03,6.38638E-05],[1.14100E-03,6.42517E-05],[1.05611E-03,6.39300E-05],[9.64885E-04,6.38914E-05],[8.71570E-04,6.39883E-05],[7.75596E-04,6.41410E-05],[6.85398E-04,6.47382E-05],[6.21485E-04,6.60665E-05],[6.37925E-04,7.08642E-05]],[[1.73034E-03,6.48748E-05],[1.72444E-03,6.36561E-05],[1.71140E-03,6.35040E-05],[1.68900E-03,6.36412E-05],[1.66035E-03,6.39852E-05],[1.62509E-03,6.41914E-05],[1.58224E-03,6.39575E-05],[1.53968E-03,6.39828E-05],[1.48620E-03,6.39510E-05],[1.42579E-03,6.40222E-05],[1.35841E-03,6.39633E-05],[1.28575E-03,6.38875E-05],[1.20850E-03,6.39130E-05],[1.12814E-03,6.36626E-05],[1.04282E-03,6.40327E-05],[9.52980E-04,6.40527E-05],[8.61171E-04,6.38292E-05],[7.66008E-04,6.46517E-05],[6.77153E-04,6.49085E-05],[6.12026E-04,6.62306E-05],[6.29968E-04,7.03602E-05]],[[1.70395E-03,6.41776E-05],[1.69925E-03,6.38149E-05],[1.67518E-03,6.38765E-05],[1.66013E-03,6.36366E-05],[1.63309E-03,6.36905E-05],[1.60125E-03,6.35838E-05],[1.56008E-03,6.33306E-05],[1.51121E-03,6.38185E-05],[1.46129E-03,6.38815E-05],[1.39987E-03,6.34530E-05],[1.33685E-03,6.37093E-05],[1.26407E-03,6.39824E-05],[1.19095E-03,6.42238E-05],[1.11166E-03,6.41700E-05],[1.02412E-03,6.40361E-05],[9.38272E-04,6.40400E-05],[8.44851E-04,6.41016E-05],[7.53718E-04,6.49004E-05],[6.66607E-04,6.46842E-05],[6.02525E-04,6.55583E-05],[6.20344E-04,7.04469E-05]],[[1.66888E-03,6.44205E-05],[1.65788E-03,6.40836E-05],[1.64861E-03,6.37974E-05],[1.62914E-03,6.42026E-05],[1.60109E-03,6.33792E-05],[1.56602E-03,6.37523E-05],[1.52736E-03,6.37165E-05],[1.48096E-03,6.35411E-05],[1.42872E-03,6.38313E-05],[1.37047E-03,6.39884E-05],[1.30700E-03,6.33797E-05],[1.24122E-03,6.42112E-05],[1.16807E-03,6.37532E-05],[1.09062E-03,6.38579E-05],[1.00702E-03,6.38081E-05],[9.18239E-04,6.39700E-05],[8.26912E-04,6.42004E-05],[7.37619E-04,6.43730E-05],[6.52432E-04,6.48841E-05],[5.90201E-04,6.60224E-05],[6.06011E-04,7.06762E-05]],[[1.62748E-03,6.40758E-05],[1.62155E-03,6.38324E-05],[1.60687E-03,6.38778E-05],[1.58518E-03,6.37078E-05],[1.55709E-03,6.35813E-05],[1.52597E-03,6.36281E-05],[1.48685E-03,6.37988E-05],[1.44486E-03,6.36325E-05],[1.39589E-03,6.33846E-05],[1.33863E-03,6.31398E-05],[1.27492E-03,6.40389E-05],[1.20684E-03,6.37795E-05],[1.13702E-03,6.38392E-05],[1.06143E-03,6.38942E-05],[9.83205E-04,6.37342E-05],[8.94151E-04,6.41262E-05],[8.07963E-04,6.41719E-05],[7.18951E-04,6.42621E-05],[6.34881E-04,6.49957E-05],[5.76028E-04,6.60499E-05],[5.91184E-04,7.12674E-05]],[[1.57484E-03,6.46362E-05],[1.56843E-03,6.38308E-05],[1.56036E-03,6.35635E-05],[1.53995E-03,6.32606E-05],[1.51430E-03,6.38656E-05],[1.47971E-03,6.39697E-05],[1.44315E-03,6.34824E-05],[1.40109E-03,6.36551E-05],[1.35440E-03,6.38761E-05],[1.29820E-03,6.35878E-05],[1.23617E-03,6.33883E-05],[1.17334E-03,6.31646E-05],[1.10112E-03,6.38638E-05],[1.02936E-03,6.39222E-05],[9.50960E-04,6.39609E-05],[8.66565E-04,6.38248E-05],[7.83018E-04,6.38726E-05],[6.98046E-04,6.41046E-05],[6.17408E-04,6.46260E-05],[5.57122E-04,6.53987E-05],[5.72841E-04,7.10476E-05]],[[1.52266E-03,6.43701E-05],[1.51592E-03,6.39767E-05],[1.50592E-03,6.40438E-05],[1.48455E-03,6.39647E-05],[1.46163E-03,6.37131E-05],[1.43144E-03,6.34423E-05],[1.39502E-03,6.36444E-05],[1.35278E-03,6.36982E-05],[1.30542E-03,6.36982E-05],[1.25167E-03,6.37506E-05],[1.19172E-03,6.41265E-05],[1.13170E-03,6.35807E-05],[1.06354E-03,6.40832E-05],[9.91393E-04,6.41256E-05],[9.17803E-04,6.40520E-05],[8.36691E-04,6.39856E-05],[7.53839E-04,6.38607E-05],[6.71923E-04,6.40459E-05],[5.93818E-04,6.44429E-05],[5.37119E-04,6.55599E-05],[5.51870E-04,7.10555E-05]],[[1.46240E-03,6.47011E-05],[1.45297E-03,6.40835E-05],[1.44309E-03,6.35540E-05],[1.42435E-03,6.39572E-05],[1.40183E-03,6.41110E-05],[1.37328E-03,6.34815E-05],[1.33880E-03,6.36820E-05],[1.29834E-03,6.38562E-05],[1.25447E-03,6.40362E-05],[1.20286E-03,6.29802E-05],[1.14693E-03,6.38010E-05],[1.08587E-03,6.34317E-05],[1.02226E-03,6.35065E-05],[9.53973E-04,6.35563E-05],[8.79220E-04,6.43451E-05],[8.04910E-04,6.39113E-05],[7.23551E-04,6.39911E-05],[6.44076E-04,6.44737E-05],[5.68780E-04,6.48765E-05],[5.15700E-04,6.55499E-05],[5.30009E-04,7.07716E-05]],[[1.39305E-03,6.46166E-05],[1.38899E-03,6.38614E-05],[1.37749E-03,6.34458E-05],[1.35921E-03,6.36021E-05],[1.33703E-03,6.34035E-05],[1.30607E-03,6.42152E-05],[1.27576E-03,6.37578E-05],[1.23643E-03,6.35281E-05],[1.19498E-03,6.37580E-05],[1.14658E-03,6.38752E-05],[1.09108E-03,6.41173E-05],[1.03588E-03,6.37045E-05],[9.75751E-04,6.38234E-05],[9.12162E-04,6.37111E-05],[8.39445E-04,6.40289E-05],[7.67648E-04,6.37925E-05],[6.92025E-04,6.39060E-05],[6.15522E-04,6.39612E-05],[5.43597E-04,6.48630E-05],[4.92346E-04,6.56120E-05],[5.06578E-04,7.10325E-05]],[[1.31822E-03,6.46330E-05],[1.31149E-03,6.35049E-05],[1.30236E-03,6.37944E-05],[1.28692E-03,6.37601E-05],[1.26640E-03,6.39372E-05],[1.24040E-03,6.36438E-05],[1.20871E-03,6.36015E-05],[1.17382E-03,6.37686E-05],[1.13116E-03,6.42190E-05],[1.08553E-03,6.40197E-05],[1.03635E-03,6.38412E-05],[9.82769E-04,6.34807E-05],[9.23658E-04,6.36520E-05],[8.61775E-04,6.40119E-05],[7.95153E-04,6.40400E-05],[7.27505E-04,6.40470E-05],[6.55726E-04,6.41012E-05],[5.84732E-04,6.38647E-05],[5.16015E-04,6.44771E-05],[4.67355E-04,6.56961E-05],[4.79308E-04,7.06012E-05]],[[1.24100E-03,6.48663E-05],[1.23573E-03,6.39410E-05],[1.22714E-03,6.38456E-05],[1.20981E-03,6.35047E-05],[1.19152E-03,6.39793E-05],[1.16689E-03,6.39178E-05],[1.13774E-03,6.35141E-05],[1.10262E-03,6.36080E-05],[1.06534E-03,6.39694E-05],[1.02122E-03,6.35173E-05],[9.74956E-04,6.39572E-05],[9.23139E-04,6.33422E-05],[8.70540E-04,6.39658E-05],[8.09479E-04,6.38487E-05],[7.50269E-04,6.40939E-05],[6.84418E-04,6.37603E-05],[6.17721E-04,6.43497E-05],[5.49127E-04,6.46987E-05],[4.86476E-04,6.47395E-05],[4.39010E-04,6.61131E-05],[4.52028E-04,7.03970E-05]],[[1.15800E-03,6.46131E-05],[1.15102E-03,6.41697E-05],[1.14293E-03,6.35967E-05],[1.13111E-03,6.35633E-05],[1.11089E-03,6.40122E-05],[1.08809E-03,6.37269E-05],[1.05933E-03,6.37597E-05],[1.02930E-03,6.35908E-05],[9.92597E-04,6.39690E-05],[9.53699E-04,6.39138E-05],[9.09715E-04,6.44153E-05],[8.61261E-04,6.39025E-05],[8.10216E-04,6.38208E-05],[7.55393E-04,6.37048E-05],[6.98631E-04,6.37244E-05],[6.36823E-04,6.38822E-05],[5.76289E-04,6.41182E-05],[5.12071E-04,6.46509E-05],[4.53154E-04,6.43389E-05],[4.10674E-04,6.55655E-05],[4.22017E-04,7.04417E-05]],[[1.06729E-03,