{
  "seed":-1338489954,
  "pop":10000,
  "Inactive_Cycles":1200,
  "Active_Cycles":2500,
  "Total_CPU_Time":5.14570E+05,
  "Total_Transport_Time":6.15083E+03,
  "Time_Per_Integration":2.09055E-09,
  "Clock_Time":6.89924E+03,
  "keff":{
    "keff":[1.01614E+00,7.65774E-05]
  },
  "fissionRate":{
    "fissionRate":[[[1.76325E-03,5.59284E-05],[1.75683E-03,5.50696E-05],[1.74786E-03,5.48484E-05],[1.72486E-03,5.48280E-05],[1.69284E-03,5.48384E-05],[1.66118E-03,5.43863E-05],[1.61729E-03,5.45911E-05],[1.56981E-03,5.44325E-05],[1.51268E-03,5.45286E-05],[1.45336E-03,5.45259E-05],[1.38615E-03,5.45891E-05],[1.31175E-03,5.44533E-05],[1.23423E-03,5.45893E-05],[1.15244E-03,5.47113E-05],[1.06481E-03,5.47117E-05],[9.69775E-04,5.45479E-05],[8.73088E-04,5.48352E-05],[7.76756E-04,5.48460E-05],[6.86998E-04,5.53134E-05],[6.21882E-04,5.62207E-05],[6.43460E-04,6.06740E-05]],[[1.75673E-03,5.49109E-05],[1.75476E-03,5.42131E-05],[1.73933E-03,5.43431E-05],[1.71802E-03,5.39708E-05],[1.68950E-03,5.40421E-05],[1.65332E-03,5.42965E-05],[1.61324E-03,5.40807E-05],[1.56305E-03,5.40919E-05],[1.50632E-03,5.40794E-05],[1.44491E-03,5.41256E-05],[1.37947E-03,5.39540E-05],[1.30839E-03,5.38212E-05],[1.22811E-03,5.36832E-05],[1.14700E-03,5.40352E-05],[1.05806E-03,5.41537E-05],[9.65390E-04,5.39417E-05],[8.68716E-04,5.42134E-05],[7.74720E-04,5.40970E-05],[6.84594E-04,5.47517E-05],[6.19247E-04,5.56905E-05],[6.40490E-04,5.99942E-05]],[[1.74377E-03,5.44521E-05],[1.73626E-03,5.40222E-05],[1.72393E-03,5.39243E-05],[1.70077E-03,5.37750E-05],[1.67422E-03,5.38411E-05],[1.64453E-03,5.39356E-05],[1.59757E-03,5.33851E-05],[1.55004E-03,5.35314E-05],[1.49785E-03,5.37150E-05],[1.43429E-03,5.37181E-05],[1.36901E-03,5.39322E-05],[1.30047E-03,5.39152E-05],[1.22060E-03,5.40809E-05],[1.13973E-03,5.35836E-05],[1.05021E-03,5.38743E-05],[9.58454E-04,5.40466E-05],[8.62399E-04,5.39951E-05],[7.67894E-04,5.46473E-05],[6.79399E-04,5.44768E-05],[6.14471E-04,5.54865E-05],[6.35966E-04,6.01831E-05]],[[1.71990E-03,5.45979E-05],[1.71437E-03,5.39732E-05],[1.70552E-03,5.40888E-05],[1.68369E-03,5.37129E-05],[1.65689E-03,5.44177E-05],[1.62240E-03,5.39818E-05],[1.58015E-03,5.36081E-05],[1.53095E-03,5.35937E-05],[1.48004E-03,5.38236E-05],[1.41961E-03,5.38318E-05],[1.35270E-03,5.38564E-05],[1.27881E-03,5.39910E-05],[1.20705E-03,5.38546E-05],[1.12469E-03,5.39500E-05],[1.03621E-03,5.38761E-05],[9.46464E-04,5.43637E-05],[8.53140E-04,5.42352E-05],[7.59343E-04,5.39071E-05],[6.70035E-04,5.44403E-05],[6.07559E-04,5.55138E-05],[6.27844E-04,6.00350E-05]],[[1.69404E-03,5.42021E-05],[1.68781E-03,5.39783E-05],[1.67540E-03,5.38951E-05],[1.65565E-03,5.39560E-05],[1.62747E-03,5.38974E-05],[1.59257E-03,5.38413E-05],[1.55149E-03,5.38565E-05],[1.50441E-03,5.36420E-05],[1.45494E-03,5.36233E-05],[1.39581E-03,5.35358E-05],[1.33052E-03,5.37502E-05],[1.26324E-03,5.37518E-05],[1.18544E-03,5.35636E-05],[1.10499E-03,5.39716E-05],[1.02115E-03,5.37004E-05],[9.31924E-04,5.37556E-05],[8.38521E-04,5.42630E-05],[7.46712E-04,5.36622E-05],[6.60388E-04,5.41287E-05],[5.97644E-04,5.55843E-05],[6.19008E-04,5.97986E-05]],[[1.66099E-03,5.43816E-05],[1.65379E-03,5.39119E-05],[1.63924E-03,5.39851E-05],[1.62132E-03,5.39844E-05],[1.59392E-03,5.38308E-05],[1.55903E-03,5.37259E-05],[1.51885E-03,5.37458E-05],[1.47582E-03,5.36531E-05],[1.42267E-03,5.39225E-05],[1.36697E-03,5.42665E-05],[1.30106E-03,5.36644E-05],[1.23405E-03,5.34874E-05],[1.16134E-03,5.31554E-05],[1.08330E-03,5.38925E-05],[9.99869E-04,5.40819E-05],[9.13507E-04,5.42183E-05],[8.23037E-04,5.40833E-05],[7.31051E-04,5.40665E-05],[6.45766E-04,5.43345E-05],[5.84967E-04,5.56173E-05],[6.05223E-04,5.97981E-05]],[[1.61695E-03,5.44727E-05],[1.60843E-03,5.44980E-05],[1.59990E-03,5.38383E-05],[1.58032E-03,5.37432E-05],[1.55111E-03,5.38674E-05],[1.52085E-03,5.37638E-05],[1.47860E-03,5.37442E-05],[1.43729E-03,5.38069E-05],[1.38682E-03,5.39276E-05],[1.33143E-03,5.35062E-05],[1.26858E-03,5.38450E-05],[1.20313E-03,5.39893E-05],[1.13157E-03,5.37186E-05],[1.05744E-03,5.37453E-05],[9.76871E-04,5.40122E-05],[8.89141E-04,5.41947E-05],[8.02008E-04,5.35229E-05],[7.12774E-04,5.38155E-05],[6.29430E-04,5.43830E-05],[5.70648E-04,5.52800E-05],[5.89946E-04,5.97649E-05]],[[1.56770E-03,5.44566E-05],[1.56393E-03,5.41175E-05],[1.54925E-03,5.39407E-05],[1.53486E-03,5.37754E-05],[1.50791E-03,5.36904E-05],[1.47351E-03,5.34411E-05],[1.43848E-03,5.34428E-05],[1.39566E-03,5.36751E-05],[1.34590E-03,5.40177E-05],[1.29084E-03,5.35067E-05],[1.23129E-03,5.41752E-05],[1.16849E-03,5.36176E-05],[1.09697E-03,5.37630E-05],[1.02450E-03,5.38014E-05],[9.45939E-04,5.38019E-05],[8.64831E-04,5.39714E-05],[7.79502E-04,5.40533E-05],[6.92362E-04,5.43093E-05],[6.11179E-04,5.45849E-05],[5.54251E-04,5.54534E-05],[5.73707E-04,5.99621E-05]],[[1.51510E-03,5.43931E-05],[1.50714E-03,5.35901E-05],[1.49754E-03,5.35426E-05],[1.47862E-03,5.37376E-05],[1.45471E-03,5.42890E-05],[1.42464E-03,5.39815E-05],[1.38892E-03,5.40589E-05],[1.34570E-03,5.40382E-05],[1.30039E-03,5.34100E-05],[1.24582E-03,5.38479E-05],[1.18983E-03,5.37501E-05],[1.12726E-03,5.40068E-05],[1.06133E-03,5.37330E-05],[9.90125E-04,5.38543E-05],[9.12603E-04,5.39741E-05],[8.34670E-04,5.39368E-05],[7.50579E-04,5.39126E-05],[6.67143E-04,5.41463E-05],[5.90357E-04,5.46147E-05],[5.35791E-04,5.52891E-05],[5.54025E-04,5.95164E-05]],[[1.45215E-03,5.43352E-05],[1.44606E-03,5.40005E-05],[1.43527E-03,5.34618E-05],[1.41984E-03,5.35011E-05],[1.39664E-03,5.34822E-05],[1.36669E-03,5.37312E-05],[1.33162E-03,5.37627E-05],[1.29423E-03,5.42118E-05],[1.24705E-03,5.35113E-05],[1.19883E-03,5.35210E-05],[1.14137E-03,5.35716E-05],[1.08211E-03,5.40674E-05],[1.01753E-03,5.37119E-05],[9.48556E-04,5.40331E-05],[8.76356E-04,5.40009E-05],[8.00106E-04,5.41176E-05],[7.20268E-04,5.38322E-05],[6.39911E-04,5.38620E-05],[5.67432E-04,5.43013E-05],[5.14047E-04,5.52038E-05],[5.30954E-04,6.02910E-05]],[[1.38396E-03,5.46060E-05],[1.38109E-03,5.39093E-05],[1.36925E-03,5.36500E-05],[1.34916E-03,5.37349E-05],[1.32918E-03,5.41795E-05],[1.30292E-03,5.36026E-05],[1.27010E-03,5.38296E-05],[1.23361E-03,5.37775E-05],[1.18790E-03,5.35190E-05],[1.14123E-03,5.37813E-05],[1.08948E-03,5.36524E-05],[1.03302E-03,5.37599E-05],[9.68548E-04,5.39317E-05],[9.04752E-04,5.41882E-05],[8.37548E-04,5.34875E-05],[7.62605E-04,5.45311E-05],[6.87941E-04,5.40617E-05],[6.12352E-04,5.40828E-05],[5.40109E-04,5.43912E-05],[4.90017E-04,5.54682E-05],[5.07120E-04,5.95639E-05]],[[1.31020E-03,5.44087E-05],[1.30655E-03,5.42039E-05],[1.29741E-03,5.39963E-05],[1.28273E-03,5.40719E-05],[1.26251E-03,5.39127E-05],[1.23442E-03,5.41441E-05],[1.20377E-03,5.39293E-05],[1.16770E-03,5.41627E-05],[1.12735E-03,5.39380E-05],[1.08049E-03,5.39613E-05],[1.03225E-03,5.34217E-05],[9.79191E-04,5.37305E-05],[9.18933E-04,5.36600E-05],[8.56753E-04,5.37450E-05],[7.91382E-04,5.40754E-05],[7.22047E-04,5.40909E-05],[6.52255E-04,5.40485E-05],[5.79820E-04,5.39793E-05],[5.11945E-04,5.45446E-05],[4.65026E-04,5.54903E-05],[4.80417E-04,5.96523E-05]],[[1.23333E-03,5.49862E-05],[1.22956E-03,5.37056E-05],[1.22134E-03,5.40732E-05],[1.20686E-03,5.35575E-05],[1.18641E-03,5.37959E-05],[1.16064E-03,5.39194E-05],[1.13119E-03,5.36793E-05],[1.09869E-03,5.39956E-05],[1.05845E-03,5.36229E-05],[1.01563E-03,5.37828E-05],[9.72401E-04,5.37198E-05],[9.21416E-04,5.39999E-05],[8.65299E-04,5.36678E-05],[8.08532E-04,5.42383E-05],[7.44079E-04,5.37897E-05],[6.80306E-04,5.34257E-05],[6.13110E-04,5.39085E-05],[5.45366E-04,5.42541E-05],[4.83021E-04,5.45682E-05],[4.37408E-04,5.56445E-05],[4.51457E-04,5.99694E-05]],[[1.14974E-03,5.43073E-05],[1.14557E-03,5.43623E-05],[1.13417E-03,5.40599E-05],[1.12250E-03,5.37166E-05],[1.10580E-03,5.37430E-05],[1.08173E-03,5.38296E-05],[1.05590E-03,5.37479E-05],[1.02261E-03,5.41309E-05],[9.87734E-04,5.36136E-05],[9.48610E-04,5.35323E-05],[9.05856E-04,5.37581E-05],[8.58251E-04,5.40243E-05],[8.05863E-04,5.39669E-05],[7.53094E-04,5.36431E-05],[6.97081E-04,5.36411E-05],[6.33853E-04,5.38724E-05],[5.71008E-04,5.40580E-05],[5.08812E-04,5.39034E-05],[4.49918E-04,5.43672E-05],[4.08601E-04,5.54512E-05],[4.21580E-04,5.98001E-05]],