{
  "seed":-1348917160,
  "pop":10000,
  "Inactive_Cycles":1200,
  "Active_Cycles":2500,
  "Total_CPU_Time":3.83656E+04,
  "Total_Transport_Time":3.69714E+02,
  "Time_Per_Integration":1.25673E-10,
  "Clock_Time":6.03651E+02,
  "keff":{
    "keff":[1.02053E+00,7.15589E-05]
  },
  "fissionRate":{
    "fissionRate":[[[1.77425E-03,5.89296E-05],[1.76615E-03,5.79178E-05],[1.75215E-03,5.72319E-05],[1.73015E-03,5.83986E-05],[1.70222E-03,5.79906E-05],[1.66487E-03,5.76891E-05],[1.62675E-03,5.75670E-05],[1.57644E-03,5.80531E-05],[1.52135E-03,5.80837E-05],[1.46071E-03,5.78970E-05],[1.39406E-03,5.79092E-05],[1.31697E-03,5.78399E-05],[1.24021E-03,5.75236E-05],[1.15402E-03,5.79144E-05],[1.06589E-03,5.78800E-05],[9.75755E-04,5.79934E-05],[8.79521E-04,5.81378E-05],[7.81998E-04,5.80819E-05],[6.91642E-04,5.83245E-05],[6.25378E-04,5.95841E-05],[6.43907E-04,6.41676E-05]],[[1.76131E-03,5.82080E-05],[1.75908E-03,5.76916E-05],[1.74837E-03,5.69739E-05],[1.72276E-03,5.72683E-05],[1.69741E-03,5.70690E-05],[1.66024E-03,5.70391E-05],[1.61841E-03,5.73988E-05],[1.56810E-03,5.71452E-05],[1.51629E-03,5.71081E-05],[1.45653E-03,5.71567E-05],[1.38778E-03,5.73985E-05],[1.31360E-03,5.73095E-05],[1.23326E-03,5.73735E-05],[1.15171E-03,5.74538E-05],[1.06248E-03,5.72268E-05],[9.68859E-04,5.74021E-05],[8.74991E-04,5.77631E-05],[7.80250E-04,5.77425E-05],[6.89973E-04,5.82508E-05],[6.22986E-04,5.91266E-05],[6.40143E-04,6.40017E-05]],[[1.75264E-03,5.79787E-05],[1.74807E-03,5.70504E-05],[1.73010E-03,5.71138E-05],[1.71098E-03,5.66483E-05],[1.67915E-03,5.71248E-05],[1.64893E-03,5.72900E-05],[1.60670E-03,5.71027E-05],[1.55647E-03,5.74250E-05],[1.50550E-03,5.71317E-05],[1.44240E-03,5.69357E-05],[1.37586E-03,5.70978E-05],[1.30037E-03,5.68234E-05],[1.22349E-03,5.72343E-05],[1.14367E-03,5.70053E-05],[1.05598E-03,5.73602E-05],[9.61478E-04,5.72442E-05],[8.67557E-04,5.75750E-05],[7.72499E-04,5.72704E-05],[6.83027E-04,5.76736E-05],[6.18417E-04,5.86579E-05],[6.34529E-04,6.34410E-05]],[[1.73129E-03,5.77516E-05],[1.72588E-03,5.70320E-05],[1.70788E-03,5.69852E-05],[1.68706E-03,5.71289E-05],[1.66053E-03,5.67749E-05],[1.62798E-03,5.72252E-05],[1.58383E-03,5.70149E-05],[1.53757E-03,5.68710E-05],[1.48599E-03,5.72359E-05],[1.42485E-03,5.68537E-05],[1.36072E-03,5.69802E-05],[1.28681E-03,5.70738E-05],[1.20966E-03,5.70488E-05],[1.12729E-03,5.68461E-05],[1.04066E-03,5.71284E-05],[9.52838E-04,5.68309E-05],[8.58388E-04,5.72445E-05],[7.63337E-04,5.72498E-05],[6.76209E-04,5.75509E-05],[6.10417E-04,5.85862E-05],[6.27450E-04,6.36602E-05]],[[1.70188E-03,5.78473E-05],[1.69742E-03,5.71750E-05],[1.68433E-03,5.67642E-05],[1.66059E-03,5.73101E-05],[1.63082E-03,5.73551E-05],[1.59828E-03,5.69590E-05],[1.55840E-03,5.70816E-05],[1.51536E-03,5.68507E-05],[1.45884E-03,5.65688E-05],[1.40120E-03,5.67923E-05],[1.33638E-03,5.69559E-05],[1.26575E-03,5.69288E-05],[1.19076E-03,5.66749E-05],[1.10797E-03,5.72291E-05],[1.02417E-03,5.74662E-05],[9.35734E-04,5.71584E-05],[8.43982E-04,5.71965E-05],[7.51000E-04,5.73830E-05],[6.64749E-04,5.81053E-05],[6.00570E-04,5.85760E-05],[6.17360E-04,6.32560E-05]],[[1.66821E-03,5.77239E-05],[1.66200E-03,5.69939E-05],[1.64734E-03,5.74474E-05],[1.62622E-03,5.68774E-05],[1.59885E-03,5.66830E-05],[1.56680E-03,5.72067E-05],[1.52819E-03,5.68648E-05],[1.48115E-03,5.68879E-05],[1.42964E-03,5.69730E-05],[1.37387E-03,5.72715E-05],[1.31060E-03,5.70583E-05],[1.24099E-03,5.74089E-05],[1.16616E-03,5.69158E-05],[1.08520E-03,5.70923E-05],[1.00233E-03,5.71923E-05],[9.16722E-04,5.73796E-05],[8.25313E-04,5.76100E-05],[7.34854E-04,5.72116E-05],[6.49148E-04,5.81182E-05],[5.88492E-04,5.94567E-05],[6.04238E-04,6.26495E-05]],[[1.62511E-03,5.81184E-05],[1.62149E-03,5.74748E-05],[1.60616E-03,5.65862E-05],[1.58902E-03,5.66473E-05],[1.56084E-03,5.70915E-05],[1.52582E-03,5.72315E-05],[1.48909E-03,5.71609E-05],[1.44382E-03,5.70961E-05],[1.39168E-03,5.70247E-05],[1.33816E-03,5.65940E-05],[1.27630E-03,5.71517E-05],[1.20813E-03,5.68003E-05],[1.13466E-03,5.71604E-05],[1.05840E-03,5.74903E-05],[9.76761E-04,5.71626E-05],[8.93516E-04,5.72750E-05],[8.03314E-04,5.71677E-05],[7.17857E-04,5.75176E-05],[6.34357E-04,5.76429E-05],[5.73004E-04,5.86426E-05],[5.87922E-04,6.31847E-05]],[[1.57905E-03,5.79197E-05],[1.56829E-03,5.73796E-05],[1.55795E-03,5.68933E-05],[1.53829E-03,5.67085E-05],[1.51473E-03,5.68859E-05],[1.48045E-03,5.69587E-05],[1.44350E-03,5.69124E-05],[1.40171E-03,5.69413E-05],[1.35484E-03,5.70653E-05],[1.29590E-03,5.69628E-05],[1.23795E-03,5.69807E-05],[1.17376E-03,5.68333E-05],[1.10294E-03,5.68014E-05],[1.02695E-03,5.67896E-05],[9.47940E-04,5.72219E-05],[8.67039E-04,5.70894E-05],[7.80950E-04,5.74424E-05],[6.95055E-04,5.74315E-05],[6.14517E-04,5.79130E-05],[5.55598E-04,5.88393E-05],[5.71055E-04,6.33074E-05]],[[1.51997E-03,5.72378E-05],[1.51376E-03,5.69481E-05],[1.50441E-03,5.70446E-05],[1.48240E-03,5.67587E-05],[1.45915E-03,5.73577E-05],[1.42954E-03,5.68115E-05],[1.39391E-03,5.72377E-05],[1.35267E-03,5.70429E-05],[1.30711E-03,5.70292E-05],[1.24992E-03,5.70598E-05],[1.19507E-03,5.68156E-05],[1.13248E-03,5.70027E-05],[1.06566E-03,5.68529E-05],[9.92342E-04,5.69216E-05],[9.14839E-04,5.73270E-05],[8.38251E-04,5.67569E-05],[7.52856E-04,5.70899E-05],[6.71111E-04,5.75226E-05],[5.93159E-04,5.78968E-05],[5.37546E-04,5.89112E-05],[5.50529E-04,6.35622E-05]],[[1.45682E-03,5.80102E-05],[1.45419E-03,5.68066E-05],[1.43952E-03,5.69726E-05],[1.42395E-03,5.68160E-05],[1.40165E-03,5.68414E-05],[1.37333E-03,5.66480E-05],[1.33899E-03,5.68553E-05],[1.29793E-03,5.67313E-05],[1.25333E-03,5.67138E-05],[1.20129E-03,5.69170E-05],[1.14705E-03,5.71114E-05],[1.08559E-03,5.70151E-05],[1.02008E-03,5.67492E-05],[9.54140E-04,5.70105E-05],[8.79576E-04,5.69398E-05],[8.03109E-04,5.70888E-05],[7.23234E-04,5.71617E-05],[6.44000E-04,5.70879E-05],[5.69108E-04,5.79201E-05],[5.15118E-04,5.86524E-05],[5.29520E-04,6.29564E-05]],[[1.39443E-03,5.78811E-05],[1.38745E-03,5.67611E-05],[1.37685E-03,5.62214E-05],[1.35976E-03,5.70017E-05],[1.33711E-03,5.71724E-05],[1.31101E-03,5.67766E-05],[1.27677E-03,5.65468E-05],[1.23940E-03,5.67946E-05],[1.19545E-03,5.68352E-05],[1.14703E-03,5.68090E-05],[1.09399E-03,5.69723E-05],[1.03535E-03,5.70480E-05],[9.73779E-04,5.70742E-05],[9.08524E-04,5.71016E-05],[8.39177E-04,5.70858E-05],[7.66374E-04,5.70208E-05],[6.91001E-04,5.70756E-05],[6.14699E-04,5.76488E-05],[5.43203E-04,5.75424E-05],[4.91916E-04,5.87179E-05],[5.04570E-04,6.35397E-05]],[[1.32141E-03,5.74384E-05],[1.31397E-03,5.70631E-05],[1.30481E-03,5.69590E-05],[1.28820E-03,5.68867E-05],[1.26658E-03,5.67662E-05],[1.23939E-03,5.69117E-05],[1.20755E-03,5.66168E-05],[1.17288E-03,5.69563E-05],[1.13337E-03,5.69199E-05],[1.08700E-03,5.71826E-05],[1.03606E-03,5.71568E-05],[9.81283E-04,5.72403E-05],[9.21948E-04,5.65214E-05],[8.61576E-04,5.67878E-05],[7.96231E-04,5.68877E-05],[7.26685E-04,5.70400E-05],[6.55459E-04,5.74705E-05],[5.83330E-04,5.73120E-05],[5.15408E-04,5.78930E-05],[4.66592E-04,5.83055E-05],[4.79766E-04,6.34603E-05]],[[1.24083E-03,5.78185E-05],[1.23651E-03,5.73227E-05],[1.22680E-03,5.66608E-05],[1.21146E-03,5.68928E-05],[1.19087E-03,5.69943E-05],[1.16677E-03,5.68315E-05],[1.13755E-03,5.70771E-05],[1.10263E-03,5.69516E-05],[1.06613E-03,5.69871E-05],[1.02100E-03,5.68055E-05],[9.76356E-04,5.69423E-05],[9.24572E-04,5.72306E-05],[8.67868E-04,5.70408E-05],[8.10264E-04,5.71000E-05],[7.49820E-04,5.71460E-05],[6.83587E-04,5.68845E-05],[6.16176E-04,5.70576E-05],[5.48458E-04,5.74414E-05],[4.85432E-04,5.74415E-05],[4.39235E-04,5.86843E-05],[4.50593E-04,6.32436E-05]],[[1.15815E-03,5.81900E-05],[1.15478E-03,5.69045E-05],[1.14347E-03,5.67759E-05],[1.12803E-03,5.72651E-05],[1.11187E-03,5.71327E-05],[1.08785E-03,5.71617E-05],[1.06322E-03,5.65888E-05],[1.02853E-03,5.69854E-05],[9.92637E-04,5.70197E-05],[9.53417E-04,5.72627E-05],[9.07931E-04,5.73043E-05],[8.61502E-04,5.73392E-05],[8.08749E-04,5.70429E-05],[7.55177E-04,5.71982E-05],[6.97070E-04,5.72223E-05],[6.37520E-04,5.73415E-05],[5.75008E-04,5.69794E-05],[5.11383E-04,5.75769E-05],[4.52619E-04,5.79033E-05],[4.09492E-04,5.90196E-05],[4.20263E-04,6.32920E-05]],