{
  "seed":-1070424490,
  "pop":10000,
  "Inactive_Cycles":1200,
  "Active_Cycles":2500,
  "Total_CPU_Time":5.14535E+05,
  "Total_Transport_Time":6.14980E+03,
  "Time_Per_Integration":2.09024E-09,
  "Clock_Time":6.89912E+03,
  "keff":{
    "keff":[1.01625E+00,7.82506E-05]
  },
  "fissionRate":{
    "fissionRate":[[[1.76746E-03,5.57216E-05],[1.76039E-03,5.46531E-05],[1.74448E-03,5.45913E-05],[1.72378E-03,5.43791E-05],[1.69503E-03,5.45709E-05],[1.66300E-03,5.42486E-05],[1.61939E-03,5.44793E-05],[1.56880E-03,5.42808E-05],[1.51307E-03,5.46407E-05],[1.45227E-03,5.45544E-05],[1.38356E-03,5.48052E-05],[1.31076E-03,5.47299E-05],[1.23279E-03,5.47009E-05],[1.15012E-03,5.44478E-05],[1.06288E-03,5.48381E-05],[9.69426E-04,5.47909E-05],[8.73687E-04,5.50116E-05],[7.77389E-04,5.46613E-05],[6.87068E-04,5.52113E-05],[6.22489E-04,5.62085E-05],[6.42901E-04,6.07198E-05]],[[1.76093E-03,5.42055E-05],[1.75164E-03,5.45508E-05],[1.73862E-03,5.39867E-05],[1.71703E-03,5.39135E-05],[1.69090E-03,5.38259E-05],[1.65483E-03,5.38761E-05],[1.61406E-03,5.39281E-05],[1.56344E-03,5.42477E-05],[1.50756E-03,5.39776E-05],[1.44864E-03,5.39790E-05],[1.38055E-03,5.40260E-05],[1.30616E-03,5.41431E-05],[1.22907E-03,5.37918E-05],[1.14562E-03,5.41876E-05],[1.05899E-03,5.38083E-05],[9.66240E-04,5.37236E-05],[8.70928E-04,5.41362E-05],[7.71560E-04,5.42549E-05],[6.82718E-04,5.45602E-05],[6.18984E-04,5.57003E-05],[6.40420E-04,5.96960E-05]],[[1.74611E-03,5.48556E-05],[1.73694E-03,5.41567E-05],[1.72556E-03,5.41664E-05],[1.70346E-03,5.41556E-05],[1.67660E-03,5.41320E-05],[1.64253E-03,5.37235E-05],[1.60022E-03,5.39795E-05],[1.54991E-03,5.38604E-05],[1.49436E-03,5.40248E-05],[1.43406E-03,5.42022E-05],[1.36756E-03,5.41311E-05],[1.29989E-03,5.43305E-05],[1.22104E-03,5.42005E-05],[1.13678E-03,5.39326E-05],[1.05116E-03,5.41685E-05],[9.58444E-04,5.41327E-05],[8.64071E-04,5.39088E-05],[7.67803E-04,5.39569E-05],[6.78126E-04,5.44328E-05],[6.15022E-04,5.55139E-05],[6.34180E-04,5.97083E-05]],[[1.72582E-03,5.44778E-05],[1.71682E-03,5.44189E-05],[1.70230E-03,5.40897E-05],[1.68463E-03,5.37979E-05],[1.65539E-03,5.39614E-05],[1.62117E-03,5.40505E-05],[1.57892E-03,5.38874E-05],[1.53294E-03,5.37612E-05],[1.47858E-03,5.39108E-05],[1.42123E-03,5.40210E-05],[1.35384E-03,5.33108E-05],[1.28197E-03,5.36466E-05],[1.20478E-03,5.39676E-05],[1.12156E-03,5.38527E-05],[1.03529E-03,5.36304E-05],[9.45837E-04,5.38489E-05],[8.51530E-04,5.43181E-05],[7.59816E-04,5.40194E-05],[6.70234E-04,5.44829E-05],[6.06845E-04,5.53672E-05],[6.26759E-04,5.99379E-05]],[[1.69512E-03,5.42770E-05],[1.68785E-03,5.40579E-05],[1.67424E-03,5.37504E-05],[1.65430E-03,5.38968E-05],[1.62300E-03,5.36892E-05],[1.59419E-03,5.36753E-05],[1.55321E-03,5.36105E-05],[1.50576E-03,5.36578E-05],[1.45372E-03,5.38964E-05],[1.39483E-03,5.36383E-05],[1.32989E-03,5.34403E-05],[1.25688E-03,5.38053E-05],[1.18390E-03,5.38602E-05],[1.10441E-03,5.42104E-05],[1.01956E-03,5.40791E-05],[9.30735E-04,5.38511E-05],[8.38999E-04,5.40812E-05],[7.44162E-04,5.38924E-05],[6.60400E-04,5.41306E-05],[5.97373E-04,5.52312E-05],[6.17164E-04,5.98446E-05]],[[1.66292E-03,5.44357E-05],[1.65525E-03,5.39425E-05],[1.63628E-03,5.40769E-05],[1.61896E-03,5.39645E-05],[1.59148E-03,5.38800E-05],[1.56092E-03,5.38814E-05],[1.52095E-03,5.37365E-05],[1.47401E-03,5.35771E-05],[1.42331E-03,5.37006E-05],[1.36766E-03,5.34772E-05],[1.30359E-03,5.38449E-05],[1.23188E-03,5.38104E-05],[1.15916E-03,5.35114E-05],[1.08002E-03,5.40967E-05],[9.99899E-04,5.38866E-05],[9.10018E-04,5.34156E-05],[8.22283E-04,5.37384E-05],[7.30085E-04,5.42007E-05],[6.44221E-04,5.47198E-05],[5.85130E-04,5.54382E-05],[6.04577E-04,6.00600E-05]],[[1.61690E-03,5.42698E-05],[1.61273E-03,5.38334E-05],[1.59840E-03,5.40504E-05],[1.57994E-03,5.40033E-05],[1.55267E-03,5.37590E-05],[1.51954E-03,5.36278E-05],[1.48177E-03,5.37041E-05],[1.43874E-03,5.39824E-05],[1.38749E-03,5.40221E-05],[1.33101E-03,5.35499E-05],[1.27052E-03,5.38002E-05],[1.20384E-03,5.38209E-05],[1.13084E-03,5.38479E-05],[1.05376E-03,5.34482E-05],[9.74358E-04,5.35869E-05],[8.88163E-04,5.41137E-05],[8.00121E-04,5.40844E-05],[7.13103E-04,5.37791E-05],[6.29290E-04,5.43354E-05],[5.68935E-04,5.52738E-05],[5.89405E-04,5.97019E-05]],[[1.57107E-03,5.41809E-05],[1.56356E-03,5.39738E-05],[1.54614E-03,5.37608E-05],[1.53181E-03,5.37721E-05],[1.50791E-03,5.37366E-05],[1.47532E-03,5.35002E-05],[1.43783E-03,5.39290E-05],[1.39455E-03,5.33382E-05],[1.34791E-03,5.34236E-05],[1.29070E-03,5.38790E-05],[1.23340E-03,5.37173E-05],[1.16788E-03,5.38377E-05],[1.09597E-03,5.36575E-05],[1.02306E-03,5.36710E-05],[9.42428E-04,5.41483E-05],[8.61819E-04,5.38013E-05],[7.76171E-04,5.36046E-05],[6.88589E-04,5.41749E-05],[6.08866E-04,5.47523E-05],[5.51889E-04,5.56630E-05],[5.70714E-04,5.98898E-05]],[[1.51656E-03,5.40830E-05],[1.50870E-03,5.39483E-05],[1.49689E-03,5.36045E-05],[1.47831E-03,5.39573E-05],[1.45400E-03,5.38901E-05],[1.42289E-03,5.38497E-05],[1.38803E-03,5.36373E-05],[1.34854E-03,5.35275E-05],[1.30015E-03,5.39049E-05],[1.24545E-03,5.40048E-05],[1.18836E-03,5.41359E-05],[1.12615E-03,5.36661E-05],[1.05916E-03,5.38378E-05],[9.85636E-04,5.37889E-05],[9.11686E-04,5.36567E-05],[8.31336E-04,5.39092E-05],[7.49216E-04,5.36778E-05],[6.66553E-04,5.42331E-05],[5.88306E-04,5.43130E-05],[5.33379E-04,5.51525E-05],[5.50960E-04,5.99263E-05]],[[1.45692E-03,5.40536E-05],[1.44884E-03,5.39880E-05],[1.43570E-03,5.39533E-05],[1.41917E-03,5.35472E-05],[1.39559E-03,5.42472E-05],[1.36751E-03,5.41181E-05],[1.33480E-03,5.35993E-05],[1.29531E-03,5.36299E-05],[1.24505E-03,5.34720E-05],[1.19632E-03,5.42479E-05],[1.14093E-03,5.34860E-05],[1.08076E-03,5.37470E-05],[1.01582E-03,5.39306E-05],[9.47549E-04,5.36764E-05],[8.74912E-04,5.34888E-05],[7.97006E-04,5.37483E-05],[7.19154E-04,5.40137E-05],[6.39207E-04,5.41446E-05],[5.65643E-04,5.44558E-05],[5.11878E-04,5.57482E-05],[5.28731E-04,5.96966E-05]],[[1.38909E-03,5.44950E-05],[1.37940E-03,5.41894E-05],[1.37007E-03,5.42832E-05],[1.35388E-03,5.38369E-05],[1.33209E-03,5.37696E-05],[1.30411E-03,5.43495E-05],[1.27125E-03,5.37099E-05],[1.23197E-03,5.37763E-05],[1.18746E-03,5.36749E-05],[1.14089E-03,5.39831E-05],[1.09043E-03,5.37982E-05],[1.03162E-03,5.38668E-05],[9.70972E-04,5.38263E-05],[9.04242E-04,5.36156E-05],[8.36089E-04,5.40056E-05],[7.62334E-04,5.39907E-05],[6.85203E-04,5.38946E-05],[6.10596E-04,5.35106E-05],[5.38583E-04,5.46380E-05],[4.89310E-04,5.53134E-05],[5.05600E-04,5.96751E-05]],[[1.31579E-03,5.50095E-05],[1.31092E-03,5.39482E-05],[1.29969E-03,5.33201E-05],[1.28342E-03,5.37307E-05],[1.26306E-03,5.37257E-05],[1.23550E-03,5.41410E-05],[1.20316E-03,5.40475E-05],[1.16868E-03,5.39694E-05],[1.12750E-03,5.38084E-05],[1.08195E-03,5.37007E-05],[1.03085E-03,5.37123E-05],[9.77217E-04,5.37466E-05],[9.19995E-04,5.38642E-05],[8.58263E-04,5.39745E-05],[7.91937E-04,5.38445E-05],[7.22066E-04,5.36657E-05],[6.49710E-04,5.39720E-05],[5.78322E-04,5.42449E-05],[5.12026E-04,5.47492E-05],[4.63405E-04,5.52009E-05],[4.80212E-04,5.96618E-05]],[[1.23556E-03,5.46763E-05],[1.23239E-03,5.38726E-05],[1.22514E-03,5.35938E-05],[1.20713E-03,5.35457E-05],[1.18792E-03,5.37220E-05],[1.16325E-03,5.36813E-05],[1.13355E-03,5.40035E-05],[1.09904E-03,5.34481E-05],[1.06156E-03,5.36328E-05],[1.01650E-03,5.38113E-05],[9.70673E-04,5.35872E-05],[9.19815E-04,5.37461E-05],[8.64537E-04,5.37890E-05],[8.06071E-04,5.38425E-05],[7.44587E-04,5.40403E-05],[6.78920E-04,5.41392E-05],[6.11577E-04,5.41640E-05],[5.44495E-04,5.35910E-05],[4.80725E-04,5.42811E-05],[4.36943E-04,5.54920E-05],[4.51192E-04,5.96259E-05]],[[1.15431E-03,5.43018E-05],[1.14922E-03,5.37262E-05],[1.13728E-03,5.41878E-05],[1.12534E-03,5.34832E-05],[1.10602E-03,5.39011E-05],[1.08580E-03,5.36803E-05],[1.05740E-03,5.37485E-05],[1.02551E-03,5.37839E-05],[9.87304E-04,5.35132E-05],[9.47626E-04,5.39168E-05],[9.04427E-04,5.39664E-05],[8.58583E-04,5.38024E-05],[8.07120E-04,5.37259E-05],[7.51151E-04,5.39021E-05],[6.94232E-04,5.42059E-05],[6.33578E-04,5.41802E-05],[5.70297E-04,5.40126E-05],[5.06491E-04,5.41999E-05],[4.48187E-04,5.42914E-05],[4.06711E-04,5.55254E-05],[4.21075E-04,6.01865E-05]],