{
  "seed":-91079501,
  "pop":10000,
  "Inactive_Cycles":1200,
  "Active_Cycles":2500,
  "Total_CPU_Time":2.90759E+05,
  "Total_Transport_Time":3.44258E+03,
  "Time_Per_Integration":1.17011E-09,
  "Clock_Time":3.91365E+03,
  "keff":{
    "keff":[1.01621E+00,7.65614E-05]
  },
  "fissionRate":{
    "fissionRate":[[[1.77061E-03,5.58126E-05],[1.75878E-03,5.48327E-05],[1.74527E-03,5.47911E-05],[1.72513E-03,5.47567E-05],[1.69718E-03,5.46408E-05],[1.65893E-03,5.49415E-05],[1.61925E-03,5.43060E-05],[1.57304E-03,5.41423E-05],[1.51698E-03,5.46311E-05],[1.45699E-03,5.45331E-05],[1.38863E-03,5.46721E-05],[1.31478E-03,5.45507E-05],[1.23855E-03,5.41677E-05],[1.15359E-03,5.46119E-05],[1.06528E-03,5.45056E-05],[9.71095E-04,5.49279E-05],[8.75781E-04,5.48258E-05],[7.78945E-04,5.53298E-05],[6.88973E-04,5.52207E-05],[6.23706E-04,5.62819E-05],[6.45500E-04,6.03872E-05]],[[1.75796E-03,5.45605E-05],[1.75505E-03,5.42335E-05],[1.73916E-03,5.42185E-05],[1.71879E-03,5.39592E-05],[1.69097E-03,5.35917E-05],[1.65514E-03,5.39686E-05],[1.61318E-03,5.41361E-05],[1.56470E-03,5.37388E-05],[1.51165E-03,5.34957E-05],[1.44745E-03,5.40255E-05],[1.38193E-03,5.37228E-05],[1.31035E-03,5.36247E-05],[1.22966E-03,5.38241E-05],[1.14967E-03,5.39863E-05],[1.06073E-03,5.42416E-05],[9.69032E-04,5.39532E-05],[8.70188E-04,5.39902E-05],[7.74398E-04,5.40956E-05],[6.84847E-04,5.46717E-05],[6.21407E-04,5.58322E-05],[6.41856E-04,6.04704E-05]],[[1.74543E-03,5.48576E-05],[1.74035E-03,5.37859E-05],[1.72416E-03,5.37379E-05],[1.70474E-03,5.36657E-05],[1.67537E-03,5.38159E-05],[1.64320E-03,5.34997E-05],[1.60021E-03,5.41127E-05],[1.55189E-03,5.34778E-05],[1.49891E-03,5.35041E-05],[1.43717E-03,5.36492E-05],[1.37014E-03,5.38502E-05],[1.29993E-03,5.36437E-05],[1.22242E-03,5.36190E-05],[1.14094E-03,5.37223E-05],[1.05219E-03,5.35302E-05],[9.60601E-04,5.38601E-05],[8.64131E-04,5.40277E-05],[7.69795E-04,5.42996E-05],[6.79053E-04,5.46335E-05],[6.16674E-04,5.55170E-05],[6.36656E-04,5.97312E-05]],[[1.72455E-03,5.45521E-05],[1.71583E-03,5.40050E-05],[1.70566E-03,5.39649E-05],[1.68257E-03,5.38010E-05],[1.65340E-03,5.41580E-05],[1.62309E-03,5.40022E-05],[1.58173E-03,5.38456E-05],[1.53571E-03,5.35197E-05],[1.48110E-03,5.36908E-05],[1.42251E-03,5.37811E-05],[1.35298E-03,5.36797E-05],[1.28243E-03,5.40069E-05],[1.20696E-03,5.40017E-05],[1.12854E-03,5.35704E-05],[1.03858E-03,5.43497E-05],[9.47952E-04,5.38270E-05],[8.53448E-04,5.42608E-05],[7.60174E-04,5.40559E-05],[6.70413E-04,5.44448E-05],[6.07982E-04,5.56292E-05],[6.28508E-04,5.97625E-05]],[[1.69662E-03,5.46211E-05],[1.69210E-03,5.38883E-05],[1.67531E-03,5.37468E-05],[1.65529E-03,5.43355E-05],[1.62585E-03,5.38311E-05],[1.59573E-03,5.38780E-05],[1.55829E-03,5.35962E-05],[1.50703E-03,5.37277E-05],[1.45362E-03,5.36436E-05],[1.39664E-03,5.36622E-05],[1.33187E-03,5.38936E-05],[1.26305E-03,5.36956E-05],[1.18755E-03,5.33445E-05],[1.10704E-03,5.41813E-05],[1.02135E-03,5.36162E-05],[9.31339E-04,5.39693E-05],[8.39728E-04,5.39399E-05],[7.46149E-04,5.41632E-05],[6.60492E-04,5.43185E-05],[5.98567E-04,5.52992E-05],[6.18268E-04,5.93449E-05]],[[1.66354E-03,5.43876E-05],[1.65607E-03,5.40080E-05],[1.64360E-03,5.36390E-05],[1.62008E-03,5.38056E-05],[1.59372E-03,5.41652E-05],[1.56190E-03,5.38182E-05],[1.52332E-03,5.36946E-05],[1.47614E-03,5.36064E-05],[1.42470E-03,5.39876E-05],[1.36745E-03,5.41787E-05],[1.30501E-03,5.39479E-05],[1.23467E-03,5.38920E-05],[1.16064E-03,5.35844E-05],[1.08286E-03,5.35337E-05],[1.00254E-03,5.36645E-05],[9.12789E-04,5.41742E-05],[8.21740E-04,5.41018E-05],[7.29907E-04,5.45638E-05],[6.47033E-04,5.44810E-05],[5.87623E-04,5.54891E-05],[6.06961E-04,5.97470E-05]],[[1.61847E-03,5.44503E-05],[1.61590E-03,5.42228E-05],[1.59972E-03,5.42340E-05],[1.58001E-03,5.37825E-05],[1.55415E-03,5.39159E-05],[1.52236E-03,5.38654E-05],[1.48535E-03,5.35948E-05],[1.44010E-03,5.38891E-05],[1.38676E-03,5.36754E-05],[1.33246E-03,5.37584E-05],[1.27112E-03,5.37998E-05],[1.20533E-03,5.39043E-05],[1.13282E-03,5.41389E-05],[1.05461E-03,5.38830E-05],[9.74199E-04,5.36886E-05],[8.90722E-04,5.36910E-05],[8.01112E-04,5.39589E-05],[7.13519E-04,5.40628E-05],[6.30711E-04,5.46408E-05],[5.72100E-04,5.50870E-05],[5.90629E-04,6.00980E-05]],[[1.57082E-03,5.44668E-05],[1.56670E-03,5.41473E-05],[1.55529E-03,5.37655E-05],[1.53428E-03,5.37070E-05],[1.50940E-03,5.39014E-05],[1.47544E-03,5.42986E-05],[1.43776E-03,5.35063E-05],[1.39448E-03,5.34603E-05],[1.34519E-03,5.39658E-05],[1.29224E-03,5.38381E-05],[1.23267E-03,5.38247E-05],[1.16736E-03,5.35061E-05],[1.09996E-03,5.39019E-05],[1.02594E-03,5.34529E-05],[9.45350E-04,5.38358E-05],[8.62181E-04,5.37802E-05],[7.77722E-04,5.38012E-05],[6.92361E-04,5.39035E-05],[6.12202E-04,5.45510E-05],[5.54879E-04,5.53391E-05],[5.72720E-04,5.95210E-05]],[[1.51684E-03,5.43921E-05],[1.51245E-03,5.40022E-05],[1.49959E-03,5.38901E-05],[1.48133E-03,5.39018E-05],[1.45327E-03,5.35393E-05],[1.42601E-03,5.38149E-05],[1.38703E-03,5.35299E-05],[1.34768E-03,5.38291E-05],[1.29954E-03,5.39953E-05],[1.24763E-03,5.38477E-05],[1.18828E-03,5.37612E-05],[1.12975E-03,5.33258E-05],[1.05989E-03,5.37843E-05],[9.88732E-04,5.39566E-05],[9.12719E-04,5.37492E-05],[8.32114E-04,5.40652E-05],[7.50986E-04,5.39879E-05],[6.67474E-04,5.39235E-05],[5.89884E-04,5.41897E-05],[5.35087E-04,5.55009E-05],[5.53479E-04,5.93743E-05]],[[1.45456E-03,5.48930E-05],[1.45246E-03,5.41614E-05],[1.43714E-03,5.39888E-05],[1.41771E-03,5.36955E-05],[1.39618E-03,5.39114E-05],[1.36663E-03,5.36758E-05],[1.33485E-03,5.37509E-05],[1.29074E-03,5.35050E-05],[1.24723E-03,5.36991E-05],[1.19692E-03,5.38242E-05],[1.13962E-03,5.36623E-05],[1.07953E-03,5.39827E-05],[1.01758E-03,5.34729E-05],[9.49133E-04,5.37362E-05],[8.75402E-04,5.36925E-05],[7.99001E-04,5.38164E-05],[7.20022E-04,5.41452E-05],[6.40811E-04,5.41188E-05],[5.66562E-04,5.42695E-05],[5.13074E-04,5.52624E-05],[5.30084E-04,5.98600E-05]],[[1.38659E-03,5.44657E-05],[1.38315E-03,5.40341E-05],[1.37203E-03,5.40059E-05],[1.35436E-03,5.37867E-05],[1.33061E-03,5.36712E-05],[1.30299E-03,5.38960E-05],[1.27228E-03,5.37163E-05],[1.23234E-03,5.41765E-05],[1.19020E-03,5.39900E-05],[1.14266E-03,5.36527E-05],[1.08837E-03,5.38271E-05],[1.03215E-03,5.37622E-05],[9.70190E-04,5.40887E-05],[9.04375E-04,5.39402E-05],[8.34280E-04,5.39622E-05],[7.60907E-04,5.40414E-05],[6.86624E-04,5.38961E-05],[6.10187E-04,5.42417E-05],[5.39958E-04,5.45667E-05],[4.90157E-04,5.54224E-05],[5.06041E-04,5.99583E-05]],[[1.31694E-03,5.46666E-05],[1.30824E-03,5.38048E-05],[1.29811E-03,5.39998E-05],[1.28297E-03,5.37463E-05],[1.26232E-03,5.38752E-05],[1.23478E-03,5.39973E-05],[1.20451E-03,5.40177E-05],[1.16822E-03,5.37709E-05],[1.12658E-03,5.34797E-05],[1.08248E-03,5.37221E-05],[1.03375E-03,5.38184E-05],[9.76799E-04,5.39394E-05],[9.17950E-04,5.38151E-05],[8.56398E-04,5.42002E-05],[7.91495E-04,5.36420E-05],[7.22379E-04,5.38247E-05],[6.50360E-04,5.37138E-05],[5.77777E-04,5.39537E-05],[5.12845E-04,5.43230E-05],[4.64068E-04,5.52470E-05],[4.78749E-04,5.96942E-05]],[[1.23562E-03,5.43412E-05],[1.23270E-03,5.40589E-05],[1.22245E-03,5.38519E-05],[1.20583E-03,5.37010E-05],[1.18504E-03,5.38630E-05],[1.16144E-03,5.39048E-05],[1.13283E-03,5.36380E-05],[1.09657E-03,5.37256E-05],[1.05789E-03,5.36040E-05],[1.01713E-03,5.35365E-05],[9.71150E-04,5.37183E-05],[9.19090E-04,5.35774E-05],[8.64492E-04,5.37041E-05],[8.04099E-04,5.36872E-05],[7.43108E-04,5.39376E-05],[6.78864E-04,5.37272E-05],[6.11801E-04,5.38256E-05],[5.44133E-04,5.42090E-05],[4.81174E-04,5.42967E-05],[4.36444E-04,5.53848E-05],[4.50846E-04,5.99422E-05]],[[1.15176E-03,5.47212E-05],[1.14757E-03,5.36666E-05],[1.13922E-03,5.38039E-05],[1.12234E-03,5.41051E-05],[1.10744E-03,5.37519E-05],[1.08151E-03,5.40241E-05],[1.05323E-03,5.37201E-05],[1.02333E-03,5.41900E-05],[9.87356E-04,5.36496E-05],[9.47337E-04,5.37296E-05],[9.04345E-04,5.37263E-05],[8.55264E-04,5.34381E-05],[8.06142E-04,5.40173E-05],[7.51119E-04,5.38205E-05],[6.95048E-04,5.34599E-05],[6.32916E-04,5.36515E-05],[5.69906E-04,5.37319E-05],[5.07518E-04,5.40219E-05],[4.47799E-04,5.41681E-05],[4.06669E-04,5.53576E-05],[4.21120E-04,5.99899E-05]],[[1.06549E-03,