{
  "seed":-1522876170,
  "pop":10000,
  "Inactive_Cycles":1200,
  "Active_Cycles":2500,
  "Total_CPU_Time":1.31209E+05,
  "Total_Transport_Time":1.52485E+03,
  "Time_Per_Integration":5.18299E-10,
  "Clock_Time":1.78845E+03,
  "keff":{
    "keff":[1.01533E+00,7.75058E-05]
  },
  "fissionRate":{
    "fissionRate":[[[1.76377E-03,5.57480E-05],[1.76052E-03,5.50071E-05],[1.74310E-03,5.46556E-05],[1.72218E-03,5.45451E-05],[1.69140E-03,5.44697E-05],[1.65870E-03,5.42107E-05],[1.61784E-03,5.44242E-05],[1.56747E-03,5.43268E-05],[1.51136E-03,5.41903E-05],[1.45180E-03,5.47261E-05],[1.38676E-03,5.45303E-05],[1.30944E-03,5.46507E-05],[1.23289E-03,5.47004E-05],[1.15012E-03,5.45824E-05],[1.06163E-03,5.46762E-05],[9.68163E-04,5.49076E-05],[8.71400E-04,5.42635E-05],[7.76038E-04,5.45188E-05],[6.86662E-04,5.51599E-05],[6.22224E-04,5.60828E-05],[6.46448E-04,6.03695E-05]],[[1.76013E-03,5.44559E-05],[1.75331E-03,5.40317E-05],[1.73760E-03,5.40181E-05],[1.71137E-03,5.40712E-05],[1.68461E-03,5.35764E-05],[1.65366E-03,5.36054E-05],[1.61238E-03,5.40839E-05],[1.56318E-03,5.35295E-05],[1.50642E-03,5.37470E-05],[1.44646E-03,5.36912E-05],[1.37771E-03,5.36673E-05],[1.30597E-03,5.38584E-05],[1.22969E-03,5.39819E-05],[1.14409E-03,5.39518E-05],[1.05636E-03,5.39846E-05],[9.66486E-04,5.39507E-05],[8.67548E-04,5.41905E-05],[7.71983E-04,5.41727E-05],[6.83825E-04,5.48224E-05],[6.19525E-04,5.53400E-05],[6.43325E-04,5.98135E-05]],[[1.74690E-03,5.43929E-05],[1.73545E-03,5.45802E-05],[1.72569E-03,5.39179E-05],[1.70425E-03,5.36811E-05],[1.67291E-03,5.36932E-05],[1.64111E-03,5.35673E-05],[1.59929E-03,5.39527E-05],[1.55057E-03,5.37839E-05],[1.49396E-03,5.39283E-05],[1.43443E-03,5.37125E-05],[1.36837E-03,5.36881E-05],[1.29585E-03,5.38665E-05],[1.22102E-03,5.36601E-05],[1.13672E-03,5.38995E-05],[1.04963E-03,5.39423E-05],[9.55361E-04,5.37131E-05],[8.62911E-04,5.39929E-05],[7.66274E-04,5.40404E-05],[6.78450E-04,5.43287E-05],[6.14895E-04,5.51668E-05],[6.38300E-04,5.98976E-05]],[[1.72447E-03,5.44345E-05],[1.71539E-03,5.38546E-05],[1.70261E-03,5.35585E-05],[1.68296E-03,5.40527E-05],[1.65330E-03,5.38320E-05],[1.62154E-03,5.37807E-05],[1.57912E-03,5.34911E-05],[1.52748E-03,5.36852E-05],[1.47972E-03,5.34019E-05],[1.41641E-03,5.37679E-05],[1.34886E-03,5.40160E-05],[1.28074E-03,5.36537E-05],[1.20321E-03,5.36260E-05],[1.12533E-03,5.37998E-05],[1.03666E-03,5.38660E-05],[9.44234E-04,5.39924E-05],[8.50639E-04,5.39887E-05],[7.57538E-04,5.42327E-05],[6.70713E-04,5.42363E-05],[6.07938E-04,5.55876E-05],[6.29173E-04,5.98185E-05]],[[1.69862E-03,5.46038E-05],[1.68725E-03,5.38555E-05],[1.67337E-03,5.38015E-05],[1.65273E-03,5.36657E-05],[1.62609E-03,5.40143E-05],[1.59345E-03,5.38771E-05],[1.55491E-03,5.38407E-05],[1.50399E-03,5.35029E-05],[1.44990E-03,5.39651E-05],[1.38889E-03,5.37911E-05],[1.32745E-03,5.39113E-05],[1.25850E-03,5.35199E-05],[1.18187E-03,5.39704E-05],[1.10422E-03,5.36543E-05],[1.01883E-03,5.38115E-05],[9.31144E-04,5.37108E-05],[8.37742E-04,5.40829E-05],[7.44127E-04,5.42081E-05],[6.59087E-04,5.41554E-05],[5.97650E-04,5.54323E-05],[6.20844E-04,5.95718E-05]],[[1.65716E-03,5.44320E-05],[1.65315E-03,5.43314E-05],[1.63606E-03,5.36856E-05],[1.61768E-03,5.36271E-05],[1.59195E-03,5.37982E-05],[1.55828E-03,5.39320E-05],[1.52069E-03,5.36937E-05],[1.47354E-03,5.37073E-05],[1.42107E-03,5.36145E-05],[1.36542E-03,5.34999E-05],[1.29880E-03,5.34425E-05],[1.23598E-03,5.35569E-05],[1.15964E-03,5.39820E-05],[1.07969E-03,5.37782E-05],[9.99485E-04,5.36944E-05],[9.10673E-04,5.36654E-05],[8.20191E-04,5.39253E-05],[7.29177E-04,5.42965E-05],[6.45236E-04,5.46098E-05],[5.86186E-04,5.54165E-05],[6.08248E-04,5.94691E-05]],[[1.61501E-03,5.40437E-05],[1.61077E-03,5.42901E-05],[1.59703E-03,5.37374E-05],[1.57939E-03,5.37216E-05],[1.55246E-03,5.36876E-05],[1.52223E-03,5.34478E-05],[1.48239E-03,5.32987E-05],[1.43543E-03,5.38139E-05],[1.38963E-03,5.36341E-05],[1.32999E-03,5.38617E-05],[1.26825E-03,5.35530E-05],[1.20431E-03,5.35926E-05],[1.13019E-03,5.36875E-05],[1.05490E-03,5.35288E-05],[9.71874E-04,5.32665E-05],[8.88704E-04,5.38640E-05],[8.00444E-04,5.39760E-05],[7.12674E-04,5.36713E-05],[6.31181E-04,5.44139E-05],[5.72764E-04,5.55341E-05],[5.91311E-04,5.97474E-05]],[[1.56884E-03,5.41968E-05],[1.56142E-03,5.40489E-05],[1.54874E-03,5.40254E-05],[1.53187E-03,5.36947E-05],[1.50840E-03,5.36656E-05],[1.47496E-03,5.37399E-05],[1.43605E-03,5.38225E-05],[1.39531E-03,5.34547E-05],[1.34734E-03,5.33107E-05],[1.28987E-03,5.35710E-05],[1.23088E-03,5.37111E-05],[1.16627E-03,5.34427E-05],[1.09476E-03,5.38733E-05],[1.02143E-03,5.37869E-05],[9.43611E-04,5.40823E-05],[8.60368E-04,5.39050E-05],[7.74870E-04,5.38788E-05],[6.90120E-04,5.42408E-05],[6.10727E-04,5.43780E-05],[5.54146E-04,5.49949E-05],[5.73043E-04,5.99993E-05]],[[1.51029E-03,5.46155E-05],[1.51021E-03,5.38392E-05],[1.49609E-03,5.37825E-05],[1.47765E-03,5.38561E-05],[1.45280E-03,5.39742E-05],[1.42355E-03,5.36177E-05],[1.38697E-03,5.37279E-05],[1.34379E-03,5.35489E-05],[1.29735E-03,5.43225E-05],[1.24486E-03,5.39038E-05],[1.18840E-03,5.37033E-05],[1.12616E-03,5.35540E-05],[1.05723E-03,5.36660E-05],[9.88355E-04,5.35386E-05],[9.12183E-04,5.40562E-05],[8.29617E-04,5.42554E-05],[7.48132E-04,5.37202E-05],[6.65873E-04,5.40666E-05],[5.90322E-04,5.43866E-05],[5.33716E-04,5.56182E-05],[5.53920E-04,6.00739E-05]],[[1.45314E-03,5.41569E-05],[1.44751E-03,5.37208E-05],[1.43563E-03,5.36227E-05],[1.42016E-03,5.36214E-05],[1.39459E-03,5.38632E-05],[1.36351E-03,5.37491E-05],[1.33210E-03,5.36544E-05],[1.29010E-03,5.39544E-05],[1.24585E-03,5.38955E-05],[1.19570E-03,5.34413E-05],[1.13961E-03,5.38584E-05],[1.08073E-03,5.35087E-05],[1.01361E-03,5.40950E-05],[9.47100E-04,5.41212E-05],[8.73614E-04,5.40145E-05],[7.96990E-04,5.37054E-05],[7.18677E-04,5.35054E-05],[6.38932E-04,5.40041E-05],[5.64923E-04,5.46948E-05],[5.13693E-04,5.56630E-05],[5.31425E-04,6.00664E-05]],[[1.38726E-03,5.45400E-05],[1.38343E-03,5.35551E-05],[1.37000E-03,5.35890E-05],[1.35346E-03,5.41193E-05],[1.32803E-03,5.35194E-05],[1.29932E-03,5.33653E-05],[1.26903E-03,5.38972E-05],[1.23042E-03,5.39907E-05],[1.18737E-03,5.42188E-05],[1.13868E-03,5.38173E-05],[1.08821E-03,5.38120E-05],[1.03022E-03,5.36353E-05],[9.69469E-04,5.37224E-05],[9.02782E-04,5.39186E-05],[8.32964E-04,5.38231E-05],[7.60248E-04,5.41233E-05],[6.84147E-04,5.39761E-05],[6.09092E-04,5.39984E-05],[5.39246E-04,5.46230E-05],[4.89889E-04,5.54067E-05],[5.07670E-04,5.93434E-05]],[[1.31204E-03,5.47533E-05],[1.30817E-03,5.36275E-05],[1.29410E-03,5.33757E-05],[1.28253E-03,5.36875E-05],[1.25814E-03,5.34157E-05],[1.23260E-03,5.40089E-05],[1.20239E-03,5.37587E-05],[1.16641E-03,5.37688E-05],[1.12461E-03,5.36865E-05],[1.08061E-03,5.38208E-05],[1.03097E-03,5.34758E-05],[9.75598E-04,5.35275E-05],[9.16672E-04,5.37211E-05],[8.55215E-04,5.33740E-05],[7.90182E-04,5.38062E-05],[7.20916E-04,5.41149E-05],[6.49422E-04,5.41627E-05],[5.77894E-04,5.43847E-05],[5.10486E-04,5.42658E-05],[4.63662E-04,5.59727E-05],[4.80955E-04,5.95806E-05]],[[1.23441E-03,5.46150E-05],[1.22984E-03,5.39395E-05],[1.22065E-03,5.41118E-05],[1.20357E-03,5.39474E-05],[1.18499E-03,5.35159E-05],[1.15849E-03,5.35264E-05],[1.13122E-03,5.37801E-05],[1.09724E-03,5.38542E-05],[1.05934E-03,5.39464E-05],[1.01695E-03,5.39735E-05],[9.68335E-04,5.38242E-05],[9.19842E-04,5.32611E-05],[8.64810E-04,5.37793E-05],[8.05566E-04,5.36413E-05],[7.43370E-04,5.36617E-05],[6.77487E-04,5.40450E-05],[6.11317E-04,5.39910E-05],[5.43904E-04,5.37644E-05],[4.80716E-04,5.44766E-05],[4.35781E-04,5.53663E-05],[4.52534E-04,5.99447E-05]],[[1.15254E-03,5.48982E-05],[1.14777E-03,5.39230E-05],[1.13587E-03,5.37975E-05],[1.12264E-03,5.37398E-05],[1.10513E-03,5.38996E-05],[1.08314E-03,5.36153E-05],[1.05421E-03,5.38288E-05],[1.02165E-03,5.36661E-05],[9.88329E-04,5.35841E-05],[9.47043E-04,5.37087E-05],[9.04837E-04,5.36309E-05],[8.57613E-04,5.35526E-05],[8.07011E-04,5.38918E-05],[7.51502E-04,5.39185E-05],[6.92259E-04,5.39639E-05],[6.32120E-04,5.36978E-05],[5.71613E-04,5.38854E-05],[5.07559E-04,5.41711E-05],[4.48063E-04,5.45178E-05],[4.07499E-04,5.55305E-05],[4.21712E-04,5.97831E-05]],