{
  "seed":-845386951,
  "pop":8000,
  "Inactive_Cycles":1200,
  "Active_Cycles":2500,
  "Total_CPU_Time":3.21359E+04,
  "Total_Transport_Time":2.87837E+02,
  "Time_Per_Integration":1.22281E-10,
  "Clock_Time":5.21429E+02,
  "keff":{
    "keff":[1.02062E+00,8.06208E-05]
  },
  "fissionRate":{
    "fissionRate":[[[1.77576E-03,6.64445E-05],[1.76566E-03,6.51175E-05],[1.74977E-03,6.51548E-05],[1.73041E-03,6.42984E-05],[1.70174E-03,6.50268E-05],[1.66674E-03,6.50412E-05],[1.62239E-03,6.45602E-05],[1.57732E-03,6.44658E-05],[1.52070E-03,6.46531E-05],[1.46297E-03,6.47676E-05],[1.39196E-03,6.45285E-05],[1.31823E-03,6.46255E-05],[1.24174E-03,6.46286E-05],[1.15816E-03,6.46228E-05],[1.07058E-03,6.44793E-05],[9.77820E-04,6.51783E-05],[8.81367E-04,6.49552E-05],[7.86906E-04,6.54642E-05],[6.95734E-04,6.55438E-05],[6.27873E-04,6.69842E-05],[6.45122E-04,7.18643E-05]],[[1.76861E-03,6.47736E-05],[1.75845E-03,6.42518E-05],[1.74565E-03,6.38423E-05],[1.72219E-03,6.37357E-05],[1.69558E-03,6.39101E-05],[1.65931E-03,6.39819E-05],[1.61539E-03,6.37944E-05],[1.57001E-03,6.36601E-05],[1.51380E-03,6.42461E-05],[1.45552E-03,6.38613E-05],[1.38967E-03,6.38656E-05],[1.31386E-03,6.40344E-05],[1.23695E-03,6.41768E-05],[1.15450E-03,6.42553E-05],[1.06523E-03,6.40857E-05],[9.71415E-04,6.41170E-05],[8.77370E-04,6.43987E-05],[7.80428E-04,6.44253E-05],[6.90894E-04,6.56403E-05],[6.25785E-04,6.66274E-05],[6.44005E-04,7.07496E-05]],[[1.74910E-03,6.52468E-05],[1.74652E-03,6.38279E-05],[1.72968E-03,6.38556E-05],[1.70941E-03,6.36805E-05],[1.67982E-03,6.38211E-05],[1.64577E-03,6.39047E-05],[1.60304E-03,6.34546E-05],[1.55764E-03,6.40002E-05],[1.50229E-03,6.36797E-05],[1.44454E-03,6.33558E-05],[1.38042E-03,6.38261E-05],[1.30491E-03,6.34417E-05],[1.22520E-03,6.39900E-05],[1.14377E-03,6.39079E-05],[1.05611E-03,6.41313E-05],[9.65492E-04,6.40815E-05],[8.71162E-04,6.41369E-05],[7.74929E-04,6.50123E-05],[6.86465E-04,6.46679E-05],[6.20810E-04,6.61245E-05],[6.37063E-04,7.10069E-05]],[[1.72615E-03,6.46854E-05],[1.71744E-03,6.44167E-05],[1.70619E-03,6.41667E-05],[1.68532E-03,6.39641E-05],[1.66153E-03,6.37852E-05],[1.62783E-03,6.35147E-05],[1.58446E-03,6.36857E-05],[1.53999E-03,6.36651E-05],[1.48669E-03,6.36666E-05],[1.42697E-03,6.34007E-05],[1.35780E-03,6.39477E-05],[1.28730E-03,6.39441E-05],[1.21311E-03,6.38488E-05],[1.13310E-03,6.38690E-05],[1.04305E-03,6.39884E-05],[9.52345E-04,6.37576E-05],[8.63821E-04,6.36004E-05],[7.67854E-04,6.42614E-05],[6.77486E-04,6.45336E-05],[6.13512E-04,6.57874E-05],[6.30193E-04,7.07267E-05]],[[1.70198E-03,6.49522E-05],[1.69229E-03,6.37872E-05],[1.67664E-03,6.38231E-05],[1.65814E-03,6.36164E-05],[1.62904E-03,6.43295E-05],[1.59498E-03,6.37514E-05],[1.55867E-03,6.37556E-05],[1.51158E-03,6.35091E-05],[1.46061E-03,6.33777E-05],[1.40110E-03,6.36232E-05],[1.33871E-03,6.36603E-05],[1.26771E-03,6.38314E-05],[1.19094E-03,6.38966E-05],[1.11347E-03,6.43421E-05],[1.02744E-03,6.38292E-05],[9.38731E-04,6.43115E-05],[8.46018E-04,6.39768E-05],[7.53472E-04,6.43040E-05],[6.66223E-04,6.45961E-05],[6.03168E-04,6.47339E-05],[6.18627E-04,7.10326E-05]],[[1.66691E-03,6.44836E-05],[1.65675E-03,6.41917E-05],[1.64555E-03,6.35716E-05],[1.62611E-03,6.40701E-05],[1.60035E-03,6.36104E-05],[1.56349E-03,6.37230E-05],[1.52536E-03,6.35141E-05],[1.48013E-03,6.39784E-05],[1.42864E-03,6.37753E-05],[1.37158E-03,6.37411E-05],[1.31085E-03,6.34617E-05],[1.24025E-03,6.37396E-05],[1.16779E-03,6.39546E-05],[1.08707E-03,6.39585E-05],[1.00659E-03,6.38482E-05],[9.19319E-04,6.40719E-05],[8.29322E-04,6.33677E-05],[7.36017E-04,6.41301E-05],[6.53774E-04,6.46554E-05],[5.90616E-04,6.59697E-05],[6.07036E-04,7.05719E-05]],[[1.62235E-03,6.46550E-05],[1.61395E-03,6.42098E-05],[1.60237E-03,6.37078E-05],[1.58236E-03,6.35504E-05],[1.55572E-03,6.40062E-05],[1.51951E-03,6.35944E-05],[1.48636E-03,6.36779E-05],[1.44302E-03,6.36081E-05],[1.39189E-03,6.39473E-05],[1.33928E-03,6.38788E-05],[1.27759E-03,6.36101E-05],[1.21017E-03,6.36739E-05],[1.14048E-03,6.37185E-05],[1.06217E-03,6.35833E-05],[9.81257E-04,6.38177E-05],[8.96954E-04,6.37719E-05],[8.08817E-04,6.36867E-05],[7.19386E-04,6.39878E-05],[6.35917E-04,6.47232E-05],[5.76502E-04,6.54853E-05],[5.91543E-04,7.03899E-05]],[[1.57727E-03,6.45909E-05],[1.56651E-03,6.40413E-05],[1.55238E-03,6.33393E-05],[1.53541E-03,6.36576E-05],[1.50892E-03,6.38826E-05],[1.47773E-03,6.33013E-05],[1.43998E-03,6.37543E-05],[1.39902E-03,6.37198E-05],[1.35058E-03,6.36652E-05],[1.29485E-03,6.33682E-05],[1.24054E-03,6.38195E-05],[1.17348E-03,6.34415E-05],[1.10438E-03,6.35831E-05],[1.03164E-03,6.36450E-05],[9.50556E-04,6.40478E-05],[8.68242E-04,6.36819E-05],[7.83331E-04,6.35859E-05],[6.96900E-04,6.43204E-05],[6.17953E-04,6.44010E-05],[5.57957E-04,6.53110E-05],[5.73165E-04,7.09408E-05]],[[1.51946E-03,6.45031E-05],[1.51260E-03,6.39497E-05],[1.49740E-03,6.39251E-05],[1.47989E-03,6.38122E-05],[1.45523E-03,6.36424E-05],[1.42746E-03,6.40773E-05],[1.39339E-03,6.36502E-05],[1.35014E-03,6.39401E-05],[1.30320E-03,6.33453E-05],[1.25055E-03,6.39052E-05],[1.19349E-03,6.35626E-05],[1.13244E-03,6.37635E-05],[1.06712E-03,6.36399E-05],[9.95588E-04,6.42271E-05],[9.18477E-04,6.37427E-05],[8.38308E-04,6.37840E-05],[7.56829E-04,6.37204E-05],[6.73452E-04,6.41022E-05],[5.95834E-04,6.45233E-05],[5.39536E-04,6.57199E-05],[5.52825E-04,7.10829E-05]],[[1.45671E-03,6.49710E-05],[1.44951E-03,6.41170E-05],[1.44130E-03,6.37001E-05],[1.42092E-03,6.43812E-05],[1.39744E-03,6.39365E-05],[1.37148E-03,6.34445E-05],[1.33734E-03,6.34333E-05],[1.29562E-03,6.38796E-05],[1.25472E-03,6.37404E-05],[1.19929E-03,6.34108E-05],[1.14457E-03,6.38628E-05],[1.08673E-03,6.37962E-05],[1.02125E-03,6.38327E-05],[9.52518E-04,6.40452E-05],[8.80977E-04,6.37129E-05],[8.04383E-04,6.40552E-05],[7.24014E-04,6.36096E-05],[6.44422E-04,6.41588E-05],[5.70639E-04,6.41902E-05],[5.17502E-04,6.59817E-05],[5.30650E-04,7.02795E-05]],[[1.38655E-03,6.49268E-05],[1.38184E-03,6.37495E-05],[1.37421E-03,6.37975E-05],[1.35367E-03,6.37791E-05],[1.33446E-03,6.38583E-05],[1.30617E-03,6.38828E-05],[1.27510E-03,6.37763E-05],[1.23553E-03,6.36143E-05],[1.19312E-03,6.39415E-05],[1.14465E-03,6.34631E-05],[1.09294E-03,6.36485E-05],[1.03683E-03,6.37500E-05],[9.73873E-04,6.38975E-05],[9.07654E-04,6.38508E-05],[8.38141E-04,6.38524E-05],[7.65949E-04,6.38716E-05],[6.90891E-04,6.46492E-05],[6.15734E-04,6.37567E-05],[5.45401E-04,6.42450E-05],[4.92999E-04,6.56901E-05],[5.07924E-04,7.08813E-05]],[[1.31707E-03,6.45349E-05],[1.31070E-03,6.38972E-05],[1.30234E-03,6.36408E-05],[1.28705E-03,6.38469E-05],[1.26444E-03,6.41214E-05],[1.23579E-03,6.39173E-05],[1.20806E-03,6.39655E-05],[1.17425E-03,6.35354E-05],[1.13221E-03,6.33561E-05],[1.08477E-03,6.36415E-05],[1.03539E-03,6.36407E-05],[9.81060E-04,6.39251E-05],[9.23883E-04,6.38606E-05],[8.62126E-04,6.37635E-05],[7.95930E-04,6.40614E-05],[7.27104E-04,6.39169E-05],[6.57065E-04,6.44401E-05],[5.84146E-04,6.36504E-05],[5.15648E-04,6.44753E-05],[4.67196E-04,6.60846E-05],[4.80318E-04,7.05399E-05]],[[1.23549E-03,6.47947E-05],[1.23270E-03,6.38331E-05],[1.22581E-03,6.33433E-05],[1.20955E-03,6.36099E-05],[1.18801E-03,6.37983E-05],[1.16410E-03,6.41619E-05],[1.13871E-03,6.37933E-05],[1.10225E-03,6.38398E-05],[1.06358E-03,6.35326E-05],[1.02204E-03,6.35043E-05],[9.72283E-04,6.37782E-05],[9.22364E-04,6.40059E-05],[8.67322E-04,6.39312E-05],[8.09861E-04,6.37933E-05],[7.49097E-04,6.37859E-05],[6.84882E-04,6.38260E-05],[6.16272E-04,6.39965E-05],[5.49040E-04,6.40511E-05],[4.86510E-04,6.45086E-05],[4.38811E-04,6.60034E-05],[4.51784E-04,7.07138E-05]],[[1.15159E-03,6.46731E-05],[1.15024E-03,6.41918E-05],[1.14029E-03,6.42163E-05],[1.12594E-03,6.37748E-05],[1.10853E-03,6.39659E-05],[1.08589E-03,6.37835E-05],[1.06198E-03,6.37311E-05],[1.02749E-03,6.42602E-05],[9.91747E-04,6.37642E-05],[9.51930E-04,6.37810E-05],[9.07272E-04,6.39384E-05],[8.60059E-04,6.40644E-05],[8.07948E-04,6.37587E-05],[7.54804E-04,6.38113E-05],[6.99299E-04,6.39798E-05],[6.38724E-04,6.42229E-05],[5.76539E-04,6.41012E-05],[5.11449E-04,6.41846E-05],[4.53063E-04,6.50706E-05],[4.09717E-04,6.60147E-05],[4.22018E-04,7.10497E-05]],[[1.06565E-03,