{
  "seed":948782946,
  "pop":10000,
  "Inactive_Cycles":1200,
  "Active_Cycles":2500,
  "Total_CPU_Time":5.16286E+05,
  "Total_Transport_Time":6.17504E+03,
  "Time_Per_Integration":2.09866E-09,
  "Clock_Time":6.92198E+03,
  "keff":{
    "keff":[1.01613E+00,7.91162E-05]
  },
  "fissionRate":{
    "fissionRate":[[[1.76077E-03,5.54712E-05],[1.75566E-03,5.50200E-05],[1.74235E-03,5.47525E-05],[1.72217E-03,5.46763E-05],[1.69703E-03,5.47970E-05],[1.65734E-03,5.48417E-05],[1.61866E-03,5.44020E-05],[1.56930E-03,5.42115E-05],[1.51328E-03,5.42461E-05],[1.45567E-03,5.43691E-05],[1.38729E-03,5.45633E-05],[1.31547E-03,5.44326E-05],[1.23714E-03,5.44257E-05],[1.15494E-03,5.46284E-05],[1.06912E-03,5.42705E-05],[9.73199E-04,5.49033E-05],[8.76455E-04,5.45086E-05],[7.79972E-04,5.49818E-05],[6.88150E-04,5.53567E-05],[6.24566E-04,5.60894E-05],[6.46311E-04,6.03448E-05]],[[1.75777E-03,5.49398E-05],[1.75151E-03,5.41646E-05],[1.73744E-03,5.43254E-05],[1.71521E-03,5.40399E-05],[1.68550E-03,5.42796E-05],[1.65173E-03,5.37064E-05],[1.61236E-03,5.41184E-05],[1.56352E-03,5.39759E-05],[1.50998E-03,5.44046E-05],[1.44997E-03,5.37466E-05],[1.38132E-03,5.42660E-05],[1.30982E-03,5.37742E-05],[1.23484E-03,5.36891E-05],[1.14970E-03,5.33991E-05],[1.06105E-03,5.39896E-05],[9.68340E-04,5.40198E-05],[8.72771E-04,5.38354E-05],[7.76212E-04,5.41701E-05],[6.85996E-04,5.46523E-05],[6.22335E-04,5.60572E-05],[6.43019E-04,5.98809E-05]],[[1.74493E-03,5.46108E-05],[1.73884E-03,5.45627E-05],[1.72045E-03,5.39250E-05],[1.70321E-03,5.41503E-05],[1.67257E-03,5.39029E-05],[1.63809E-03,5.37239E-05],[1.59683E-03,5.39547E-05],[1.54613E-03,5.38593E-05],[1.49824E-03,5.38163E-05],[1.43865E-03,5.35271E-05],[1.37078E-03,5.37894E-05],[1.29809E-03,5.39679E-05],[1.22230E-03,5.39389E-05],[1.14063E-03,5.36676E-05],[1.05231E-03,5.42119E-05],[9.62113E-04,5.36430E-05],[8.64569E-04,5.44265E-05],[7.70501E-04,5.42054E-05],[6.81440E-04,5.45492E-05],[6.16176E-04,5.58987E-05],[6.37097E-04,6.01929E-05]],[[1.71938E-03,5.44241E-05],[1.71634E-03,5.40874E-05],[1.69905E-03,5.44351E-05],[1.67981E-03,5.40010E-05],[1.65242E-03,5.40651E-05],[1.61897E-03,5.40306E-05],[1.57559E-03,5.43040E-05],[1.53111E-03,5.42445E-05],[1.48062E-03,5.36317E-05],[1.42018E-03,5.37781E-05],[1.35330E-03,5.36962E-05],[1.28321E-03,5.36735E-05],[1.20750E-03,5.38386E-05],[1.12659E-03,5.40515E-05],[1.04133E-03,5.36419E-05],[9.47687E-04,5.43059E-05],[8.55063E-04,5.35642E-05],[7.61192E-04,5.42301E-05],[6.73564E-04,5.43856E-05],[6.07316E-04,5.53250E-05],[6.28901E-04,5.98461E-05]],[[1.69388E-03,5.45773E-05],[1.68841E-03,5.39336E-05],[1.67378E-03,5.40544E-05],[1.65145E-03,5.37904E-05],[1.62699E-03,5.37132E-05],[1.59032E-03,5.39463E-05],[1.55469E-03,5.40172E-05],[1.50541E-03,5.35493E-05],[1.45325E-03,5.36895E-05],[1.39613E-03,5.41703E-05],[1.33099E-03,5.36709E-05],[1.26003E-03,5.39786E-05],[1.18532E-03,5.32809E-05],[1.10430E-03,5.39725E-05],[1.02087E-03,5.37161E-05],[9.31783E-04,5.38604E-05],[8.40095E-04,5.41402E-05],[7.46943E-04,5.42938E-05],[6.59825E-04,5.46161E-05],[5.98057E-04,5.51697E-05],[6.19623E-04,5.97541E-05]],[[1.65738E-03,5.50622E-05],[1.65237E-03,5.39198E-05],[1.63736E-03,5.38797E-05],[1.61791E-03,5.35431E-05],[1.59172E-03,5.40960E-05],[1.55599E-03,5.36914E-05],[1.52031E-03,5.40502E-05],[1.47323E-03,5.39065E-05],[1.42381E-03,5.40117E-05],[1.36402E-03,5.39415E-05],[1.30104E-03,5.38186E-05],[1.23516E-03,5.38908E-05],[1.16041E-03,5.40396E-05],[1.08330E-03,5.37029E-05],[1.00027E-03,5.37053E-05],[9.10425E-04,5.40902E-05],[8.22184E-04,5.36356E-05],[7.30863E-04,5.40526E-05],[6.45180E-04,5.39048E-05],[5.85820E-04,5.53295E-05],[6.04613E-04,6.01508E-05]],[[1.61493E-03,5.48154E-05],[1.61152E-03,5.41636E-05],[1.59663E-03,5.39256E-05],[1.58076E-03,5.35936E-05],[1.55276E-03,5.38206E-05],[1.51857E-03,5.37568E-05],[1.48199E-03,5.37895E-05],[1.43774E-03,5.37114E-05],[1.38687E-03,5.36949E-05],[1.33246E-03,5.41516E-05],[1.27044E-03,5.39944E-05],[1.20359E-03,5.35165E-05],[1.13149E-03,5.34253E-05],[1.05372E-03,5.37800E-05],[9.74222E-04,5.36949E-05],[8.88729E-04,5.39674E-05],[8.01061E-04,5.40219E-05],[7.10909E-04,5.39560E-05],[6.29080E-04,5.43321E-05],[5.70917E-04,5.54625E-05],[5.90146E-04,5.95577E-05]],[[1.56775E-03,5.45341E-05],[1.56546E-03,5.38842E-05],[1.54895E-03,5.36483E-05],[1.53140E-03,5.37853E-05],[1.50600E-03,5.41220E-05],[1.47356E-03,5.43017E-05],[1.43640E-03,5.39461E-05],[1.39550E-03,5.37829E-05],[1.34586E-03,5.36065E-05],[1.28970E-03,5.39366E-05],[1.23080E-03,5.37053E-05],[1.16657E-03,5.39062E-05],[1.09578E-03,5.39255E-05],[1.02257E-03,5.40733E-05],[9.42889E-04,5.38202E-05],[8.62138E-04,5.36357E-05],[7.74893E-04,5.38433E-05],[6.90426E-04,5.43111E-05],[6.11203E-04,5.45733E-05],[5.54008E-04,5.56188E-05],[5.72650E-04,5.96958E-05]],[[1.51417E-03,5.44967E-05],[1.50842E-03,5.41082E-05],[1.49672E-03,5.40075E-05],[1.47904E-03,5.39724E-05],[1.45196E-03,5.37733E-05],[1.41983E-03,5.40593E-05],[1.38604E-03,5.38191E-05],[1.34340E-03,5.38939E-05],[1.30008E-03,5.38365E-05],[1.24818E-03,5.35954E-05],[1.18949E-03,5.37691E-05],[1.12593E-03,5.37210E-05],[1.05926E-03,5.37316E-05],[9.85934E-04,5.37248E-05],[9.11663E-04,5.38247E-05],[8.29892E-04,5.41198E-05],[7.50254E-04,5.38712E-05],[6.65724E-04,5.42833E-05],[5.89577E-04,5.43525E-05],[5.33899E-04,5.55447E-05],[5.52153E-04,5.96412E-05]],[[1.45476E-03,5.45670E-05],[1.44784E-03,5.42278E-05],[1.43636E-03,5.38055E-05],[1.42006E-03,5.34354E-05],[1.39519E-03,5.41109E-05],[1.36354E-03,5.36820E-05],[1.32895E-03,5.34443E-05],[1.29295E-03,5.34656E-05],[1.24640E-03,5.38685E-05],[1.19686E-03,5.39008E-05],[1.14156E-03,5.37063E-05],[1.08188E-03,5.41224E-05],[1.01535E-03,5.37769E-05],[9.48027E-04,5.37087E-05],[8.74005E-04,5.37660E-05],[8.00111E-04,5.35653E-05],[7.18876E-04,5.36021E-05],[6.39520E-04,5.42088E-05],[5.65752E-04,5.45364E-05],[5.11604E-04,5.58516E-05],[5.29244E-04,5.97695E-05]],[[1.38672E-03,5.48852E-05],[1.38354E-03,5.40941E-05],[1.37070E-03,5.39330E-05],[1.35176E-03,5.34843E-05],[1.33119E-03,5.36733E-05],[1.30393E-03,5.36454E-05],[1.27048E-03,5.37771E-05],[1.23231E-03,5.35502E-05],[1.18785E-03,5.35789E-05],[1.13891E-03,5.41672E-05],[1.08827E-03,5.37050E-05],[1.03017E-03,5.39239E-05],[9.70294E-04,5.38627E-05],[9.04055E-04,5.39451E-05],[8.33227E-04,5.39021E-05],[7.61654E-04,5.38564E-05],[6.86523E-04,5.38756E-05],[6.10724E-04,5.44407E-05],[5.40375E-04,5.40550E-05],[4.88299E-04,5.58074E-05],[5.05059E-04,5.95772E-05]],[[1.31379E-03,5.51124E-05],[1.30704E-03,5.40488E-05],[1.29986E-03,5.41089E-05],[1.28142E-03,5.39577E-05],[1.26226E-03,5.37014E-05],[1.23381E-03,5.38768E-05],[1.20595E-03,5.37205E-05],[1.16798E-03,5.32706E-05],[1.12514E-03,5.37636E-05],[1.07943E-03,5.36808E-05],[1.03186E-03,5.41760E-05],[9.77311E-04,5.36158E-05],[9.15337E-04,5.40535E-05],[8.55227E-04,5.40855E-05],[7.92894E-04,5.38908E-05],[7.19691E-04,5.36119E-05],[6.49914E-04,5.40514E-05],[5.78083E-04,5.41344E-05],[5.11019E-04,5.44192E-05],[4.63384E-04,5.57304E-05],[4.79288E-04,6.01861E-05]],[[1.23630E-03,5.47102E-05],[1.23039E-03,5.40403E-05],[1.22083E-03,5.41315E-05],[1.20605E-03,5.36948E-05],[1.18646E-03,5.40832E-05],[1.16088E-03,5.36535E-05],[1.13068E-03,5.40700E-05],[1.09737E-03,5.34575E-05],[1.05832E-03,5.35511E-05],[1.01831E-03,5.33742E-05],[9.72062E-04,5.38348E-05],[9.18653E-04,5.38608E-05],[8.65478E-04,5.36453E-05],[8.07086E-04,5.38872E-05],[7.44530E-04,5.39053E-05],[6.78329E-04,5.37279E-05],[6.11312E-04,5.39867E-05],[5.42819E-04,5.42341E-05],[4.81168E-04,5.41302E-05],[4.36222E-04,5.53805E-05],[4.51600E-04,5.94849E-05]],[[1.15420E-03,5.41854E-05],[1.14842E-03,5.43762E-05],[1.13809E-03,5.36829E-05],[1.12381E-03,5.38339E-05],[1.10516E-03,5.40870E-05],[1.08357E-03,5.39013E-05],[1.05879E-03,5.36849E-05],[1.02450E-03,5.38541E-05],[9.89413E-04,5.38766E-05],[9.48304E-04,5.39031E-05],[9.04538E-04,5.38838E-05],[8.55980E-04,5.39969E-05],[8.04258E-04,5.40494E-05],[7.49119E-04,5.38899E-05],[6.92319E-04,5.38453E-05],[6.33108E-04,5.39454E-05],[5.70539E-04,5.36670E-05],[5.07848E-04,5.44412E-05],[4.48478E-04,5.44880E-05],[4.06980E-04,5.54015E-05],[4.21038E-04,5.94953E-05]],[[1.06433E-03,