{
  "seed":-1159141562,
  "pop":10000,
  "Inactive_Cycles":1200,
  "Active_Cycles":2500,
  "Total_CPU_Time":3.86515E+04,
  "Total_Transport_Time":3.73908E+02,
  "Time_Per_Integration":1.27091E-10,
  "Clock_Time":6.07324E+02,
  "keff":{
    "keff":[1.02039E+00,7.18845E-05]
  },
  "fissionRate":{
    "fissionRate":[[[1.76892E-03,5.94471E-05],[1.76815E-03,5.85930E-05],[1.74916E-03,5.76986E-05],[1.72877E-03,5.75167E-05],[1.70322E-03,5.80631E-05],[1.66321E-03,5.77142E-05],[1.62484E-03,5.78369E-05],[1.57712E-03,5.77580E-05],[1.51865E-03,5.80729E-05],[1.45699E-03,5.77321E-05],[1.39100E-03,5.77426E-05],[1.31768E-03,5.79142E-05],[1.24160E-03,5.77409E-05],[1.15501E-03,5.78763E-05],[1.06948E-03,5.81421E-05],[9.74982E-04,5.82783E-05],[8.78813E-04,5.80744E-05],[7.83996E-04,5.80620E-05],[6.93130E-04,5.86980E-05],[6.27700E-04,5.93382E-05],[6.44699E-04,6.40461E-05]],[[1.76448E-03,5.87647E-05],[1.75871E-03,5.75745E-05],[1.74673E-03,5.67640E-05],[1.72372E-03,5.73417E-05],[1.69453E-03,5.70111E-05],[1.65886E-03,5.69891E-05],[1.61838E-03,5.72865E-05],[1.56956E-03,5.69050E-05],[1.51080E-03,5.73679E-05],[1.45236E-03,5.71269E-05],[1.38482E-03,5.73247E-05],[1.31348E-03,5.69588E-05],[1.23717E-03,5.71130E-05],[1.15333E-03,5.68628E-05],[1.06335E-03,5.73855E-05],[9.72599E-04,5.77157E-05],[8.75992E-04,5.75726E-05],[7.82259E-04,5.76965E-05],[6.91738E-04,5.81635E-05],[6.24761E-04,5.89570E-05],[6.40972E-04,6.38928E-05]],[[1.75301E-03,5.76760E-05],[1.74527E-03,5.70248E-05],[1.73286E-03,5.72701E-05],[1.70869E-03,5.72879E-05],[1.67626E-03,5.71606E-05],[1.64454E-03,5.75434E-05],[1.60448E-03,5.71839E-05],[1.55671E-03,5.69927E-05],[1.49902E-03,5.67502E-05],[1.43831E-03,5.71818E-05],[1.36981E-03,5.72075E-05],[1.30281E-03,5.69813E-05],[1.22314E-03,5.68467E-05],[1.14300E-03,5.70706E-05],[1.05655E-03,5.73840E-05],[9.64074E-04,5.71320E-05],[8.69108E-04,5.73541E-05],[7.73981E-04,5.74204E-05],[6.85181E-04,5.77054E-05],[6.18445E-04,5.92024E-05],[6.36850E-04,6.39171E-05]],[[1.72807E-03,5.80022E-05],[1.72059E-03,5.71081E-05],[1.71152E-03,5.69732E-05],[1.68898E-03,5.73677E-05],[1.65777E-03,5.73602E-05],[1.62761E-03,5.66707E-05],[1.58513E-03,5.75907E-05],[1.53821E-03,5.70765E-05],[1.48253E-03,5.71037E-05],[1.42174E-03,5.71505E-05],[1.35485E-03,5.71708E-05],[1.28585E-03,5.70631E-05],[1.20811E-03,5.73962E-05],[1.12792E-03,5.73384E-05],[1.04245E-03,5.71044E-05],[9.51525E-04,5.67356E-05],[8.59920E-04,5.75461E-05],[7.65167E-04,5.75452E-05],[6.75646E-04,5.83516E-05],[6.11958E-04,5.87822E-05],[6.28579E-04,6.35152E-05]],[[1.70009E-03,5.78092E-05],[1.69599E-03,5.75933E-05],[1.68174E-03,5.70435E-05],[1.66067E-03,5.72724E-05],[1.63196E-03,5.70464E-05],[1.59690E-03,5.63733E-05],[1.55619E-03,5.68637E-05],[1.51009E-03,5.68757E-05],[1.45748E-03,5.72079E-05],[1.39754E-03,5.70808E-05],[1.33318E-03,5.69450E-05],[1.26397E-03,5.74571E-05],[1.19144E-03,5.74648E-05],[1.11143E-03,5.67810E-05],[1.02563E-03,5.71324E-05],[9.37236E-04,5.71214E-05],[8.44998E-04,5.70279E-05],[7.52848E-04,5.73785E-05],[6.65226E-04,5.75912E-05],[6.02180E-04,5.83044E-05],[6.18699E-04,6.32980E-05]],[[1.66552E-03,5.79312E-05],[1.65819E-03,5.68212E-05],[1.64608E-03,5.77972E-05],[1.62614E-03,5.71862E-05],[1.59567E-03,5.72891E-05],[1.56480E-03,5.68038E-05],[1.52641E-03,5.70194E-05],[1.47780E-03,5.69910E-05],[1.42632E-03,5.68871E-05],[1.37223E-03,5.74618E-05],[1.30937E-03,5.69567E-05],[1.23877E-03,5.69559E-05],[1.16600E-03,5.69973E-05],[1.08465E-03,5.72587E-05],[1.00495E-03,5.67679E-05],[9.16266E-04,5.72460E-05],[8.29076E-04,5.69236E-05],[7.36407E-04,5.75950E-05],[6.51280E-04,5.71203E-05],[5.88939E-04,5.86167E-05],[6.06026E-04,6.29808E-05]],[[1.62531E-03,5.77851E-05],[1.61737E-03,5.74731E-05],[1.60356E-03,5.70382E-05],[1.58344E-03,5.70874E-05],[1.55822E-03,5.72829E-05],[1.52730E-03,5.71445E-05],[1.48556E-03,5.66454E-05],[1.44056E-03,5.70949E-05],[1.39359E-03,5.71565E-05],[1.33938E-03,5.68087E-05],[1.27342E-03,5.68289E-05],[1.20902E-03,5.74547E-05],[1.13525E-03,5.70302E-05],[1.06012E-03,5.70273E-05],[9.78267E-04,5.70413E-05],[8.93595E-04,5.71015E-05],[8.07278E-04,5.70710E-05],[7.18700E-04,5.76190E-05],[6.36081E-04,5.73720E-05],[5.74284E-04,5.85795E-05],[5.92404E-04,6.31237E-05]],[[1.57485E-03,5.74809E-05],[1.56655E-03,5.74189E-05],[1.55252E-03,5.70805E-05],[1.53377E-03,5.75784E-05],[1.51343E-03,5.74263E-05],[1.48218E-03,5.67854E-05],[1.44088E-03,5.73823E-05],[1.39964E-03,5.71039E-05],[1.35131E-03,5.73529E-05],[1.29834E-03,5.68842E-05],[1.23566E-03,5.68380E-05],[1.17192E-03,5.69047E-05],[1.10355E-03,5.68547E-05],[1.02984E-03,5.70837E-05],[9.49861E-04,5.75339E-05],[8.67166E-04,5.72223E-05],[7.82796E-04,5.70337E-05],[6.97075E-04,5.71678E-05],[6.16531E-04,5.76611E-05],[5.57519E-04,5.85902E-05],[5.73104E-04,6.32120E-05]],[[1.51643E-03,5.79748E-05],[1.51337E-03,5.71294E-05],[1.50302E-03,5.72338E-05],[1.48406E-03,5.68534E-05],[1.45916E-03,5.68474E-05],[1.42726E-03,5.67234E-05],[1.39272E-03,5.70299E-05],[1.35087E-03,5.70369E-05],[1.30374E-03,5.68174E-05],[1.25196E-03,5.67326E-05],[1.19286E-03,5.70983E-05],[1.13045E-03,5.67761E-05],[1.06455E-03,5.66015E-05],[9.93172E-04,5.72817E-05],[9.16762E-04,5.72009E-05],[8.37043E-04,5.69563E-05],[7.53973E-04,5.76247E-05],[6.71906E-04,5.71576E-05],[5.94446E-04,5.76146E-05],[5.37855E-04,5.87944E-05],[5.52001E-04,6.29997E-05]],[[1.45591E-03,5.75613E-05],[1.45088E-03,5.71040E-05],[1.43925E-03,5.71172E-05],[1.42319E-03,5.74140E-05],[1.40012E-03,5.66375E-05],[1.37105E-03,5.70281E-05],[1.33673E-03,5.68353E-05],[1.29721E-03,5.68023E-05],[1.24935E-03,5.71200E-05],[1.20154E-03,5.70850E-05],[1.14471E-03,5.68738E-05],[1.08516E-03,5.65595E-05],[1.02143E-03,5.67414E-05],[9.51871E-04,5.71744E-05],[8.78709E-04,5.71881E-05],[8.03867E-04,5.72906E-05],[7.25075E-04,5.74031E-05],[6.44793E-04,5.72793E-05],[5.71318E-04,5.76593E-05],[5.16072E-04,5.85671E-05],[5.30297E-04,6.31666E-05]],[[1.38924E-03,5.81360E-05],[1.38565E-03,5.73621E-05],[1.37439E-03,5.68199E-05],[1.35781E-03,5.67178E-05],[1.33891E-03,5.68460E-05],[1.30675E-03,5.69486E-05],[1.27380E-03,5.68857E-05],[1.23832E-03,5.69734E-05],[1.19199E-03,5.66782E-05],[1.14593E-03,5.68193E-05],[1.09184E-03,5.68953E-05],[1.03502E-03,5.70319E-05],[9.74982E-04,5.67916E-05],[9.08093E-04,5.72872E-05],[8.38095E-04,5.72940E-05],[7.65848E-04,5.71177E-05],[6.90749E-04,5.74701E-05],[6.16040E-04,5.73383E-05],[5.44748E-04,5.76123E-05],[4.92321E-04,5.88476E-05],[5.06308E-04,6.31887E-05]],[[1.32039E-03,5.74411E-05],[1.31160E-03,5.71101E-05],[1.30189E-03,5.68955E-05],[1.28733E-03,5.74386E-05],[1.26360E-03,5.68170E-05],[1.23827E-03,5.68794E-05],[1.20778E-03,5.69929E-05],[1.17247E-03,5.70198E-05],[1.13130E-03,5.73243E-05],[1.08627E-03,5.75938E-05],[1.03495E-03,5.71721E-05],[9.80605E-04,5.68539E-05],[9.23770E-04,5.65622E-05],[8.60253E-04,5.70303E-05],[7.96225E-04,5.71594E-05],[7.25536E-04,5.73568E-05],[6.55006E-04,5.74204E-05],[5.82978E-04,5.71461E-05],[5.15368E-04,5.78550E-05],[4.66766E-04,5.87560E-05],[4.79460E-04,6.38463E-05]],[[1.23770E-03,5.78307E-05],[1.23212E-03,5.71292E-05],[1.22526E-03,5.71631E-05],[1.21003E-03,5.70445E-05],[1.18969E-03,5.70126E-05],[1.16434E-03,5.71172E-05],[1.13596E-03,5.70908E-05],[1.10058E-03,5.70058E-05],[1.06430E-03,5.73153E-05],[1.02250E-03,5.70868E-05],[9.74954E-04,5.72715E-05],[9.23223E-04,5.66639E-05],[8.68886E-04,5.68258E-05],[8.10022E-04,5.71226E-05],[7.48707E-04,5.70018E-05],[6.82895E-04,5.71761E-05],[6.16567E-04,5.70173E-05],[5.48757E-04,5.74919E-05],[4.85428E-04,5.78927E-05],[4.39083E-04,5.89429E-05],[4.51819E-04,6.31561E-05]],[[1.15518E-03,5.76070E-05],[1.15072E-03,5.69268E-05],[1.14329E-03,5.73376E-05],[1.12834E-03,5.70595E-05],[1.10967E-03,5.73641E-05],[1.08686E-03,5.67886E-05],[1.05994E-03,5.72343E-05],[1.02968E-03,5.71651E-05],[9.90669E-04,5.70801E-05],[9.52866E-04,5.69688E-05],[9.07543E-04,5.70826E-05],[8.59335E-04,5.72663E-05],[8.09948E-04,5.72057E-05],[7.54608E-04,5.69490E-05],[6.97548E-04,5.68912E-05],[6.37271E-04,5.69537E-05],[5.75132E-04,5.71707E-05],[5.11701E-04,5.72820E-05],[4.52930E-04,5.76060E-05],[4.09406E-04,5.87873E-05],[4.21104E-04,6.33357E-05]],