{
  "seed":-1695696956,
  "pop":8000,
  "Inactive_Cycles":1200,
  "Active_Cycles":2500,
  "Total_CPU_Time":3.21413E+04,
  "Total_Transport_Time":2.88069E+02,
  "Time_Per_Integration":1.22387E-10,
  "Clock_Time":5.21422E+02,
  "keff":{
    "keff":[1.02058E+00,8.05215E-05]
  },
  "fissionRate":{
    "fissionRate":[[[1.77310E-03,6.62100E-05],[1.76194E-03,6.47515E-05],[1.74619E-03,6.48379E-05],[1.72955E-03,6.45954E-05],[1.70166E-03,6.45924E-05],[1.66670E-03,6.46594E-05],[1.62973E-03,6.44850E-05],[1.57712E-03,6.44866E-05],[1.52607E-03,6.43256E-05],[1.46258E-03,6.46005E-05],[1.39192E-03,6.44733E-05],[1.32095E-03,6.47456E-05],[1.24353E-03,6.47155E-05],[1.15724E-03,6.49753E-05],[1.06730E-03,6.45948E-05],[9.76725E-04,6.48238E-05],[8.80232E-04,6.54589E-05],[7.82940E-04,6.51350E-05],[6.91190E-04,6.58829E-05],[6.26497E-04,6.66278E-05],[6.44363E-04,7.16551E-05]],[[1.76372E-03,6.50410E-05],[1.75868E-03,6.38588E-05],[1.74119E-03,6.38296E-05],[1.72264E-03,6.38446E-05],[1.69548E-03,6.38256E-05],[1.66348E-03,6.40638E-05],[1.62154E-03,6.44910E-05],[1.56949E-03,6.42476E-05],[1.51681E-03,6.43764E-05],[1.45519E-03,6.38047E-05],[1.38781E-03,6.40268E-05],[1.31678E-03,6.33762E-05],[1.23479E-03,6.43008E-05],[1.15261E-03,6.41133E-05],[1.06704E-03,6.38521E-05],[9.71932E-04,6.44091E-05],[8.75974E-04,6.46086E-05],[7.80077E-04,6.47068E-05],[6.88666E-04,6.53313E-05],[6.24071E-04,6.57161E-05],[6.41685E-04,7.06759E-05]],[[1.75329E-03,6.45197E-05],[1.74286E-03,6.43425E-05],[1.73018E-03,6.40148E-05],[1.70784E-03,6.34981E-05],[1.67955E-03,6.40785E-05],[1.64780E-03,6.35651E-05],[1.60475E-03,6.38240E-05],[1.55776E-03,6.39768E-05],[1.50197E-03,6.40161E-05],[1.44117E-03,6.37090E-05],[1.37733E-03,6.39935E-05],[1.30251E-03,6.41161E-05],[1.22842E-03,6.39523E-05],[1.14456E-03,6.36844E-05],[1.05655E-03,6.38850E-05],[9.61920E-04,6.45297E-05],[8.69769E-04,6.41735E-05],[7.73843E-04,6.41674E-05],[6.85040E-04,6.49185E-05],[6.19956E-04,6.57812E-05],[6.36531E-04,7.05257E-05]],[[1.73141E-03,6.43476E-05],[1.72338E-03,6.38122E-05],[1.71238E-03,6.41037E-05],[1.68522E-03,6.38265E-05],[1.66225E-03,6.35349E-05],[1.62571E-03,6.38138E-05],[1.58295E-03,6.34928E-05],[1.53568E-03,6.35273E-05],[1.48149E-03,6.34333E-05],[1.42503E-03,6.44551E-05],[1.35908E-03,6.39344E-05],[1.28673E-03,6.36606E-05],[1.21185E-03,6.41542E-05],[1.12643E-03,6.40570E-05],[1.04314E-03,6.39691E-05],[9.51801E-04,6.39778E-05],[8.57078E-04,6.40274E-05],[7.63619E-04,6.45965E-05],[6.77044E-04,6.43932E-05],[6.12167E-04,6.56477E-05],[6.29568E-04,7.07654E-05]],[[1.69926E-03,6.47645E-05],[1.69743E-03,6.38689E-05],[1.68216E-03,6.36362E-05],[1.65899E-03,6.38146E-05],[1.63298E-03,6.42008E-05],[1.59646E-03,6.37459E-05],[1.55900E-03,6.41405E-05],[1.50860E-03,6.37756E-05],[1.45888E-03,6.35726E-05],[1.39855E-03,6.36602E-05],[1.33349E-03,6.41848E-05],[1.26741E-03,6.40305E-05],[1.19291E-03,6.36050E-05],[1.11071E-03,6.38611E-05],[1.02521E-03,6.45257E-05],[9.36769E-04,6.39756E-05],[8.45661E-04,6.38708E-05],[7.53201E-04,6.38548E-05],[6.64283E-04,6.48356E-05],[6.02221E-04,6.56104E-05],[6.19236E-04,7.05538E-05]],[[1.66389E-03,6.46863E-05],[1.65843E-03,6.40181E-05],[1.64791E-03,6.39018E-05],[1.62562E-03,6.37733E-05],[1.59950E-03,6.36104E-05],[1.56471E-03,6.35192E-05],[1.52711E-03,6.38712E-05],[1.48085E-03,6.39905E-05],[1.42828E-03,6.40481E-05],[1.37141E-03,6.44122E-05],[1.30933E-03,6.40537E-05],[1.24043E-03,6.38074E-05],[1.16509E-03,6.36829E-05],[1.08784E-03,6.38087E-05],[1.00390E-03,6.39092E-05],[9.18897E-04,6.41368E-05],[8.25892E-04,6.38305E-05],[7.35827E-04,6.40011E-05],[6.51411E-04,6.47603E-05],[5.89640E-04,6.59814E-05],[6.05781E-04,7.08810E-05]],[[1.62204E-03,6.43281E-05],[1.61661E-03,6.41062E-05],[1.60271E-03,6.38368E-05],[1.57841E-03,6.41291E-05],[1.55723E-03,6.34668E-05],[1.52824E-03,6.34819E-05],[1.48691E-03,6.38340E-05],[1.44292E-03,6.40185E-05],[1.38900E-03,6.40623E-05],[1.34024E-03,6.35730E-05],[1.27565E-03,6.37653E-05],[1.20779E-03,6.38690E-05],[1.13797E-03,6.34188E-05],[1.06234E-03,6.37222E-05],[9.78035E-04,6.40558E-05],[8.94680E-04,6.35884E-05],[8.05922E-04,6.39886E-05],[7.19042E-04,6.42817E-05],[6.35803E-04,6.44084E-05],[5.75218E-04,6.57608E-05],[5.90270E-04,7.08050E-05]],[[1.57816E-03,6.52816E-05],[1.56673E-03,6.42925E-05],[1.55293E-03,6.35508E-05],[1.53972E-03,6.38769E-05],[1.51282E-03,6.33621E-05],[1.48052E-03,6.31917E-05],[1.44402E-03,6.36298E-05],[1.39857E-03,6.39351E-05],[1.34882E-03,6.38182E-05],[1.29912E-03,6.38101E-05],[1.23716E-03,6.37876E-05],[1.17505E-03,6.36289E-05],[1.10483E-03,6.37295E-05],[1.02852E-03,6.37612E-05],[9.49574E-04,6.39305E-05],[8.69150E-04,6.42165E-05],[7.82905E-04,6.41811E-05],[6.97386E-04,6.41186E-05],[6.17522E-04,6.42985E-05],[5.57244E-04,6.56407E-05],[5.74282E-04,7.08879E-05]],[[1.51988E-03,6.49148E-05],[1.51460E-03,6.37645E-05],[1.50152E-03,6.34752E-05],[1.48675E-03,6.36365E-05],[1.45931E-03,6.38551E-05],[1.42964E-03,6.37387E-05],[1.39548E-03,6.39279E-05],[1.35313E-03,6.38973E-05],[1.30292E-03,6.39949E-05],[1.25238E-03,6.39744E-05],[1.19446E-03,6.35075E-05],[1.13138E-03,6.38203E-05],[1.06317E-03,6.40470E-05],[9.91810E-04,6.38614E-05],[9.16571E-04,6.41779E-05],[8.40026E-04,6.36272E-05],[7.54973E-04,6.43017E-05],[6.74615E-04,6.40604E-05],[5.96498E-04,6.42602E-05],[5.38997E-04,6.55246E-05],[5.53542E-04,7.04446E-05]],[[1.45788E-03,6.46418E-05],[1.45346E-03,6.36732E-05],[1.44108E-03,6.41356E-05],[1.42586E-03,6.37025E-05],[1.40163E-03,6.37297E-05],[1.37334E-03,6.38457E-05],[1.33734E-03,6.35413E-05],[1.29613E-03,6.38255E-05],[1.25186E-03,6.40218E-05],[1.19851E-03,6.39843E-05],[1.14581E-03,6.38484E-05],[1.08895E-03,6.34442E-05],[1.02327E-03,6.37432E-05],[9.52979E-04,6.36492E-05],[8.83547E-04,6.37341E-05],[8.06353E-04,6.41786E-05],[7.27048E-04,6.40810E-05],[6.47389E-04,6.40156E-05],[5.72450E-04,6.42533E-05],[5.16867E-04,6.56805E-05],[5.31266E-04,7.10004E-05]],[[1.39091E-03,6.47800E-05],[1.38313E-03,6.37408E-05],[1.37365E-03,6.37038E-05],[1.35983E-03,6.37778E-05],[1.33669E-03,6.41057E-05],[1.31161E-03,6.36301E-05],[1.27413E-03,6.35167E-05],[1.23775E-03,6.37620E-05],[1.19553E-03,6.36938E-05],[1.14465E-03,6.37984E-05],[1.09228E-03,6.37168E-05],[1.03531E-03,6.36709E-05],[9.74121E-04,6.38882E-05],[9.09783E-04,6.36598E-05],[8.39306E-04,6.36449E-05],[7.68854E-04,6.38805E-05],[6.92419E-04,6.39973E-05],[6.16400E-04,6.38943E-05],[5.46095E-04,6.45152E-05],[4.94853E-04,6.56789E-05],[5.07694E-04,7.08406E-05]],[[1.31774E-03,6.43339E-05],[1.31358E-03,6.38299E-05],[1.30547E-03,6.38978E-05],[1.28750E-03,6.38802E-05],[1.26761E-03,6.34945E-05],[1.24269E-03,6.37707E-05],[1.20864E-03,6.42932E-05],[1.17176E-03,6.34950E-05],[1.13204E-03,6.34548E-05],[1.08901E-03,6.35076E-05],[1.03768E-03,6.41898E-05],[9.81931E-04,6.40122E-05],[9.25384E-04,6.34729E-05],[8.63424E-04,6.35949E-05],[7.97469E-04,6.41276E-05],[7.26301E-04,6.42392E-05],[6.55059E-04,6.41515E-05],[5.85622E-04,6.41301E-05],[5.16194E-04,6.43114E-05],[4.68554E-04,6.57116E-05],[4.81580E-04,7.01609E-05]],[[1.24463E-03,6.48699E-05],[1.23570E-03,6.39112E-05],[1.22729E-03,6.37824E-05],[1.21283E-03,6.39541E-05],[1.19336E-03,6.37773E-05],[1.16758E-03,6.37247E-05],[1.13848E-03,6.42269E-05],[1.10322E-03,6.37710E-05],[1.06575E-03,6.39839E-05],[1.02384E-03,6.39780E-05],[9.74213E-04,6.43457E-05],[9.24175E-04,6.37671E-05],[8.68769E-04,6.41355E-05],[8.10466E-04,6.39918E-05],[7.50423E-04,6.39879E-05],[6.83454E-04,6.41710E-05],[6.18040E-04,6.40986E-05],[5.50069E-04,6.45572E-05],[4.87016E-04,6.47760E-05],[4.41171E-04,6.56822E-05],[4.52082E-04,7.03290E-05]],[[1.15826E-03,6.47028E-05],[1.15134E-03,6.39457E-05],[1.14577E-03,6.37965E-05],[1.12867E-03,6.42714E-05],[1.11284E-03,6.37747E-05],[1.08996E-03,6.39422E-05],[1.06056E-03,6.36918E-05],[1.02904E-03,6.38878E-05],[9.93340E-04,6.33079E-05],[9.53458E-04,6.37844E-05],[9.08371E-04,6.40000E-05],[8.61365E-04,6.40559E-05],[8.10474E-04,6.37120E-05],[7.56746E-04,6.36468E-05],[6.99455E-04,6.37812E-05],[6.38375E-04,6.40085E-05],[5.76856E-04,6.39559E-05],[5.12004E-04,6.48630E-05],[4.53908E-04,6.45920E-05],[4.12741E-04,6.54084E-05],[4.23164E-04,7.07718E-05]],[[1.07108E-03,