{
  "seed":1310689188,
  "pop":8000,
  "Inactive_Cycles":1200,
  "Active_Cycles":2500,
  "Total_CPU_Time":1.10388E+05,
  "Total_Transport_Time":1.24933E+03,
  "Time_Per_Integration":5.30812E-10,
  "Clock_Time":1.51202E+03,
  "keff":{
    "keff":[-2.12409E+02,1.58865E+01]
  },
  "fissionRate":{
    "fissionRate":[[[1.32786E-03,5.65409E-04],[1.31957E-03,5.81089E-04],[1.31019E-03,6.02094E-04],[1.29695E-03,5.77945E-04],[1.28100E-03,5.63162E-04],[1.25699E-03,5.56219E-04],[1.23064E-03,5.78551E-04],[1.20193E-03,5.75842E-04],[1.16444E-03,5.69542E-04],[1.12224E-03,5.92471E-04],[1.07686E-03,5.71723E-04],[1.02579E-03,5.72157E-04],[9.70448E-04,5.58419E-04],[9.11621E-04,5.41652E-04],[8.43181E-04,5.53319E-04],[7.75041E-04,5.50426E-04],[7.02854E-04,5.01540E-04],[6.27987E-04,5.27204E-04],[5.58888E-04,5.49948E-04],[5.10658E-04,4.85616E-04],[5.32732E-04,4.45679E-04]],[[1.32463E-03,5.73019E-04],[1.31871E-03,5.85616E-04],[1.30891E-03,5.79311E-04],[1.29277E-03,5.76549E-04],[1.27690E-03,5.91158E-04],[1.24965E-03,5.87395E-04],[1.22801E-03,5.69089E-04],[1.19599E-03,5.52226E-04],[1.16099E-03,5.86236E-04],[1.11942E-03,5.94918E-04],[1.07209E-03,6.00726E-04],[1.02228E-03,5.46696E-04],[9.67446E-04,5.71936E-04],[9.10810E-04,5.35412E-04],[8.44252E-04,5.53394E-04],[7.75023E-04,5.31752E-04],[7.02807E-04,5.08943E-04],[6.28538E-04,5.22054E-04],[5.59934E-04,5.30551E-04],[5.11525E-04,5.14644E-04],[5.32968E-04,4.29068E-04]],[[1.31430E-03,5.82352E-04],[1.30787E-03,5.92943E-04],[1.29714E-03,6.03801E-04],[1.28615E-03,5.69304E-04],[1.26922E-03,5.70265E-04],[1.24636E-03,5.75683E-04],[1.22012E-03,5.59612E-04],[1.18631E-03,5.78913E-04],[1.15438E-03,5.57296E-04],[1.11256E-03,5.46619E-04],[1.06797E-03,5.57600E-04],[1.01931E-03,5.45424E-04],[9.63616E-04,5.60271E-04],[9.04721E-04,5.45982E-04],[8.41394E-04,5.37607E-04],[7.75415E-04,5.32297E-04],[7.02566E-04,4.80043E-04],[6.28407E-04,5.24962E-04],[5.59640E-04,5.09751E-04],[5.11660E-04,4.85704E-04],[5.32011E-04,4.11076E-04]],[[1.30111E-03,6.02732E-04],[1.29527E-03,5.93193E-04],[1.28592E-03,6.01685E-04],[1.27497E-03,6.00074E-04],[1.25623E-03,5.79939E-04],[1.23859E-03,5.78322E-04],[1.20996E-03,5.78782E-04],[1.17566E-03,5.89773E-04],[1.14095E-03,5.76998E-04],[1.10286E-03,5.60835E-04],[1.05976E-03,5.34074E-04],[1.01112E-03,5.41225E-04],[9.58478E-04,5.33827E-04],[8.97707E-04,5.66563E-04],[8.38168E-04,5.65833E-04],[7.69023E-04,5.35339E-04],[6.99299E-04,4.97243E-04],[6.25742E-04,4.90331E-04],[5.58343E-04,4.80670E-04],[5.09498E-04,4.61266E-04],[5.32393E-04,3.94878E-04]],[[1.28126E-03,6.13360E-04],[1.27927E-03,5.78074E-04],[1.27102E-03,5.73621E-04],[1.25757E-03,5.81683E-04],[1.23797E-03,5.98849E-04],[1.21552E-03,6.27536E-04],[1.19169E-03,5.84133E-04],[1.16418E-03,5.44579E-04],[1.12706E-03,5.64260E-04],[1.09030E-03,5.27867E-04],[1.04743E-03,5.33236E-04],[9.98903E-04,5.54947E-04],[9.50218E-04,5.31433E-04],[8.92271E-04,5.49510E-04],[8.31244E-04,5.32628E-04],[7.63998E-04,5.23438E-04],[6.95739E-04,4.93041E-04],[6.22712E-04,4.93426E-04],[5.56218E-04,4.83364E-04],[5.08299E-04,4.50551E-04],[5.30841E-04,3.88024E-04]],[[1.25816E-03,5.89716E-04],[1.25315E-03,5.99994E-04],[1.24768E-03,6.09491E-04],[1.23345E-03,6.08832E-04],[1.21824E-03,6.02780E-04],[1.19835E-03,5.69514E-04],[1.17354E-03,5.58459E-04],[1.14250E-03,5.68716E-04],[1.11336E-03,5.52147E-04],[1.07515E-03,5.22852E-04],[1.03404E-03,5.38109E-04],[9.88686E-04,5.05393E-04],[9.35937E-04,5.35948E-04],[8.83213E-04,5.19943E-04],[8.22460E-04,5.06289E-04],[7.59952E-04,4.81688E-04],[6.89818E-04,4.98356E-04],[6.18992E-04,4.72153E-04],[5.52592E-04,4.66840E-04],[5.09043E-04,4.26225E-04],[5.31920E-04,3.71494E-04]],[[1.22938E-03,6.19516E-04],[1.22715E-03,5.87259E-04],[1.22487E-03,5.67524E-04],[1.21029E-03,5.69755E-04],[1.19599E-03,5.74143E-04],[1.17358E-03,5.97457E-04],[1.15239E-03,5.44481E-04],[1.12187E-03,5.48528E-04],[1.08957E-03,5.58224E-04],[1.05670E-03,5.39294E-04],[1.01631E-03,5.47672E-04],[9.71588E-04,5.25663E-04],[9.23250E-04,5.22111E-04],[8.74373E-04,5.34852E-04],[8.13785E-04,5.14573E-04],[7.53333E-04,5.01459E-04],[6.85590E-04,4.70862E-04],[6.16344E-04,4.51824E-04],[5.51897E-04,4.42122E-04],[5.06814E-04,3.98019E-04],[5.31435E-04,3.32735E-04]],[[1.20291E-03,5.85581E-04],[1.19803E-03,6.15652E-04],[1.18960E-03,5.90039E-04],[1.18014E-03,5.66072E-04],[1.16527E-03,5.69501E-04],[1.14630E-03,5.80171E-04],[1.12320E-03,5.70703E-04],[1.09692E-03,5.46661E-04],[1.06721E-03,5.35718E-04],[1.03477E-03,5.34531E-04],[9.99700E-04,4.97670E-04],[9.56464E-04,5.02797E-04],[9.12009E-04,5.23868E-04],[8.59069E-04,4.90260E-04],[8.04502E-04,4.82240E-04],[7.43860E-04,4.49476E-04],[6.79417E-04,4.35628E-04],[6.12246E-04,4.40414E-04],[5.50071E-04,4.03957E-04],[5.05622E-04,3.65752E-04],[5.30524E-04,3.25770E-04]],[[1.16503E-03,5.91055E-04],[1.16133E-03,5.81318E-04],[1.15508E-03,5.51474E-04],[1.14361E-03,5.57350E-04],[1.13085E-03,5.59917E-04],[1.11322E-03,5.52188E-04],[1.09061E-03,5.63332E-04],[1.06912E-03,5.59822E-04],[1.04094E-03,5.53000E-04],[1.01067E-03,5.27713E-04],[9.75490E-04,5.17993E-04],[9.34810E-04,4.97492E-04],[8.93144E-04,4.74685E-04],[8.44923E-04,4.70595E-04],[7.92447E-04,4.60883E-04],[7.35205E-04,4.20372E-04],[6.72714E-04,4.23130E-04],[6.04136E-04,3.97567E-04],[5.39788E-04,3.91591E-04],[4.92386E-04,4.03663E-04],[5.13925E-04,4.31166E-04]],[[1.12016E-03,6.08437E-04],[1.11888E-03,5.63224E-04],[1.11562E-03,5.40475E-04],[1.10543E-03,5.66548E-04],[1.08999E-03,5.91302E-04],[1.07384E-03,5.51467E-04],[1.05760E-03,5.38658E-04],[1.03646E-03,5.36212E-04],[1.01004E-03,5.45426E-04],[9.79679E-04,5.16208E-04],[9.48533E-04,5.04848E-04],[9.13873E-04,4.66824E-04],[8.74093E-04,4.76517E-04],[8.29476E-04,4.52516E-04],[7.79716E-04,4.24722E-04],[7.22659E-04,3.89502E-04],[6.55580E-04,3.85500E-04],[5.83276E-04,4.45951E-04],[5.08170E-04,5.92972E-04],[4.44439E-04,8.82220E-04],[4.49015E-04,1.17299E-03]],[[1.07705E-03,5.65895E-04],[1.07673E-03,5.70303E-04],[1.06842E-03,5.74517E-04],[1.06011E-03,5.60675E-04],[1.04640E-03,5.73969E-04],[1.03534E-03,5.60945E-04],[1.01821E-03,5.71461E-04],[9.97949E-04,5.60989E-04],[9.74615E-04,5.35563E-04],[9.50144E-04,5.16336E-04],[9.20929E-04,4.80446E-04],[8.88532E-04,4.51508E-04],[8.50879E-04,4.19859E-04],[8.09465E-04,4.09165E-04],[7.58912E-04,4.05321E-04],[6.97733E-04,4.21620E-04],[6.20758E-04,5.30460E-04],[5.22853E-04,9.01975E-04],[4.02651E-04,1.85573E-03],[2.75525E-04,4.16277E-03],[1.96789E-04,8.70940E-03]],[[1.02725E-03,5.64014E-04],[1.02465E-03,5.59335E-04],[1.02093E-03,5.56623E-04],[1.01230E-03,5.55097E-04],[1.00379E-03,5.68276E-04],[9.87746E-04,5.85443E-04],[9.71917E-04,5.65478E-04],[9.54002E-04,5.53526E-04],[9.36812E-04,5.35128E-04],[9.10479E-04,5.38054E-04],[8.88465E-04,4.75281E-04],[8.60032E-04,4.19285E-04],[8.25512E-04,3.88288E-04],[7.81411E-04,3.95357E-04],[7.24744E-04,4.45440E-04],[6.40062E-04,6.63732E-04],[5.16438E-04,1.38962E-03],[3.25373E-04,3.99437E-03],[5.36570E-05,4.18620E-02],[-3.04103E-04,3.66978E-06],[-7.31779E-04,5.86391E-06]],[[9.72892E-04,5.39487E-04],[9.70150E-04,5.60993E-04],[9.63953E-04,5.51558E-04],[9.57728E-04,5.70809E-04],[9.50064E-04,5.51501E-04],[9.38682E-04,5.49238E-04],[9.25582E-04,5.47263E-04],[9.08344E-04,5.31982E-04],[8.92390E-04,5.18733E-04],[8.73622E-04,4.85955E-04],[8.53701E-04,4.53686E-04],[8.25202E-04,4.10345E-04],[7.88931E-04,3.84632E-04],[7.35277E-04,4.62988E-04],[6.45827E-04,8.14163E-04],[4.90531E-04,2.00310E-03],[2.15421E-04,8.88937E-03],[-2.64189E-04,3.71904E-06],[-1.06132E-03,6.89358E-06],[-2.24712E-03,1.18984E-05],[-3.88745E-03,1.95784E-05]],[[9.13702E-04,5.32849E-04],[9.10491E-04,5.49748E-04],[9.04524E-04,5.86236E-04],[8.99383E-04,5.93271E-04],[8.90485E-04,5.60247E-04],[8.82944E-04,5.10389E-04],[8.71286E-04,5.24016E-04],[8.62225E-04,5.06209E-04],[8.46401E-04,4.80488E-04],[8.29666E-04,4.32304E-04],[8.10471E-04,4.31746E-04],[7.81307E-04,4.06722E-04],[7.32717E-04,4.93295E-04],[6.41456E-04,9.22136E-04],[4.58474E-04,2.65557E-03],[9.03202E-05,2.85312E-02],[-6.35791E-04,5.32152E-06],[-1.99925E-03,1.06147E-05],[-4.40289E-03,2.03428E-05],[-8.45439E-03,3.73417E-05],[-1.45425E-02,6.43390E-05]],