{
  "seed":499806720,
  "pop":10000,
  "Inactive_Cycles":1200,
  "Active_Cycles":2500,
  "Total_CPU_Time":1.33241E+05,
  "Total_Transport_Time":1.55416E+03,
  "Time_Per_Integration":5.28285E-10,
  "Clock_Time":1.81452E+03,
  "keff":{
    "keff":[1.01540E+00,7.78568E-05]
  },
  "fissionRate":{
    "fissionRate":[[[1.76339E-03,5.54531E-05],[1.75992E-03,5.50809E-05],[1.74362E-03,5.44628E-05],[1.72071E-03,5.45059E-05],[1.69315E-03,5.46693E-05],[1.65972E-03,5.46527E-05],[1.61705E-03,5.43589E-05],[1.56691E-03,5.39479E-05],[1.51224E-03,5.43744E-05],[1.44684E-03,5.45367E-05],[1.38381E-03,5.44729E-05],[1.31188E-03,5.44051E-05],[1.23145E-03,5.43364E-05],[1.14957E-03,5.42498E-05],[1.06238E-03,5.47179E-05],[9.68582E-04,5.45932E-05],[8.75100E-04,5.48932E-05],[7.77447E-04,5.49021E-05],[6.87335E-04,5.51158E-05],[6.23131E-04,5.60286E-05],[6.45963E-04,6.03102E-05]],[[1.75363E-03,5.48393E-05],[1.75155E-03,5.41162E-05],[1.73549E-03,5.39344E-05],[1.71371E-03,5.37035E-05],[1.68472E-03,5.40574E-05],[1.64942E-03,5.38623E-05],[1.61403E-03,5.38842E-05],[1.56165E-03,5.38671E-05],[1.50506E-03,5.39425E-05],[1.44419E-03,5.38725E-05],[1.37856E-03,5.39642E-05],[1.30808E-03,5.40138E-05],[1.22759E-03,5.41433E-05],[1.14504E-03,5.39471E-05],[1.05790E-03,5.38139E-05],[9.65630E-04,5.41101E-05],[8.69236E-04,5.39336E-05],[7.72333E-04,5.44570E-05],[6.84805E-04,5.45671E-05],[6.21197E-04,5.58776E-05],[6.43969E-04,5.99475E-05]],[[1.74445E-03,5.45641E-05],[1.73859E-03,5.39316E-05],[1.72401E-03,5.40769E-05],[1.70168E-03,5.41007E-05],[1.67246E-03,5.37513E-05],[1.64091E-03,5.35515E-05],[1.60046E-03,5.40984E-05],[1.54737E-03,5.37317E-05],[1.49536E-03,5.35291E-05],[1.43095E-03,5.37657E-05],[1.36426E-03,5.35697E-05],[1.29479E-03,5.39994E-05],[1.21852E-03,5.39539E-05],[1.13595E-03,5.39466E-05],[1.04767E-03,5.33883E-05],[9.57526E-04,5.42268E-05],[8.62667E-04,5.39449E-05],[7.67382E-04,5.44757E-05],[6.79188E-04,5.41338E-05],[6.15426E-04,5.56082E-05],[6.37838E-04,6.00805E-05]],[[1.72087E-03,5.47621E-05],[1.71653E-03,5.41446E-05],[1.70034E-03,5.44703E-05],[1.68031E-03,5.37299E-05],[1.65417E-03,5.37755E-05],[1.61700E-03,5.38471E-05],[1.57707E-03,5.35788E-05],[1.53238E-03,5.39037E-05],[1.47573E-03,5.39305E-05],[1.41726E-03,5.36634E-05],[1.35200E-03,5.37448E-05],[1.27982E-03,5.38458E-05],[1.20467E-03,5.38253E-05],[1.12409E-03,5.36148E-05],[1.03767E-03,5.37810E-05],[9.46119E-04,5.39753E-05],[8.50999E-04,5.42075E-05],[7.56901E-04,5.43538E-05],[6.69485E-04,5.45031E-05],[6.06548E-04,5.52508E-05],[6.29682E-04,5.97335E-05]],[[1.69632E-03,5.46784E-05],[1.69032E-03,5.39507E-05],[1.67375E-03,5.35762E-05],[1.65032E-03,5.39128E-05],[1.62265E-03,5.36690E-05],[1.59084E-03,5.36187E-05],[1.55278E-03,5.40262E-05],[1.50215E-03,5.36011E-05],[1.45086E-03,5.33726E-05],[1.39298E-03,5.36661E-05],[1.32926E-03,5.38557E-05],[1.25994E-03,5.36572E-05],[1.18402E-03,5.36320E-05],[1.10493E-03,5.38721E-05],[1.02048E-03,5.39193E-05],[9.30715E-04,5.39191E-05],[8.37149E-04,5.41418E-05],[7.45319E-04,5.41009E-05],[6.59336E-04,5.47772E-05],[5.97962E-04,5.55223E-05],[6.19629E-04,6.00974E-05]],[[1.66372E-03,5.45216E-05],[1.65086E-03,5.40754E-05],[1.63934E-03,5.38533E-05],[1.61916E-03,5.40935E-05],[1.59038E-03,5.38488E-05],[1.55991E-03,5.38355E-05],[1.51969E-03,5.35023E-05],[1.47133E-03,5.36322E-05],[1.42087E-03,5.40031E-05],[1.36634E-03,5.36571E-05],[1.30266E-03,5.39229E-05],[1.23249E-03,5.38715E-05],[1.16044E-03,5.38151E-05],[1.07995E-03,5.35312E-05],[9.97909E-04,5.35297E-05],[9.08887E-04,5.36135E-05],[8.19896E-04,5.39556E-05],[7.29827E-04,5.42369E-05],[6.46319E-04,5.40253E-05],[5.85551E-04,5.52823E-05],[6.07920E-04,5.98197E-05]],[[1.61685E-03,5.45633E-05],[1.61145E-03,5.35675E-05],[1.59562E-03,5.41620E-05],[1.57815E-03,5.36262E-05],[1.55181E-03,5.38043E-05],[1.51887E-03,5.37624E-05],[1.47853E-03,5.36885E-05],[1.43581E-03,5.36687E-05],[1.38627E-03,5.36079E-05],[1.32742E-03,5.38709E-05],[1.26756E-03,5.38238E-05],[1.20069E-03,5.36727E-05],[1.13164E-03,5.35525E-05],[1.05367E-03,5.39253E-05],[9.72409E-04,5.35993E-05],[8.86539E-04,5.41028E-05],[7.99050E-04,5.42525E-05],[7.10638E-04,5.43352E-05],[6.29894E-04,5.43381E-05],[5.69610E-04,5.52844E-05],[5.92259E-04,5.95918E-05]],[[1.57016E-03,5.48075E-05],[1.56490E-03,5.39303E-05],[1.55026E-03,5.40214E-05],[1.52839E-03,5.37088E-05],[1.50383E-03,5.39553E-05],[1.47156E-03,5.36959E-05],[1.43419E-03,5.40977E-05],[1.39079E-03,5.33760E-05],[1.34385E-03,5.38063E-05],[1.28878E-03,5.37578E-05],[1.22780E-03,5.39447E-05],[1.16411E-03,5.36955E-05],[1.09457E-03,5.35921E-05],[1.02299E-03,5.35438E-05],[9.43086E-04,5.37108E-05],[8.60596E-04,5.39308E-05],[7.76268E-04,5.37681E-05],[6.90288E-04,5.37060E-05],[6.09585E-04,5.44042E-05],[5.53986E-04,5.55475E-05],[5.73865E-04,5.98415E-05]],[[1.51254E-03,5.44297E-05],[1.50641E-03,5.37736E-05],[1.49562E-03,5.38626E-05],[1.47478E-03,5.37369E-05],[1.45363E-03,5.33329E-05],[1.42237E-03,5.38594E-05],[1.38703E-03,5.36119E-05],[1.34374E-03,5.38217E-05],[1.29533E-03,5.36224E-05],[1.24304E-03,5.36382E-05],[1.18455E-03,5.38052E-05],[1.12434E-03,5.41526E-05],[1.05707E-03,5.36350E-05],[9.87442E-04,5.35361E-05],[9.09170E-04,5.40140E-05],[8.30038E-04,5.34403E-05],[7.48598E-04,5.37276E-05],[6.65706E-04,5.41013E-05],[5.88358E-04,5.44466E-05],[5.33850E-04,5.55540E-05],[5.52172E-04,5.97954E-05]],[[1.45478E-03,5.42354E-05],[1.44519E-03,5.37746E-05],[1.43369E-03,5.36154E-05],[1.41796E-03,5.39406E-05],[1.38886E-03,5.38867E-05],[1.36583E-03,5.39119E-05],[1.32985E-03,5.38060E-05],[1.29075E-03,5.36312E-05],[1.24308E-03,5.38307E-05],[1.19413E-03,5.35708E-05],[1.13724E-03,5.36345E-05],[1.07877E-03,5.37633E-05],[1.01620E-03,5.34247E-05],[9.45483E-04,5.36257E-05],[8.75029E-04,5.40586E-05],[7.96054E-04,5.37359E-05],[7.17926E-04,5.39303E-05],[6.38800E-04,5.40064E-05],[5.64122E-04,5.46339E-05],[5.13206E-04,5.53292E-05],[5.31432E-04,6.03525E-05]],[[1.38514E-03,5.47353E-05],[1.37830E-03,5.41158E-05],[1.36702E-03,5.35967E-05],[1.35094E-03,5.36184E-05],[1.32934E-03,5.37881E-05],[1.30016E-03,5.35563E-05],[1.26696E-03,5.40033E-05],[1.22963E-03,5.35654E-05],[1.18809E-03,5.39656E-05],[1.13905E-03,5.38498E-05],[1.08447E-03,5.38659E-05],[1.02955E-03,5.35570E-05],[9.67087E-04,5.34917E-05],[9.02423E-04,5.36716E-05],[8.31689E-04,5.36297E-05],[7.58554E-04,5.36547E-05],[6.83689E-04,5.39596E-05],[6.09864E-04,5.39578E-05],[5.39820E-04,5.42305E-05],[4.89230E-04,5.55956E-05],[5.07423E-04,5.95798E-05]],[[1.31061E-03,5.46893E-05],[1.30560E-03,5.37375E-05],[1.29526E-03,5.36896E-05],[1.28273E-03,5.35288E-05],[1.25803E-03,5.36182E-05],[1.23371E-03,5.35582E-05],[1.20234E-03,5.36281E-05],[1.16350E-03,5.37449E-05],[1.12516E-03,5.34574E-05],[1.07819E-03,5.36503E-05],[1.02901E-03,5.41130E-05],[9.75754E-04,5.35839E-05],[9.16344E-04,5.37530E-05],[8.54796E-04,5.35676E-05],[7.89793E-04,5.34776E-05],[7.20121E-04,5.41654E-05],[6.49246E-04,5.40621E-05],[5.77505E-04,5.42834E-05],[5.10995E-04,5.48754E-05],[4.63410E-04,5.55475E-05],[4.79671E-04,5.95684E-05]],[[1.23287E-03,5.46572E-05],[1.22893E-03,5.34803E-05],[1.21911E-03,5.39378E-05],[1.20309E-03,5.40807E-05],[1.18416E-03,5.40210E-05],[1.16021E-03,5.41746E-05],[1.13229E-03,5.39265E-05],[1.09563E-03,5.37695E-05],[1.05512E-03,5.34318E-05],[1.01517E-03,5.34534E-05],[9.67295E-04,5.38769E-05],[9.17170E-04,5.37875E-05],[8.63460E-04,5.38323E-05],[8.04479E-04,5.39929E-05],[7.42290E-04,5.36454E-05],[6.77470E-04,5.36296E-05],[6.10407E-04,5.42012E-05],[5.42426E-04,5.43863E-05],[4.80745E-04,5.43431E-05],[4.35204E-04,5.57186E-05],[4.51936E-04,5.95859E-05]],[[1.14752E-03,5.45241E-05],[1.14633E-03,5.41892E-05],[1.13492E-03,5.40656E-05],[1.12096E-03,5.38159E-05],[1.10257E-03,5.37991E-05],[1.08333E-03,5.34077E-05],[1.05331E-03,5.39941E-05],[1.02141E-03,5.37931E-05],[9.86165E-04,5.38322E-05],[9.45153E-04,5.40681E-05],[9.02480E-04,5.42212E-05],[8.55300E-04,5.38827E-05],[8.05266E-04,5.39867E-05],[7.50782E-04,5.39346E-05],[6.91354E-04,5.41521E-05],[6.30898E-04,5.38723E-05],[5.69143E-04,5.39003E-05],[5.07148E-04,5.38020E-05],[4.48202E-04,5.40961E-05],[4.06438E-04,5.55624E-05],[4.22036E-04,5.96464E-05]],[[1.06000E-03,