{
  "seed":535782020,
  "pop":10000,
  "Inactive_Cycles":1200,
  "Active_Cycles":2500,
  "Total_CPU_Time":1.33128E+05,
  "Total_Transport_Time":1.55076E+03,
  "Time_Per_Integration":5.27086E-10,
  "Clock_Time":1.81240E+03,
  "keff":{
    "keff":[1.01539E+00,7.73275E-05]
  },
  "fissionRate":{
    "fissionRate":[[[1.76623E-03,5.56830E-05],[1.75682E-03,5.49589E-05],[1.74310E-03,5.44092E-05],[1.72164E-03,5.44493E-05],[1.69253E-03,5.43702E-05],[1.65853E-03,5.41437E-05],[1.61657E-03,5.42939E-05],[1.56388E-03,5.46105E-05],[1.51122E-03,5.44741E-05],[1.45304E-03,5.45945E-05],[1.38409E-03,5.44532E-05],[1.31193E-03,5.45055E-05],[1.23333E-03,5.41284E-05],[1.14985E-03,5.43749E-05],[1.06037E-03,5.45898E-05],[9.68691E-04,5.43853E-05],[8.72323E-04,5.44256E-05],[7.75700E-04,5.51903E-05],[6.87369E-04,5.49670E-05],[6.23704E-04,5.62591E-05],[6.45197E-04,6.05364E-05]],[[1.75834E-03,5.52060E-05],[1.74979E-03,5.40389E-05],[1.73701E-03,5.36072E-05],[1.71675E-03,5.39318E-05],[1.68598E-03,5.40721E-05],[1.65118E-03,5.39659E-05],[1.61337E-03,5.39318E-05],[1.56212E-03,5.42416E-05],[1.50789E-03,5.33842E-05],[1.44437E-03,5.40700E-05],[1.37980E-03,5.38950E-05],[1.30730E-03,5.38006E-05],[1.23027E-03,5.40192E-05],[1.14520E-03,5.37414E-05],[1.05865E-03,5.41009E-05],[9.66180E-04,5.40925E-05],[8.68712E-04,5.37493E-05],[7.73789E-04,5.39912E-05],[6.84810E-04,5.44852E-05],[6.21010E-04,5.58615E-05],[6.43883E-04,6.01279E-05]],[[1.74531E-03,5.44873E-05],[1.73996E-03,5.40980E-05],[1.72462E-03,5.38178E-05],[1.70316E-03,5.39783E-05],[1.67431E-03,5.36159E-05],[1.64183E-03,5.36870E-05],[1.59833E-03,5.37780E-05],[1.54866E-03,5.39768E-05],[1.49593E-03,5.40128E-05],[1.43659E-03,5.35533E-05],[1.36793E-03,5.35156E-05],[1.29484E-03,5.40143E-05],[1.21877E-03,5.36885E-05],[1.13851E-03,5.37068E-05],[1.04929E-03,5.38585E-05],[9.55476E-04,5.39489E-05],[8.62163E-04,5.37213E-05],[7.67829E-04,5.38362E-05],[6.78163E-04,5.43985E-05],[6.14617E-04,5.55235E-05],[6.39406E-04,5.98086E-05]],[[1.72403E-03,5.44615E-05],[1.71384E-03,5.39310E-05],[1.70443E-03,5.35962E-05],[1.68260E-03,5.37276E-05],[1.65446E-03,5.38878E-05],[1.62145E-03,5.38407E-05],[1.57855E-03,5.37050E-05],[1.53140E-03,5.37164E-05],[1.47789E-03,5.37230E-05],[1.41872E-03,5.35973E-05],[1.35184E-03,5.34328E-05],[1.27991E-03,5.40099E-05],[1.20484E-03,5.35992E-05],[1.12335E-03,5.38582E-05],[1.03522E-03,5.37499E-05],[9.47191E-04,5.37788E-05],[8.50026E-04,5.41787E-05],[7.59004E-04,5.38065E-05],[6.69234E-04,5.44395E-05],[6.08935E-04,5.52043E-05],[6.30042E-04,5.98911E-05]],[[1.69248E-03,5.43385E-05],[1.68447E-03,5.35761E-05],[1.67229E-03,5.40213E-05],[1.65209E-03,5.41527E-05],[1.62635E-03,5.40009E-05],[1.59220E-03,5.39958E-05],[1.55212E-03,5.41184E-05],[1.50519E-03,5.35893E-05],[1.45513E-03,5.36292E-05],[1.39304E-03,5.39581E-05],[1.32856E-03,5.36266E-05],[1.26014E-03,5.39243E-05],[1.18726E-03,5.34808E-05],[1.10520E-03,5.38858E-05],[1.01716E-03,5.41737E-05],[9.30517E-04,5.40285E-05],[8.38489E-04,5.41335E-05],[7.44221E-04,5.40986E-05],[6.58557E-04,5.47185E-05],[5.97624E-04,5.50292E-05],[6.20398E-04,5.95499E-05]],[[1.65571E-03,5.41953E-05],[1.64869E-03,5.43525E-05],[1.63662E-03,5.37379E-05],[1.61806E-03,5.39045E-05],[1.58987E-03,5.39681E-05],[1.55862E-03,5.39353E-05],[1.51965E-03,5.39167E-05],[1.47692E-03,5.39887E-05],[1.42175E-03,5.34883E-05],[1.36715E-03,5.37402E-05],[1.30101E-03,5.40427E-05],[1.23337E-03,5.35513E-05],[1.15782E-03,5.35662E-05],[1.08060E-03,5.34930E-05],[9.99301E-04,5.37346E-05],[9.11645E-04,5.39647E-05],[8.21516E-04,5.34985E-05],[7.30741E-04,5.35178E-05],[6.44517E-04,5.40863E-05],[5.85223E-04,5.51279E-05],[6.06420E-04,5.99774E-05]],[[1.61683E-03,5.45234E-05],[1.60913E-03,5.40925E-05],[1.59692E-03,5.38898E-05],[1.57681E-03,5.39977E-05],[1.55028E-03,5.40483E-05],[1.51834E-03,5.39792E-05],[1.48289E-03,5.37187E-05],[1.43828E-03,5.35689E-05],[1.38799E-03,5.39061E-05],[1.33064E-03,5.38201E-05],[1.26767E-03,5.38420E-05],[1.20424E-03,5.37916E-05],[1.13007E-03,5.39367E-05],[1.05241E-03,5.37386E-05],[9.73310E-04,5.39229E-05],[8.87886E-04,5.36496E-05],[8.00137E-04,5.39475E-05],[7.10845E-04,5.41976E-05],[6.28765E-04,5.45206E-05],[5.71800E-04,5.51763E-05],[5.91220E-04,6.00211E-05]],[[1.56575E-03,5.46186E-05],[1.55894E-03,5.39951E-05],[1.54645E-03,5.40142E-05],[1.52781E-03,5.37819E-05],[1.50174E-03,5.36538E-05],[1.47207E-03,5.38032E-05],[1.43402E-03,5.39094E-05],[1.39278E-03,5.36367E-05],[1.34584E-03,5.34154E-05],[1.29100E-03,5.36163E-05],[1.22953E-03,5.36138E-05],[1.16773E-03,5.37763E-05],[1.09729E-03,5.37659E-05],[1.02160E-03,5.36242E-05],[9.42514E-04,5.36496E-05],[8.61132E-04,5.34027E-05],[7.74450E-04,5.38126E-05],[6.87509E-04,5.42833E-05],[6.10306E-04,5.46884E-05],[5.53260E-04,5.53480E-05],[5.73714E-04,5.97286E-05]],[[1.51034E-03,5.45840E-05],[1.50680E-03,5.38812E-05],[1.49367E-03,5.36289E-05],[1.47415E-03,5.38408E-05],[1.45067E-03,5.38023E-05],[1.42177E-03,5.40205E-05],[1.38541E-03,5.36276E-05],[1.34798E-03,5.36325E-05],[1.29583E-03,5.40170E-05],[1.24500E-03,5.36653E-05],[1.18581E-03,5.37421E-05],[1.12442E-03,5.37278E-05],[1.05952E-03,5.36224E-05],[9.86867E-04,5.37889E-05],[9.10634E-04,5.39328E-05],[8.29828E-04,5.35443E-05],[7.47779E-04,5.38581E-05],[6.66640E-04,5.43202E-05],[5.88895E-04,5.43831E-05],[5.35262E-04,5.55219E-05],[5.53236E-04,5.94466E-05]],[[1.44869E-03,5.44360E-05],[1.44574E-03,5.35982E-05],[1.43517E-03,5.36745E-05],[1.41679E-03,5.40192E-05],[1.39190E-03,5.39307E-05],[1.36222E-03,5.37223E-05],[1.33137E-03,5.41210E-05],[1.28901E-03,5.40168E-05],[1.24422E-03,5.35260E-05],[1.19428E-03,5.39370E-05],[1.13908E-03,5.36376E-05],[1.07997E-03,5.40786E-05],[1.01508E-03,5.39366E-05],[9.44263E-04,5.36546E-05],[8.72775E-04,5.36850E-05],[7.95273E-04,5.40511E-05],[7.18252E-04,5.39418E-05],[6.39045E-04,5.38708E-05],[5.65570E-04,5.44299E-05],[5.11895E-04,5.52874E-05],[5.30806E-04,5.96340E-05]],[[1.38329E-03,5.47569E-05],[1.37735E-03,5.39536E-05],[1.36767E-03,5.35242E-05],[1.35307E-03,5.39336E-05],[1.32838E-03,5.35409E-05],[1.29893E-03,5.37682E-05],[1.26518E-03,5.40190E-05],[1.22848E-03,5.41323E-05],[1.18690E-03,5.39803E-05],[1.14037E-03,5.35019E-05],[1.08639E-03,5.33913E-05],[1.03072E-03,5.37861E-05],[9.67616E-04,5.35136E-05],[9.02938E-04,5.36489E-05],[8.30387E-04,5.36617E-05],[7.58939E-04,5.36178E-05],[6.85665E-04,5.37937E-05],[6.09498E-04,5.41132E-05],[5.39010E-04,5.45316E-05],[4.88263E-04,5.54339E-05],[5.06787E-04,5.99469E-05]],[[1.31039E-03,5.47033E-05],[1.30608E-03,5.37701E-05],[1.29609E-03,5.37358E-05],[1.27800E-03,5.40658E-05],[1.26005E-03,5.32971E-05],[1.23139E-03,5.39050E-05],[1.20336E-03,5.35300E-05],[1.16603E-03,5.38083E-05],[1.12288E-03,5.37323E-05],[1.08010E-03,5.36959E-05],[1.02918E-03,5.36402E-05],[9.74554E-04,5.35278E-05],[9.17133E-04,5.36561E-05],[8.54319E-04,5.38241E-05],[7.87923E-04,5.38148E-05],[7.19049E-04,5.37118E-05],[6.49079E-04,5.37811E-05],[5.77755E-04,5.39068E-05],[5.10244E-04,5.40229E-05],[4.63567E-04,5.55827E-05],[4.79278E-04,6.01281E-05]],[[1.23130E-03,5.50157E-05],[1.22955E-03,5.40482E-05],[1.21854E-03,5.38146E-05],[1.20279E-03,5.35210E-05],[1.18452E-03,5.37278E-05],[1.15994E-03,5.38308E-05],[1.13042E-03,5.35470E-05],[1.09574E-03,5.36803E-05],[1.05612E-03,5.37136E-05],[1.01294E-03,5.35322E-05],[9.67526E-04,5.36783E-05],[9.13324E-04,5.39899E-05],[8.63329E-04,5.40604E-05],[8.04932E-04,5.34758E-05],[7.41424E-04,5.39295E-05],[6.76734E-04,5.40835E-05],[6.10313E-04,5.36249E-05],[5.42118E-04,5.40668E-05],[4.79106E-04,5.43089E-05],[4.36322E-04,5.54023E-05],[4.50966E-04,5.95484E-05]],[[1.15015E-03,5.44670E-05],[1.14512E-03,5.39459E-05],[1.13914E-03,5.37962E-05],[1.12283E-03,5.35951E-05],[1.10526E-03,5.39581E-05],[1.08273E-03,5.36922E-05],[1.05422E-03,5.34558E-05],[1.02259E-03,5.35119E-05],[9.87274E-04,5.36978E-05],[9.44475E-04,5.38436E-05],[9.01702E-04,5.36733E-05],[8.52615E-04,5.38489E-05],[8.03489E-04,5.37792E-05],[7.48709E-04,5.38840E-05],[6.91172E-04,5.39932E-05],[6.32399E-04,5.38493E-05],[5.69137E-04,5.39091E-05],[5.05368E-04,5.43607E-05],[4.48154E-04,5.41315E-05],[4.05997E-04,5.54722E-05],[4.21352E-04,5.96185E-05]],[[1.06159E-03,