{
  "seed":1478084141,
  "pop":10000,
  "Inactive_Cycles":1200,
  "Active_Cycles":2500,
  "Total_CPU_Time":2.87193E+05,
  "Total_Transport_Time":3.39441E+03,
  "Time_Per_Integration":1.15382E-09,
  "Clock_Time":3.86035E+03,
  "keff":{
    "keff":[1.01619E+00,7.69604E-05]
  },
  "fissionRate":{
    "fissionRate":[[[1.77021E-03,5.56674E-05],[1.75809E-03,5.53815E-05],[1.74379E-03,5.45974E-05],[1.72563E-03,5.44976E-05],[1.69666E-03,5.43256E-05],[1.65897E-03,5.44276E-05],[1.61598E-03,5.41536E-05],[1.57007E-03,5.45597E-05],[1.51521E-03,5.43435E-05],[1.45168E-03,5.41681E-05],[1.38329E-03,5.43789E-05],[1.31401E-03,5.46419E-05],[1.23563E-03,5.43252E-05],[1.15035E-03,5.45713E-05],[1.06390E-03,5.46625E-05],[9.69036E-04,5.49350E-05],[8.73883E-04,5.44938E-05],[7.75739E-04,5.48865E-05],[6.86335E-04,5.53224E-05],[6.23431E-04,5.64377E-05],[6.43135E-04,6.07930E-05]],[[1.76167E-03,5.48166E-05],[1.75254E-03,5.41362E-05],[1.73705E-03,5.40781E-05],[1.71965E-03,5.36327E-05],[1.68526E-03,5.37597E-05],[1.65406E-03,5.40474E-05],[1.61323E-03,5.36480E-05],[1.56176E-03,5.38439E-05],[1.50648E-03,5.38458E-05],[1.44670E-03,5.38126E-05],[1.38018E-03,5.40805E-05],[1.30943E-03,5.39166E-05],[1.23067E-03,5.42120E-05],[1.14620E-03,5.39463E-05],[1.05869E-03,5.36361E-05],[9.63177E-04,5.43124E-05],[8.69062E-04,5.41470E-05],[7.73621E-04,5.42446E-05],[6.82666E-04,5.46374E-05],[6.19933E-04,5.58690E-05],[6.40835E-04,5.98612E-05]],[[1.74807E-03,5.48572E-05],[1.73886E-03,5.40648E-05],[1.72305E-03,5.39286E-05],[1.70166E-03,5.36561E-05],[1.67480E-03,5.40470E-05],[1.63652E-03,5.40372E-05],[1.59933E-03,5.36247E-05],[1.55356E-03,5.37161E-05],[1.49617E-03,5.33476E-05],[1.43514E-03,5.36931E-05],[1.36792E-03,5.36423E-05],[1.29632E-03,5.37354E-05],[1.22002E-03,5.37070E-05],[1.13914E-03,5.40949E-05],[1.05110E-03,5.39364E-05],[9.58166E-04,5.39840E-05],[8.63486E-04,5.39938E-05],[7.67627E-04,5.44386E-05],[6.79716E-04,5.46316E-05],[6.16061E-04,5.54437E-05],[6.36914E-04,5.97639E-05]],[[1.72531E-03,5.46597E-05],[1.71844E-03,5.39450E-05],[1.70469E-03,5.39050E-05],[1.68162E-03,5.38590E-05],[1.65153E-03,5.38323E-05],[1.61853E-03,5.41147E-05],[1.57723E-03,5.36911E-05],[1.53182E-03,5.37827E-05],[1.47611E-03,5.41383E-05],[1.41824E-03,5.33946E-05],[1.34884E-03,5.40514E-05],[1.28279E-03,5.37708E-05],[1.20557E-03,5.36141E-05],[1.12316E-03,5.36036E-05],[1.03833E-03,5.40520E-05],[9.46471E-04,5.41389E-05],[8.53825E-04,5.39221E-05],[7.57584E-04,5.38219E-05],[6.71129E-04,5.45207E-05],[6.08840E-04,5.55739E-05],[6.29302E-04,6.02247E-05]],[[1.69623E-03,5.45566E-05],[1.68814E-03,5.39017E-05],[1.67530E-03,5.44292E-05],[1.65200E-03,5.40673E-05],[1.62511E-03,5.41094E-05],[1.59411E-03,5.37875E-05],[1.55342E-03,5.38475E-05],[1.50507E-03,5.38598E-05],[1.45221E-03,5.39139E-05],[1.39386E-03,5.39306E-05],[1.33245E-03,5.39243E-05],[1.26037E-03,5.38157E-05],[1.18683E-03,5.38266E-05],[1.10615E-03,5.35439E-05],[1.02066E-03,5.38390E-05],[9.31879E-04,5.36944E-05],[8.38682E-04,5.41132E-05],[7.45670E-04,5.42369E-05],[6.60135E-04,5.43211E-05],[5.97620E-04,5.56544E-05],[6.19433E-04,5.94375E-05]],[[1.65887E-03,5.45850E-05],[1.65012E-03,5.42189E-05],[1.64056E-03,5.41996E-05],[1.61853E-03,5.39022E-05],[1.59054E-03,5.38125E-05],[1.55801E-03,5.39313E-05],[1.51834E-03,5.41793E-05],[1.47389E-03,5.36476E-05],[1.42378E-03,5.32193E-05],[1.36545E-03,5.38978E-05],[1.30111E-03,5.38643E-05],[1.23537E-03,5.37863E-05],[1.16039E-03,5.35493E-05],[1.08503E-03,5.38554E-05],[9.99765E-04,5.38598E-05],[9.11833E-04,5.38946E-05],[8.20971E-04,5.38719E-05],[7.30804E-04,5.43616E-05],[6.47368E-04,5.40781E-05],[5.85672E-04,5.55675E-05],[6.05607E-04,5.99404E-05]],[[1.61797E-03,5.50799E-05],[1.61267E-03,5.41899E-05],[1.59627E-03,5.40094E-05],[1.57729E-03,5.38903E-05],[1.55329E-03,5.36860E-05],[1.52160E-03,5.36451E-05],[1.48017E-03,5.37752E-05],[1.43801E-03,5.38435E-05],[1.38706E-03,5.35266E-05],[1.32905E-03,5.35796E-05],[1.27072E-03,5.37010E-05],[1.20379E-03,5.37565E-05],[1.12931E-03,5.37163E-05],[1.05572E-03,5.36335E-05],[9.74248E-04,5.44789E-05],[8.90017E-04,5.37409E-05],[8.02376E-04,5.41674E-05],[7.11602E-04,5.41554E-05],[6.30055E-04,5.42542E-05],[5.72046E-04,5.51592E-05],[5.91132E-04,5.95463E-05]],[[1.56925E-03,5.49541E-05],[1.56080E-03,5.39038E-05],[1.55056E-03,5.37732E-05],[1.53123E-03,5.37136E-05],[1.50956E-03,5.38279E-05],[1.47446E-03,5.39504E-05],[1.43675E-03,5.39385E-05],[1.39464E-03,5.36084E-05],[1.34500E-03,5.39515E-05],[1.29049E-03,5.38160E-05],[1.23079E-03,5.37313E-05],[1.16698E-03,5.37403E-05],[1.09681E-03,5.40995E-05],[1.02328E-03,5.40592E-05],[9.44763E-04,5.37639E-05],[8.63013E-04,5.35629E-05],[7.77095E-04,5.42730E-05],[6.91511E-04,5.41014E-05],[6.11273E-04,5.43316E-05],[5.54187E-04,5.52554E-05],[5.72107E-04,5.95448E-05]],[[1.51245E-03,5.44839E-05],[1.50746E-03,5.42966E-05],[1.49522E-03,5.40904E-05],[1.47627E-03,5.36371E-05],[1.45238E-03,5.40186E-05],[1.42360E-03,5.38062E-05],[1.38372E-03,5.40349E-05],[1.34447E-03,5.38988E-05],[1.30085E-03,5.38496E-05],[1.24454E-03,5.39093E-05],[1.18863E-03,5.41335E-05],[1.12736E-03,5.36948E-05],[1.05871E-03,5.36532E-05],[9.88344E-04,5.36648E-05],[9.11477E-04,5.40151E-05],[8.32334E-04,5.38176E-05],[7.48678E-04,5.41181E-05],[6.66460E-04,5.39641E-05],[5.88745E-04,5.43007E-05],[5.34280E-04,5.53464E-05],[5.53315E-04,6.00858E-05]],[[1.45398E-03,5.44103E-05],[1.44714E-03,5.40428E-05],[1.43588E-03,5.39217E-05],[1.41743E-03,5.34574E-05],[1.39316E-03,5.39262E-05],[1.36221E-03,5.41003E-05],[1.33230E-03,5.37411E-05],[1.28909E-03,5.39788E-05],[1.24425E-03,5.37624E-05],[1.19416E-03,5.35588E-05],[1.13880E-03,5.39361E-05],[1.07948E-03,5.37282E-05],[1.01505E-03,5.35442E-05],[9.47649E-04,5.40819E-05],[8.73192E-04,5.41674E-05],[7.99251E-04,5.38687E-05],[7.19682E-04,5.40054E-05],[6.41208E-04,5.40808E-05],[5.66494E-04,5.46267E-05],[5.13024E-04,5.54771E-05],[5.31221E-04,5.99053E-05]],[[1.38871E-03,5.43244E-05],[1.38229E-03,5.42100E-05],[1.37044E-03,5.36653E-05],[1.35238E-03,5.40299E-05],[1.32887E-03,5.39354E-05],[1.30395E-03,5.36151E-05],[1.26873E-03,5.38996E-05],[1.23173E-03,5.38781E-05],[1.18954E-03,5.36222E-05],[1.13838E-03,5.36563E-05],[1.08736E-03,5.35366E-05],[1.03051E-03,5.36678E-05],[9.67651E-04,5.41503E-05],[9.02572E-04,5.36591E-05],[8.34789E-04,5.39398E-05],[7.61553E-04,5.35856E-05],[6.85907E-04,5.39004E-05],[6.09646E-04,5.41957E-05],[5.40596E-04,5.42419E-05],[4.89267E-04,5.51823E-05],[5.05112E-04,6.01302E-05]],[[1.31483E-03,5.45578E-05],[1.30968E-03,5.37665E-05],[1.29740E-03,5.36623E-05],[1.28358E-03,5.37840E-05],[1.26008E-03,5.36954E-05],[1.23458E-03,5.36361E-05],[1.20180E-03,5.36991E-05],[1.16620E-03,5.35551E-05],[1.12588E-03,5.35453E-05],[1.07994E-03,5.37792E-05],[1.02935E-03,5.36932E-05],[9.76398E-04,5.37047E-05],[9.17118E-04,5.39357E-05],[8.53852E-04,5.41305E-05],[7.89785E-04,5.40439E-05],[7.21415E-04,5.42256E-05],[6.50156E-04,5.40418E-05],[5.77149E-04,5.40402E-05],[5.10354E-04,5.45483E-05],[4.64037E-04,5.54006E-05],[4.79402E-04,5.98939E-05]],[[1.23788E-03,5.43194E-05],[1.23267E-03,5.40454E-05],[1.22097E-03,5.40289E-05],[1.20695E-03,5.36198E-05],[1.18386E-03,5.38816E-05],[1.16073E-03,5.40138E-05],[1.13105E-03,5.37813E-05],[1.09732E-03,5.36462E-05],[1.05972E-03,5.35918E-05],[1.01555E-03,5.36117E-05],[9.71396E-04,5.40627E-05],[9.18752E-04,5.37901E-05],[8.64889E-04,5.38183E-05],[8.06861E-04,5.39311E-05],[7.43655E-04,5.40842E-05],[6.78448E-04,5.41655E-05],[6.11535E-04,5.36781E-05],[5.43806E-04,5.40517E-05],[4.81614E-04,5.43131E-05],[4.35985E-04,5.56782E-05],[4.52011E-04,5.95278E-05]],[[1.15130E-03,5.43084E-05],[1.14848E-03,5.43545E-05],[1.13833E-03,5.37331E-05],[1.12309E-03,5.38060E-05],[1.10362E-03,5.42609E-05],[1.08154E-03,5.39152E-05],[1.05628E-03,5.35583E-05],[1.02336E-03,5.36810E-05],[9.87625E-04,5.35335E-05],[9.47658E-04,5.41377E-05],[9.03113E-04,5.40622E-05],[8.58074E-04,5.37793E-05],[8.05607E-04,5.44006E-05],[7.50661E-04,5.36914E-05],[6.93290E-04,5.42024E-05],[6.33204E-04,5.43589E-05],[5.70526E-04,5.40420E-05],[5.07171E-04,5.41007E-05],[4.48576E-04,5.45651E-05],[4.06434E-04,5.55257E-05],[4.20500E-04,5.96266E-05]],[[1.06116E-03,