{
  "seed":-1934520427,
  "pop":6500,
  "Inactive_Cycles":1200,
  "Active_Cycles":2500,
  "Total_CPU_Time":1.73001E+05,
  "Total_Transport_Time":2.15633E+03,
  "Time_Per_Integration":5.40013E-09,
  "Clock_Time":2.28936E+03,
  "keff":{
    "keff":[1.01612E+00,1.09108E-04]
  },
  "fissionRate":{
    "fissionRate":[[[1.76953E-03,1.66820E-04],[1.76121E-03,1.57939E-04],[1.75046E-03,1.52703E-04],[1.72993E-03,1.53401E-04],[1.69336E-03,1.55437E-04],[1.65684E-03,1.54897E-04],[1.61690E-03,1.50757E-04],[1.57308E-03,1.51605E-04],[1.51745E-03,1.48650E-04],[1.45916E-03,1.51915E-04],[1.39100E-03,1.53477E-04],[1.31627E-03,1.50752E-04],[1.24015E-03,1.51512E-04],[1.15445E-03,1.50775E-04],[1.06443E-03,1.48120E-04],[9.68901E-04,1.51735E-04],[8.74687E-04,1.50779E-04],[7.73548E-04,1.50690E-04],[6.85915E-04,1.51714E-04],[6.19069E-04,1.51770E-04],[6.41095E-04,1.83772E-04]],[[1.76225E-03,1.55020E-04],[1.75329E-03,1.49797E-04],[1.74365E-03,1.48571E-04],[1.71989E-03,1.51124E-04],[1.69888E-03,1.45559E-04],[1.65236E-03,1.46457E-04],[1.61794E-03,1.44893E-04],[1.56561E-03,1.46083E-04],[1.50900E-03,1.44543E-04],[1.45084E-03,1.46732E-04],[1.38640E-03,1.45698E-04],[1.31266E-03,1.44227E-04],[1.23582E-03,1.46403E-04],[1.15073E-03,1.48167E-04],[1.05854E-03,1.44806E-04],[9.67876E-04,1.41660E-04],[8.70866E-04,1.42470E-04],[7.72678E-04,1.42708E-04],[6.83427E-04,1.44871E-04],[6.15040E-04,1.46266E-04],[6.37369E-04,1.68029E-04]],[[1.74426E-03,1.50504E-04],[1.74020E-03,1.45127E-04],[1.72561E-03,1.45400E-04],[1.70524E-03,1.43881E-04],[1.67501E-03,1.44221E-04],[1.64405E-03,1.44515E-04],[1.60561E-03,1.43541E-04],[1.55219E-03,1.41428E-04],[1.49452E-03,1.44761E-04],[1.43849E-03,1.43348E-04],[1.36981E-03,1.43277E-04],[1.29543E-03,1.45487E-04],[1.22014E-03,1.42263E-04],[1.13846E-03,1.44086E-04],[1.04994E-03,1.43026E-04],[9.58902E-04,1.42542E-04],[8.65267E-04,1.40272E-04],[7.65923E-04,1.40568E-04],[6.79316E-04,1.43110E-04],[6.11550E-04,1.44221E-04],[6.35431E-04,1.66799E-04]],[[1.72601E-03,1.54413E-04],[1.71915E-03,1.46364E-04],[1.70237E-03,1.42838E-04],[1.68064E-03,1.44087E-04],[1.65957E-03,1.45715E-04],[1.61878E-03,1.42871E-04],[1.58272E-03,1.46594E-04],[1.53101E-03,1.44940E-04],[1.48122E-03,1.43852E-04],[1.42219E-03,1.40036E-04],[1.35791E-03,1.43123E-04],[1.28554E-03,1.41135E-04],[1.20833E-03,1.43030E-04],[1.12267E-03,1.44671E-04],[1.03937E-03,1.39829E-04],[9.47419E-04,1.39827E-04],[8.54944E-04,1.41706E-04],[7.58501E-04,1.42425E-04],[6.69694E-04,1.43351E-04],[6.05387E-04,1.43891E-04],[6.26129E-04,1.67306E-04]],[[1.69772E-03,1.54877E-04],[1.69067E-03,1.46918E-04],[1.67509E-03,1.47023E-04],[1.65789E-03,1.48592E-04],[1.62809E-03,1.47351E-04],[1.59748E-03,1.44223E-04],[1.55548E-03,1.44624E-04],[1.51025E-03,1.43042E-04],[1.45471E-03,1.40737E-04],[1.39701E-03,1.42596E-04],[1.33336E-03,1.42469E-04],[1.26136E-03,1.42809E-04],[1.18723E-03,1.43824E-04],[1.10732E-03,1.39012E-04],[1.02351E-03,1.42863E-04],[9.32549E-04,1.40425E-04],[8.40708E-04,1.38949E-04],[7.45648E-04,1.39109E-04],[6.56433E-04,1.40081E-04],[5.95529E-04,1.43604E-04],[6.16480E-04,1.65998E-04]],[[1.66493E-03,1.52794E-04],[1.65710E-03,1.49434E-04],[1.64536E-03,1.48444E-04],[1.62257E-03,1.43034E-04],[1.59335E-03,1.44104E-04],[1.56260E-03,1.43717E-04],[1.51928E-03,1.41974E-04],[1.47379E-03,1.42375E-04],[1.42317E-03,1.41098E-04],[1.36766E-03,1.40617E-04],[1.30634E-03,1.42973E-04],[1.23820E-03,1.41148E-04],[1.16406E-03,1.42374E-04],[1.08461E-03,1.39846E-04],[1.00074E-03,1.40693E-04],[9.12958E-04,1.39611E-04],[8.21672E-04,1.39518E-04],[7.31234E-04,1.40268E-04],[6.43649E-04,1.40408E-04],[5.81706E-04,1.44269E-04],[6.03347E-04,1.66124E-04]],[[1.62441E-03,1.51975E-04],[1.61508E-03,1.44956E-04],[1.60259E-03,1.45325E-04],[1.57823E-03,1.43051E-04],[1.55283E-03,1.40406E-04],[1.51856E-03,1.44538E-04],[1.48797E-03,1.43644E-04],[1.43694E-03,1.43709E-04],[1.38903E-03,1.42655E-04],[1.33445E-03,1.44906E-04],[1.27330E-03,1.42263E-04],[1.20952E-03,1.43396E-04],[1.13249E-03,1.42444E-04],[1.05721E-03,1.40085E-04],[9.75748E-04,1.37513E-04],[8.91034E-04,1.37455E-04],[8.00241E-04,1.38276E-04],[7.12331E-04,1.37285E-04],[6.27401E-04,1.39705E-04],[5.67244E-04,1.43573E-04],[5.85961E-04,1.62928E-04]],[[1.57065E-03,1.47646E-04],[1.56526E-03,1.45754E-04],[1.54931E-03,1.44527E-04],[1.53909E-03,1.45071E-04],[1.51089E-03,1.44367E-04],[1.47805E-03,1.42537E-04],[1.43901E-03,1.42576E-04],[1.39291E-03,1.44144E-04],[1.34626E-03,1.45419E-04],[1.29135E-03,1.44734E-04],[1.23119E-03,1.42146E-04],[1.17143E-03,1.43389E-04],[1.09431E-03,1.40369E-04],[1.02489E-03,1.40064E-04],[9.45616E-04,1.37918E-04],[8.62912E-04,1.38060E-04],[7.76649E-04,1.38504E-04],[6.90288E-04,1.38703E-04],[6.08974E-04,1.41301E-04],[5.50125E-04,1.42541E-04],[5.71116E-04,1.64785E-04]],[[1.51831E-03,1.48280E-04],[1.50652E-03,1.45018E-04],[1.49370E-03,1.45629E-04],[1.48163E-03,1.44043E-04],[1.45110E-03,1.43012E-04],[1.42275E-03,1.44717E-04],[1.38566E-03,1.41049E-04],[1.34680E-03,1.43540E-04],[1.29801E-03,1.42461E-04],[1.24813E-03,1.45162E-04],[1.18760E-03,1.43469E-04],[1.12999E-03,1.39943E-04],[1.05860E-03,1.40274E-04],[9.88067E-04,1.41012E-04],[9.11671E-04,1.38755E-04],[8.32005E-04,1.39729E-04],[7.48976E-04,1.40835E-04],[6.65415E-04,1.38924E-04],[5.86942E-04,1.39726E-04],[5.30691E-04,1.43977E-04],[5.48726E-04,1.65289E-04]],[[1.45264E-03,1.51569E-04],[1.44888E-03,1.44382E-04],[1.43968E-03,1.42990E-04],[1.41830E-03,1.42685E-04],[1.39241E-03,1.41985E-04],[1.36662E-03,1.41238E-04],[1.33338E-03,1.41125E-04],[1.29158E-03,1.39826E-04],[1.24651E-03,1.40702E-04],[1.19326E-03,1.44970E-04],[1.14086E-03,1.43541E-04],[1.08397E-03,1.41603E-04],[1.01821E-03,1.38472E-04],[9.46417E-04,1.42518E-04],[8.76051E-04,1.40725E-04],[7.98834E-04,1.40964E-04],[7.17973E-04,1.39580E-04],[6.38046E-04,1.39871E-04],[5.61995E-04,1.42448E-04],[5.09221E-04,1.43361E-04],[5.25870E-04,1.63457E-04]],[[1.38194E-03,1.49380E-04],[1.38490E-03,1.46451E-04],[1.36963E-03,1.40971E-04],[1.35124E-03,1.40691E-04],[1.33193E-03,1.40175E-04],[1.30323E-03,1.41819E-04],[1.26992E-03,1.41436E-04],[1.22992E-03,1.42316E-04],[1.19004E-03,1.44999E-04],[1.14143E-03,1.41162E-04],[1.08699E-03,1.43505E-04],[1.03165E-03,1.37968E-04],[9.71824E-04,1.39442E-04],[9.04073E-04,1.40712E-04],[8.35625E-04,1.42713E-04],[7.60968E-04,1.38773E-04],[6.85495E-04,1.43195E-04],[6.10966E-04,1.38940E-04],[5.36837E-04,1.41471E-04],[4.85826E-04,1.44261E-04],[5.03317E-04,1.64635E-04]],[[1.31675E-03,1.50237E-04],[1.31020E-03,1.46521E-04],[1.29775E-03,1.41267E-04],[1.27838E-03,1.40519E-04],[1.26052E-03,1.39108E-04],[1.23351E-03,1.40104E-04],[1.20156E-03,1.41174E-04],[1.16813E-03,1.42050E-04],[1.12653E-03,1.41206E-04],[1.08160E-03,1.42971E-04],[1.03440E-03,1.39803E-04],[9.77687E-04,1.40792E-04],[9.19414E-04,1.40617E-04],[8.57561E-04,1.39665E-04],[7.92196E-04,1.41285E-04],[7.23017E-04,1.42458E-04],[6.49609E-04,1.43729E-04],[5.78156E-04,1.42210E-04],[5.09490E-04,1.40475E-04],[4.61088E-04,1.44704E-04],[4.76626E-04,1.63518E-04]],[[1.23546E-03,1.55477E-04],[1.22804E-03,1.45508E-04],[1.22279E-03,1.41613E-04],[1.20354E-03,1.42365E-04],[1.18490E-03,1.41762E-04],[1.16065E-03,1.39981E-04],[1.13346E-03,1.43824E-04],[1.09647E-03,1.45231E-04],[1.05725E-03,1.43404E-04],[1.01685E-03,1.38683E-04],[9.71150E-04,1.41988E-04],[9.21868E-04,1.41485E-04],[8.64850E-04,1.39226E-04],[8.07931E-04,1.39663E-04],[7.44897E-04,1.39806E-04],[6.76784E-04,1.41531E-04],[6.11403E-04,1.41919E-04],[5.43713E-04,1.41312E-04],[4.79125E-04,1.40858E-04],[4.31576E-04,1.42864E-04],[4.46682E-04,1.64863E-04]],[[1.15352E-03,1.53533E-04],[1.14922E-03,1.45257E-04],[1.13621E-03,1.43691E-04],[1.12377E-03,1.44695E-04],[1.10472E-03,1.41386E-04],[1.07884E-03,1.41506E-04],[1.05213E-03,1.44621E-04],[1.02042E-03,1.43161E-04],[9.85473E-04,1.41667E-04],[9.46432E-04,1.42191E-04],[9.03503E-04,1.40427E-04],[8.60250E-04,1.42716E-04],[8.07514E-04,1.42813E-04],[7.50952E-04,1.41040E-04],[6.94608E-04,1.40808E-04],[6.33756E-04,1.40885E-04],[5.70170E-04,1.42494E-04],[5.06646E-04,1.41216E-04],[4.46572E-04,1.40378E-04],[4.04870E-04,1.40532E-04],[4.19631E-04,1.66288E-04]],[[1.06203E-03,