{
  "seed":177061084,
  "pop":6500,
  "Inactive_Cycles":1200,
  "Active_Cycles":2500,
  "Total_CPU_Time":1.10850E+04,
  "Total_Transport_Time":1.29480E+02,
  "Time_Per_Integration":3.24631E-10,
  "Clock_Time":1.46313E+02,
  "keff":{
    "keff":[1.02019E+00,9.22999E-05]
  },
  "fissionRate":{
    "fissionRate":[[[1.77529E-03,1.75088E-04],[1.76433E-03,1.54367E-04],[1.74743E-03,1.50901E-04],[1.73070E-03,1.47429E-04],[1.70616E-03,1.51611E-04],[1.66732E-03,1.44198E-04],[1.62731E-03,1.46558E-04],[1.57371E-03,1.44419E-04],[1.51932E-03,1.46443E-04],[1.45838E-03,1.46366E-04],[1.39664E-03,1.47653E-04],[1.31992E-03,1.50017E-04],[1.24001E-03,1.46435E-04],[1.15700E-03,1.47985E-04],[1.06927E-03,1.49058E-04],[9.76151E-04,1.48872E-04],[8.79160E-04,1.51391E-04],[7.82815E-04,1.52375E-04],[6.93098E-04,1.51479E-04],[6.24715E-04,1.57243E-04],[6.45879E-04,1.72841E-04]],[[1.76460E-03,1.53418E-04],[1.75904E-03,1.43778E-04],[1.74712E-03,1.41648E-04],[1.72359E-03,1.43859E-04],[1.69514E-03,1.41717E-04],[1.65763E-03,1.40278E-04],[1.61905E-03,1.41703E-04],[1.56935E-03,1.40066E-04],[1.51521E-03,1.40764E-04],[1.45203E-03,1.41767E-04],[1.38579E-03,1.42611E-04],[1.31176E-03,1.41819E-04],[1.23630E-03,1.41587E-04],[1.15347E-03,1.41782E-04],[1.06466E-03,1.43543E-04],[9.73045E-04,1.41267E-04],[8.79995E-04,1.41728E-04],[7.79411E-04,1.42268E-04],[6.88529E-04,1.43332E-04],[6.20879E-04,1.45541E-04],[6.38946E-04,1.63038E-04]],[[1.74877E-03,1.51315E-04],[1.74291E-03,1.43894E-04],[1.73090E-03,1.42132E-04],[1.70895E-03,1.42442E-04],[1.67828E-03,1.40669E-04],[1.64396E-03,1.41094E-04],[1.60255E-03,1.39545E-04],[1.55768E-03,1.40792E-04],[1.50033E-03,1.42470E-04],[1.44449E-03,1.42083E-04],[1.37455E-03,1.42891E-04],[1.30394E-03,1.41382E-04],[1.22967E-03,1.40812E-04],[1.14734E-03,1.41760E-04],[1.05837E-03,1.43443E-04],[9.64995E-04,1.40524E-04],[8.70112E-04,1.44099E-04],[7.74569E-04,1.42127E-04],[6.84187E-04,1.42820E-04],[6.16821E-04,1.46900E-04],[6.33473E-04,1.63576E-04]],[[1.72858E-03,1.56780E-04],[1.72179E-03,1.43369E-04],[1.71020E-03,1.42461E-04],[1.68521E-03,1.43462E-04],[1.65956E-03,1.43501E-04],[1.62237E-03,1.40957E-04],[1.58726E-03,1.40705E-04],[1.53319E-03,1.40618E-04],[1.48397E-03,1.41552E-04],[1.42160E-03,1.42812E-04],[1.36130E-03,1.41170E-04],[1.28743E-03,1.39213E-04],[1.20771E-03,1.37785E-04],[1.13104E-03,1.42013E-04],[1.04598E-03,1.40172E-04],[9.53218E-04,1.40554E-04],[8.60236E-04,1.40772E-04],[7.66038E-04,1.43795E-04],[6.76454E-04,1.41824E-04],[6.09020E-04,1.46421E-04],[6.25238E-04,1.59725E-04]],[[1.70099E-03,1.48711E-04],[1.69200E-03,1.44287E-04],[1.67891E-03,1.41333E-04],[1.65605E-03,1.41781E-04],[1.63109E-03,1.40117E-04],[1.60031E-03,1.37579E-04],[1.55634E-03,1.38449E-04],[1.51145E-03,1.37908E-04],[1.46103E-03,1.37849E-04],[1.39981E-03,1.40757E-04],[1.33571E-03,1.40021E-04],[1.26660E-03,1.37779E-04],[1.19680E-03,1.39650E-04],[1.11186E-03,1.41364E-04],[1.02772E-03,1.38835E-04],[9.37696E-04,1.40086E-04],[8.46974E-04,1.40159E-04],[7.53141E-04,1.39742E-04],[6.63784E-04,1.40230E-04],[5.98695E-04,1.43511E-04],[6.16177E-04,1.59694E-04]],[[1.66415E-03,1.51321E-04],[1.65465E-03,1.40073E-04],[1.64298E-03,1.43110E-04],[1.62541E-03,1.43570E-04],[1.59614E-03,1.39668E-04],[1.56475E-03,1.40876E-04],[1.52629E-03,1.39745E-04],[1.48210E-03,1.42228E-04],[1.43052E-03,1.38641E-04],[1.37141E-03,1.39610E-04],[1.30800E-03,1.39472E-04],[1.23612E-03,1.38582E-04],[1.16520E-03,1.39511E-04],[1.08620E-03,1.39534E-04],[1.00686E-03,1.38448E-04],[9.19324E-04,1.38163E-04],[8.25901E-04,1.41637E-04],[7.36882E-04,1.42567E-04],[6.49939E-04,1.42779E-04],[5.86119E-04,1.44306E-04],[6.03333E-04,1.61665E-04]],[[1.61915E-03,1.48104E-04],[1.61190E-03,1.39549E-04],[1.60192E-03,1.41369E-04],[1.58314E-03,1.40842E-04],[1.56061E-03,1.39444E-04],[1.52711E-03,1.38981E-04],[1.48914E-03,1.38475E-04],[1.44256E-03,1.41324E-04],[1.39216E-03,1.39580E-04],[1.33643E-03,1.39726E-04],[1.27450E-03,1.39813E-04],[1.20661E-03,1.40975E-04],[1.13565E-03,1.40941E-04],[1.05778E-03,1.41756E-04],[9.79636E-04,1.36174E-04],[8.93952E-04,1.39045E-04],[8.05367E-04,1.39157E-04],[7.16723E-04,1.41457E-04],[6.34798E-04,1.40226E-04],[5.71165E-04,1.46599E-04],[5.89587E-04,1.63984E-04]],[[1.57758E-03,1.48847E-04],[1.56612E-03,1.40093E-04],[1.55422E-03,1.40939E-04],[1.53771E-03,1.40061E-04],[1.51166E-03,1.40870E-04],[1.48043E-03,1.39034E-04],[1.43911E-03,1.37580E-04],[1.39877E-03,1.37495E-04],[1.35084E-03,1.36159E-04],[1.29726E-03,1.37317E-04],[1.23638E-03,1.37650E-04],[1.17157E-03,1.38517E-04],[1.10089E-03,1.40849E-04],[1.02894E-03,1.40855E-04],[9.51884E-04,1.39542E-04],[8.66076E-04,1.39577E-04],[7.80244E-04,1.41970E-04],[6.96155E-04,1.44405E-04],[6.14209E-04,1.43391E-04],[5.56346E-04,1.47928E-04],[5.73341E-04,1.63034E-04]],[[1.51841E-03,1.44663E-04],[1.51419E-03,1.40710E-04],[1.50428E-03,1.40242E-04],[1.48106E-03,1.41453E-04],[1.45814E-03,1.41384E-04],[1.43034E-03,1.38403E-04],[1.39520E-03,1.38459E-04],[1.35120E-03,1.39007E-04],[1.30415E-03,1.36823E-04],[1.24745E-03,1.36644E-04],[1.18810E-03,1.38862E-04],[1.12823E-03,1.40246E-04],[1.06336E-03,1.38043E-04],[9.94443E-04,1.40931E-04],[9.15911E-04,1.39272E-04],[8.35001E-04,1.39386E-04],[7.54894E-04,1.41657E-04],[6.72458E-04,1.41489E-04],[5.94095E-04,1.43300E-04],[5.36834E-04,1.45607E-04],[5.52878E-04,1.61802E-04]],[[1.45526E-03,1.45271E-04],[1.45329E-03,1.42828E-04],[1.43973E-03,1.39468E-04],[1.42248E-03,1.40578E-04],[1.39936E-03,1.41256E-04],[1.37022E-03,1.38236E-04],[1.33922E-03,1.37677E-04],[1.29496E-03,1.38602E-04],[1.24583E-03,1.38888E-04],[1.19819E-03,1.38038E-04],[1.14252E-03,1.40892E-04],[1.08433E-03,1.39435E-04],[1.01863E-03,1.38510E-04],[9.53445E-04,1.41693E-04],[8.80069E-04,1.40386E-04],[8.02712E-04,1.38144E-04],[7.22368E-04,1.38017E-04],[6.44684E-04,1.40335E-04],[5.69327E-04,1.41261E-04],[5.13144E-04,1.42180E-04],[5.30441E-04,1.62474E-04]],[[1.39023E-03,1.46378E-04],[1.38664E-03,1.39732E-04],[1.37039E-03,1.42673E-04],[1.35432E-03,1.42473E-04],[1.33500E-03,1.39481E-04],[1.30979E-03,1.38577E-04],[1.27511E-03,1.36365E-04],[1.23537E-03,1.36638E-04],[1.19075E-03,1.37649E-04],[1.14508E-03,1.39333E-04],[1.08806E-03,1.39528E-04],[1.03363E-03,1.39351E-04],[9.71809E-04,1.41220E-04],[9.07274E-04,1.40867E-04],[8.38140E-04,1.39108E-04],[7.64341E-04,1.40417E-04],[6.90131E-04,1.41888E-04],[6.13186E-04,1.42395E-04],[5.42590E-04,1.39513E-04],[4.89970E-04,1.43694E-04],[5.03649E-04,1.62140E-04]],[[1.31766E-03,1.49045E-04],[1.31317E-03,1.40883E-04],[1.30110E-03,1.40420E-04],[1.28006E-03,1.41830E-04],[1.26555E-03,1.39428E-04],[1.23810E-03,1.39297E-04],[1.20443E-03,1.38166E-04],[1.17008E-03,1.39165E-04],[1.12908E-03,1.39271E-04],[1.08782E-03,1.39826E-04],[1.03442E-03,1.39247E-04],[9.78694E-04,1.36386E-04],[9.23479E-04,1.39911E-04],[8.60894E-04,1.38526E-04],[7.96696E-04,1.39579E-04],[7.24807E-04,1.40577E-04],[6.52978E-04,1.40158E-04],[5.83436E-04,1.41594E-04],[5.14862E-04,1.41275E-04],[4.63538E-04,1.46805E-04],[4.77262E-04,1.64691E-04]],[[1.23859E-03,1.51798E-04],[1.23194E-03,1.44362E-04],[1.22457E-03,1.41674E-04],[1.20984E-03,1.39554E-04],[1.18992E-03,1.40036E-04],[1.16548E-03,1.40090E-04],[1.13342E-03,1.37648E-04],[1.09908E-03,1.40123E-04],[1.06300E-03,1.38517E-04],[1.02194E-03,1.36820E-04],[9.70483E-04,1.38232E-04],[9.21189E-04,1.38538E-04],[8.66756E-04,1.40037E-04],[8.09812E-04,1.38825E-04],[7.46880E-04,1.39539E-04],[6.81896E-04,1.44599E-04],[6.15476E-04,1.40372E-04],[5.47647E-04,1.41620E-04],[4.82319E-04,1.41082E-04],[4.36328E-04,1.45551E-04],[4.50298E-04,1.61734E-04]],[[1.15802E-03,1.52960E-04],[1.15369E-03,1.44973E-04],[1.13989E-03,1.45561E-04],[1.12691E-03,1.40223E-04],[1.10816E-03,1.41521E-04],[1.08268E-03,1.38107E-04],[1.05869E-03,1.40154E-04],[1.02570E-03,1.38446E-04],[9.88840E-04,1.40989E-04],[9.49468E-04,1.39894E-04],[9.04804E-04,1.39937E-04],[8.61909E-04,1.39164E-04],[8.06371E-04,1.42404E-04],[7.53325E-04,1.41736E-04],[6.97777E-04,1.41900E-04],[6.37232E-04,1.39995E-04],[5.73891E-04,1.38805E-04],[5.10407E-04,1.42084E-04],[4.50747E-04,1.42115E-04],[4.06616E-04,1.45631E-04],[4.18636E-04,1.60224E-04]],[[1.06778E-03,