{
  "seed":1595057006,
  "pop":6500,
  "Inactive_Cycles":1200,
  "Active_Cycles":2500,
  "Total_CPU_Time":2.55975E+04,
  "Total_Transport_Time":3.11919E+02,
  "Time_Per_Integration":7.85831E-10,
  "Clock_Time":3.38493E+02,
  "keff":{
    "keff":[1.01594E+00,9.99825E-05]
  },
  "fissionRate":{
    "fissionRate":[[[1.76142E-03,1.79030E-04],[1.75946E-03,1.65770E-04],[1.74707E-03,1.46304E-04],[1.72495E-03,1.47467E-04],[1.69633E-03,1.43741E-04],[1.65711E-03,1.44516E-04],[1.61478E-03,1.43949E-04],[1.56768E-03,1.45367E-04],[1.51098E-03,1.45514E-04],[1.45434E-03,1.42434E-04],[1.38650E-03,1.41961E-04],[1.31035E-03,1.42584E-04],[1.23345E-03,1.43230E-04],[1.15038E-03,1.43870E-04],[1.06680E-03,1.46450E-04],[9.70560E-04,1.46288E-04],[8.75383E-04,1.45424E-04],[7.78571E-04,1.48847E-04],[6.85607E-04,1.49660E-04],[6.20366E-04,1.48496E-04],[6.39121E-04,1.74428E-04]],[[1.75550E-03,1.54555E-04],[1.75073E-03,1.45854E-04],[1.74085E-03,1.43182E-04],[1.71735E-03,1.38480E-04],[1.68733E-03,1.36819E-04],[1.65052E-03,1.37578E-04],[1.60701E-03,1.33235E-04],[1.56148E-03,1.39071E-04],[1.50501E-03,1.39172E-04],[1.44998E-03,1.35027E-04],[1.38291E-03,1.36577E-04],[1.30724E-03,1.36402E-04],[1.22849E-03,1.37488E-04],[1.14936E-03,1.33778E-04],[1.05913E-03,1.38151E-04],[9.68094E-04,1.38634E-04],[8.68909E-04,1.38032E-04],[7.74325E-04,1.38141E-04],[6.81394E-04,1.41181E-04],[6.16550E-04,1.42963E-04],[6.39589E-04,1.62106E-04]],[[1.74278E-03,1.43925E-04],[1.73899E-03,1.39967E-04],[1.71813E-03,1.41190E-04],[1.70225E-03,1.35681E-04],[1.67478E-03,1.34004E-04],[1.63772E-03,1.31794E-04],[1.59616E-03,1.33544E-04],[1.55197E-03,1.36878E-04],[1.49844E-03,1.33711E-04],[1.43833E-03,1.37142E-04],[1.37438E-03,1.33671E-04],[1.29930E-03,1.33025E-04],[1.22222E-03,1.32974E-04],[1.13607E-03,1.34023E-04],[1.04883E-03,1.36038E-04],[9.60928E-04,1.38185E-04],[8.65013E-04,1.39062E-04],[7.67300E-04,1.36414E-04],[6.77657E-04,1.37575E-04],[6.12506E-04,1.41431E-04],[6.34689E-04,1.59227E-04]],[[1.71988E-03,1.41837E-04],[1.71282E-03,1.36669E-04],[1.69674E-03,1.37403E-04],[1.67997E-03,1.35836E-04],[1.65193E-03,1.34458E-04],[1.61800E-03,1.35914E-04],[1.58107E-03,1.36119E-04],[1.53070E-03,1.34781E-04],[1.47909E-03,1.32071E-04],[1.41837E-03,1.33129E-04],[1.35432E-03,1.36199E-04],[1.28526E-03,1.34339E-04],[1.20670E-03,1.37237E-04],[1.12127E-03,1.36913E-04],[1.03828E-03,1.36177E-04],[9.47228E-04,1.34356E-04],[8.52396E-04,1.37396E-04],[7.58092E-04,1.37269E-04],[6.69079E-04,1.36384E-04],[6.03649E-04,1.42373E-04],[6.23339E-04,1.60558E-04]],[[1.68843E-03,1.45190E-04],[1.68783E-03,1.38600E-04],[1.67738E-03,1.35729E-04],[1.65181E-03,1.34700E-04],[1.62648E-03,1.35479E-04],[1.59556E-03,1.34993E-04],[1.55272E-03,1.33316E-04],[1.50208E-03,1.33495E-04],[1.45272E-03,1.34363E-04],[1.39449E-03,1.34142E-04],[1.32778E-03,1.36596E-04],[1.26294E-03,1.33898E-04],[1.18891E-03,1.36705E-04],[1.10608E-03,1.38048E-04],[1.02006E-03,1.36652E-04],[9.30499E-04,1.36135E-04],[8.39159E-04,1.33366E-04],[7.45777E-04,1.36840E-04],[6.57629E-04,1.35771E-04],[5.94256E-04,1.40184E-04],[6.14343E-04,1.60569E-04]],[[1.66032E-03,1.51504E-04],[1.65385E-03,1.38068E-04],[1.63839E-03,1.36246E-04],[1.61852E-03,1.35868E-04],[1.59034E-03,1.33300E-04],[1.56327E-03,1.34078E-04],[1.52430E-03,1.31981E-04],[1.47734E-03,1.31125E-04],[1.42226E-03,1.33433E-04],[1.36909E-03,1.32713E-04],[1.30645E-03,1.34165E-04],[1.23268E-03,1.37231E-04],[1.16344E-03,1.37328E-04],[1.08286E-03,1.34441E-04],[9.97980E-04,1.33402E-04],[9.13176E-04,1.35304E-04],[8.21658E-04,1.35830E-04],[7.30474E-04,1.35288E-04],[6.43510E-04,1.34715E-04],[5.81672E-04,1.38351E-04],[6.01053E-04,1.59799E-04]],[[1.61869E-03,1.47919E-04],[1.61029E-03,1.36822E-04],[1.59760E-03,1.37720E-04],[1.57559E-03,1.38631E-04],[1.55259E-03,1.34337E-04],[1.52094E-03,1.33210E-04],[1.48471E-03,1.30567E-04],[1.43658E-03,1.33000E-04],[1.38573E-03,1.32756E-04],[1.32823E-03,1.33207E-04],[1.26970E-03,1.33503E-04],[1.20527E-03,1.32758E-04],[1.13275E-03,1.34760E-04],[1.05534E-03,1.36047E-04],[9.75976E-04,1.32913E-04],[8.87713E-04,1.36031E-04],[8.01198E-04,1.35276E-04],[7.11873E-04,1.34253E-04],[6.27084E-04,1.33928E-04],[5.66339E-04,1.39602E-04],[5.86432E-04,1.59817E-04]],[[1.56716E-03,1.48195E-04],[1.56109E-03,1.36797E-04],[1.54504E-03,1.37609E-04],[1.53389E-03,1.35869E-04],[1.50581E-03,1.36252E-04],[1.47446E-03,1.35301E-04],[1.43803E-03,1.33865E-04],[1.39179E-03,1.34262E-04],[1.34657E-03,1.32221E-04],[1.29072E-03,1.33623E-04],[1.23186E-03,1.33768E-04],[1.16469E-03,1.33213E-04],[1.09616E-03,1.35198E-04],[1.01955E-03,1.36601E-04],[9.46596E-04,1.35793E-04],[8.62941E-04,1.37211E-04],[7.77777E-04,1.33804E-04],[6.88808E-04,1.33163E-04],[6.08051E-04,1.37117E-04],[5.51342E-04,1.37271E-04],[5.70880E-04,1.58571E-04]],[[1.51323E-03,1.44827E-04],[1.50586E-03,1.35386E-04],[1.49284E-03,1.36179E-04],[1.47638E-03,1.33635E-04],[1.45266E-03,1.35276E-04],[1.42097E-03,1.36390E-04],[1.38560E-03,1.33395E-04],[1.34618E-03,1.34766E-04],[1.29764E-03,1.33133E-04],[1.24490E-03,1.31597E-04],[1.18560E-03,1.34641E-04],[1.12344E-03,1.32911E-04],[1.05973E-03,1.36315E-04],[9.88609E-04,1.35955E-04],[9.13979E-04,1.31016E-04],[8.32951E-04,1.33450E-04],[7.49660E-04,1.37222E-04],[6.67545E-04,1.35449E-04],[5.88344E-04,1.37077E-04],[5.30379E-04,1.39926E-04],[5.47914E-04,1.64712E-04]],[[1.45028E-03,1.45831E-04],[1.44217E-03,1.38174E-04],[1.43549E-03,1.38729E-04],[1.41464E-03,1.35996E-04],[1.39017E-03,1.34595E-04],[1.36404E-03,1.33628E-04],[1.33205E-03,1.34507E-04],[1.28671E-03,1.34158E-04],[1.24431E-03,1.33952E-04],[1.19740E-03,1.32733E-04],[1.13751E-03,1.34076E-04],[1.07886E-03,1.34233E-04],[1.01353E-03,1.34061E-04],[9.48662E-04,1.34588E-04],[8.75447E-04,1.35232E-04],[7.98380E-04,1.33906E-04],[7.20043E-04,1.37329E-04],[6.40462E-04,1.36564E-04],[5.64538E-04,1.36383E-04],[5.08452E-04,1.39204E-04],[5.27504E-04,1.64167E-04]],[[1.38672E-03,1.43821E-04],[1.38113E-03,1.35869E-04],[1.36941E-03,1.35154E-04],[1.35190E-03,1.36546E-04],[1.33243E-03,1.34201E-04],[1.30534E-03,1.33864E-04],[1.27013E-03,1.34244E-04],[1.23099E-03,1.34183E-04],[1.18596E-03,1.32624E-04],[1.14084E-03,1.32551E-04],[1.08774E-03,1.33653E-04],[1.02988E-03,1.35264E-04],[9.73503E-04,1.33718E-04],[9.07153E-04,1.33888E-04],[8.34682E-04,1.35956E-04],[7.60994E-04,1.37227E-04],[6.87397E-04,1.35354E-04],[6.10611E-04,1.37933E-04],[5.36862E-04,1.34697E-04],[4.85843E-04,1.40386E-04],[5.03753E-04,1.65203E-04]],[[1.31328E-03,1.44871E-04],[1.30662E-03,1.36340E-04],[1.29626E-03,1.37106E-04],[1.28117E-03,1.34933E-04],[1.25913E-03,1.37363E-04],[1.23393E-03,1.34287E-04],[1.20215E-03,1.34543E-04],[1.16598E-03,1.35220E-04],[1.12583E-03,1.32021E-04],[1.08002E-03,1.34422E-04],[1.03339E-03,1.35402E-04],[9.75022E-04,1.35892E-04],[9.19554E-04,1.34500E-04],[8.58650E-04,1.33622E-04],[7.89780E-04,1.35155E-04],[7.23528E-04,1.37579E-04],[6.52129E-04,1.36234E-04],[5.77888E-04,1.37762E-04],[5.09353E-04,1.37056E-04],[4.61706E-04,1.40494E-04],[4.77367E-04,1.61998E-04]],[[1.23876E-03,1.46408E-04],[1.22949E-03,1.37274E-04],[1.22366E-03,1.35788E-04],[1.20408E-03,1.36129E-04],[1.18370E-03,1.35920E-04],[1.15811E-03,1.36886E-04],[1.13289E-03,1.37782E-04],[1.09564E-03,1.34314E-04],[1.05883E-03,1.39019E-04],[1.01776E-03,1.37616E-04],[9.69966E-04,1.37119E-04],[9.17569E-04,1.36370E-04],[8.63405E-04,1.34427E-04],[8.07797E-04,1.35910E-04],[7.43731E-04,1.36191E-04],[6.79795E-04,1.38544E-04],[6.12199E-04,1.34611E-04],[5.43681E-04,1.33549E-04],[4.78284E-04,1.37048E-04],[4.32609E-04,1.38946E-04],[4.47892E-04,1.63115E-04]],[[1.14818E-03,1.47154E-04],[1.14711E-03,1.42817E-04],[1.13897E-03,1.36714E-04],[1.12016E-03,1.36205E-04],[1.10403E-03,1.36748E-04],[1.08226E-03,1.36876E-04],[1.05513E-03,1.36375E-04],[1.02388E-03,1.34355E-04],[9.87806E-04,1.34526E-04],[9.48755E-04,1.37599E-04],[9.02230E-04,1.38442E-04],[8.55830E-04,1.37409E-04],[8.03953E-04,1.34750E-04],[7.49661E-04,1.37700E-04],[6.92595E-04,1.36853E-04],[6.32660E-04,1.38624E-04],[5.69574E-04,1.34853E-04],[5.05871E-04,1.36714E-04],[4.46823E-04,1.38179E-04],[4.03420E-04,1.40138E-04],[4.16764E-04,1.58102E-04]],[[1.06213E-03,