{
  "seed":-2081823934,
  "pop":6500,
  "Inactive_Cycles":1200,
  "Active_Cycles":2500,
  "Total_CPU_Time":1.72739E+05,
  "Total_Transport_Time":2.14972E+03,
  "Time_Per_Integration":5.38254E-09,
  "Clock_Time":2.28711E+03,
  "keff":{
    "keff":[1.01593E+00,1.04827E-04]
  },
  "fissionRate":{
    "fissionRate":[[[1.76748E-03,1.62918E-04],[1.76469E-03,1.52226E-04],[1.74666E-03,1.47294E-04],[1.72554E-03,1.45695E-04],[1.70066E-03,1.44250E-04],[1.66489E-03,1.47350E-04],[1.62280E-03,1.46681E-04],[1.57736E-03,1.50021E-04],[1.52057E-03,1.48289E-04],[1.46182E-03,1.45744E-04],[1.39329E-03,1.45392E-04],[1.31747E-03,1.46469E-04],[1.24120E-03,1.45201E-04],[1.15653E-03,1.44078E-04],[1.06859E-03,1.48089E-04],[9.70359E-04,1.45807E-04],[8.75579E-04,1.45460E-04],[7.80190E-04,1.45994E-04],[6.86480E-04,1.49194E-04],[6.19993E-04,1.51039E-04],[6.41990E-04,1.74294E-04]],[[1.76095E-03,1.50076E-04],[1.75454E-03,1.41399E-04],[1.74189E-03,1.41617E-04],[1.72380E-03,1.40516E-04],[1.69311E-03,1.39405E-04],[1.65643E-03,1.42009E-04],[1.62131E-03,1.42111E-04],[1.56761E-03,1.43285E-04],[1.51433E-03,1.41788E-04],[1.45068E-03,1.39507E-04],[1.38890E-03,1.40298E-04],[1.31296E-03,1.39145E-04],[1.23295E-03,1.39652E-04],[1.15072E-03,1.41559E-04],[1.06010E-03,1.39190E-04],[9.68655E-04,1.41982E-04],[8.71694E-04,1.39460E-04],[7.76571E-04,1.40108E-04],[6.84619E-04,1.42840E-04],[6.15493E-04,1.45156E-04],[6.37444E-04,1.65613E-04]],[[1.74651E-03,1.46085E-04],[1.74434E-03,1.38653E-04],[1.72994E-03,1.37620E-04],[1.70413E-03,1.39514E-04],[1.68238E-03,1.39536E-04],[1.64338E-03,1.40845E-04],[1.60116E-03,1.42314E-04],[1.55666E-03,1.42235E-04],[1.50223E-03,1.40520E-04],[1.43859E-03,1.39251E-04],[1.37601E-03,1.37694E-04],[1.30065E-03,1.39021E-04],[1.22147E-03,1.41455E-04],[1.14147E-03,1.36758E-04],[1.05457E-03,1.38623E-04],[9.60799E-04,1.41869E-04],[8.64119E-04,1.39710E-04],[7.68689E-04,1.40040E-04],[6.79352E-04,1.39341E-04],[6.13135E-04,1.43685E-04],[6.33321E-04,1.62752E-04]],[[1.72803E-03,1.43208E-04],[1.72238E-03,1.38172E-04],[1.71122E-03,1.39204E-04],[1.68556E-03,1.39114E-04],[1.65793E-03,1.38603E-04],[1.62845E-03,1.39460E-04],[1.58335E-03,1.40534E-04],[1.53501E-03,1.40744E-04],[1.48189E-03,1.38242E-04],[1.42082E-03,1.39642E-04],[1.35553E-03,1.36245E-04],[1.28263E-03,1.37102E-04],[1.20762E-03,1.38522E-04],[1.12415E-03,1.36828E-04],[1.04260E-03,1.38588E-04],[9.50163E-04,1.40049E-04],[8.55030E-04,1.38447E-04],[7.58672E-04,1.38716E-04],[6.69333E-04,1.39860E-04],[6.04580E-04,1.40238E-04],[6.27676E-04,1.64665E-04]],[[1.69754E-03,1.43101E-04],[1.69142E-03,1.38788E-04],[1.68002E-03,1.38469E-04],[1.65623E-03,1.37670E-04],[1.62897E-03,1.39630E-04],[1.59850E-03,1.39155E-04],[1.55646E-03,1.40730E-04],[1.51076E-03,1.40032E-04],[1.45324E-03,1.39631E-04],[1.40119E-03,1.37778E-04],[1.33418E-03,1.38128E-04],[1.26227E-03,1.40293E-04],[1.18710E-03,1.38199E-04],[1.10761E-03,1.37541E-04],[1.02221E-03,1.39742E-04],[9.35077E-04,1.38132E-04],[8.42436E-04,1.36264E-04],[7.46168E-04,1.37302E-04],[6.61159E-04,1.37828E-04],[5.94279E-04,1.44258E-04],[6.15783E-04,1.62960E-04]],[[1.66511E-03,1.45458E-04],[1.65277E-03,1.41135E-04],[1.64413E-03,1.39678E-04],[1.62499E-03,1.38289E-04],[1.59768E-03,1.37845E-04],[1.55998E-03,1.38334E-04],[1.52049E-03,1.36210E-04],[1.47964E-03,1.37915E-04],[1.42496E-03,1.39279E-04],[1.36744E-03,1.41826E-04],[1.30538E-03,1.40763E-04],[1.23578E-03,1.39099E-04],[1.16477E-03,1.36233E-04],[1.08442E-03,1.34229E-04],[1.00235E-03,1.38498E-04],[9.15324E-04,1.35698E-04],[8.24054E-04,1.36614E-04],[7.32547E-04,1.36675E-04],[6.46568E-04,1.39687E-04],[5.83400E-04,1.42581E-04],[6.03992E-04,1.61826E-04]],[[1.62474E-03,1.48069E-04],[1.61139E-03,1.40295E-04],[1.60236E-03,1.39120E-04],[1.58378E-03,1.39771E-04],[1.55423E-03,1.39524E-04],[1.52135E-03,1.40881E-04],[1.48231E-03,1.38439E-04],[1.43916E-03,1.40317E-04],[1.39041E-03,1.38265E-04],[1.33408E-03,1.39677E-04],[1.27216E-03,1.40316E-04],[1.20718E-03,1.36689E-04],[1.13306E-03,1.35776E-04],[1.05449E-03,1.38963E-04],[9.76078E-04,1.38302E-04],[8.91752E-04,1.38651E-04],[8.02754E-04,1.38292E-04],[7.14199E-04,1.40602E-04],[6.31259E-04,1.38962E-04],[5.68821E-04,1.39065E-04],[5.92103E-04,1.65793E-04]],[[1.57514E-03,1.47741E-04],[1.56644E-03,1.38425E-04],[1.54924E-03,1.37337E-04],[1.53608E-03,1.38356E-04],[1.51091E-03,1.36587E-04],[1.47730E-03,1.39534E-04],[1.43571E-03,1.36911E-04],[1.39675E-03,1.39249E-04],[1.34765E-03,1.39686E-04],[1.29314E-03,1.38051E-04],[1.23633E-03,1.39713E-04],[1.16764E-03,1.39914E-04],[1.10446E-03,1.38939E-04],[1.02387E-03,1.36922E-04],[9.48466E-04,1.37274E-04],[8.64409E-04,1.35230E-04],[7.79740E-04,1.37282E-04],[6.93010E-04,1.39624E-04],[6.11770E-04,1.40621E-04],[5.53169E-04,1.40915E-04],[5.76237E-04,1.66814E-04]],[[1.51785E-03,1.45113E-04],[1.51344E-03,1.40381E-04],[1.49478E-03,1.34147E-04],[1.48145E-03,1.34412E-04],[1.45049E-03,1.37557E-04],[1.42658E-03,1.38384E-04],[1.39199E-03,1.39319E-04],[1.34758E-03,1.35853E-04],[1.30012E-03,1.37133E-04],[1.24795E-03,1.38187E-04],[1.19139E-03,1.39041E-04],[1.12684E-03,1.37766E-04],[1.06522E-03,1.36122E-04],[9.90879E-04,1.34385E-04],[9.15396E-04,1.38589E-04],[8.35194E-04,1.38569E-04],[7.52837E-04,1.39582E-04],[6.66636E-04,1.39796E-04],[5.87181E-04,1.38089E-04],[5.34319E-04,1.40861E-04],[5.51468E-04,1.62519E-04]],[[1.45840E-03,1.45394E-04],[1.45131E-03,1.38182E-04],[1.43894E-03,1.35314E-04],[1.42182E-03,1.36124E-04],[1.39309E-03,1.38544E-04],[1.36822E-03,1.37858E-04],[1.33503E-03,1.36102E-04],[1.29063E-03,1.35638E-04],[1.24954E-03,1.36203E-04],[1.20085E-03,1.40626E-04],[1.14478E-03,1.34946E-04],[1.08104E-03,1.36163E-04],[1.01523E-03,1.35948E-04],[9.48083E-04,1.36611E-04],[8.77975E-04,1.36137E-04],[7.97671E-04,1.35987E-04],[7.20318E-04,1.39866E-04],[6.40757E-04,1.38409E-04],[5.66002E-04,1.38143E-04],[5.09747E-04,1.40602E-04],[5.31819E-04,1.64939E-04]],[[1.39026E-03,1.43473E-04],[1.38375E-03,1.37928E-04],[1.36652E-03,1.35822E-04],[1.35269E-03,1.35978E-04],[1.33081E-03,1.37722E-04],[1.30256E-03,1.36078E-04],[1.26977E-03,1.36819E-04],[1.23241E-03,1.35097E-04],[1.18979E-03,1.36056E-04],[1.14143E-03,1.34947E-04],[1.08665E-03,1.37864E-04],[1.02981E-03,1.35473E-04],[9.66772E-04,1.35468E-04],[9.03211E-04,1.35437E-04],[8.35733E-04,1.37078E-04],[7.61526E-04,1.37034E-04],[6.87881E-04,1.38599E-04],[6.08690E-04,1.39159E-04],[5.39021E-04,1.38697E-04],[4.86652E-04,1.42610E-04],[5.04693E-04,1.62922E-04]],[[1.31439E-03,1.43390E-04],[1.31215E-03,1.36099E-04],[1.29661E-03,1.34564E-04],[1.28279E-03,1.34287E-04],[1.26250E-03,1.36135E-04],[1.23288E-03,1.35197E-04],[1.20357E-03,1.35396E-04],[1.16607E-03,1.38321E-04],[1.12500E-03,1.36010E-04],[1.07871E-03,1.36352E-04],[1.03061E-03,1.35738E-04],[9.77137E-04,1.35272E-04],[9.20143E-04,1.36571E-04],[8.56785E-04,1.37924E-04],[7.89647E-04,1.37250E-04],[7.22462E-04,1.34187E-04],[6.49426E-04,1.37100E-04],[5.79839E-04,1.39472E-04],[5.09986E-04,1.38743E-04],[4.60269E-04,1.39468E-04],[4.74392E-04,1.60839E-04]],[[1.23499E-03,1.42597E-04],[1.23313E-03,1.37088E-04],[1.22078E-03,1.35760E-04],[1.20282E-03,1.38226E-04],[1.18567E-03,1.35580E-04],[1.15953E-03,1.35461E-04],[1.13037E-03,1.36117E-04],[1.09757E-03,1.36806E-04],[1.05865E-03,1.37944E-04],[1.01393E-03,1.36238E-04],[9.71655E-04,1.37359E-04],[9.18310E-04,1.36624E-04],[8.62579E-04,1.33299E-04],[8.06203E-04,1.35773E-04],[7.44846E-04,1.36514E-04],[6.78703E-04,1.36379E-04],[6.13345E-04,1.35520E-04],[5.44936E-04,1.34916E-04],[4.79724E-04,1.37785E-04],[4.33364E-04,1.41314E-04],[4.46454E-04,1.60439E-04]],[[1.14816E-03,1.43331E-04],[1.14439E-03,1.38069E-04],[1.13876E-03,1.35077E-04],[1.12080E-03,1.34985E-04],[1.10315E-03,1.35392E-04],[1.08142E-03,1.33985E-04],[1.05204E-03,1.36359E-04],[1.02085E-03,1.35545E-04],[9.86623E-04,1.34581E-04],[9.46068E-04,1.35079E-04],[9.02972E-04,1.37890E-04],[8.57610E-04,1.34230E-04],[8.03693E-04,1.33105E-04],[7.49805E-04,1.35054E-04],[6.94357E-04,1.33968E-04],[6.31029E-04,1.37258E-04],[5.70067E-04,1.38402E-04],[5.06969E-04,1.36180E-04],[4.46766E-04,1.36179E-04],[4.03846E-04,1.39001E-04],[4.16005E-04,1.58526E-04]],[[1.05861E-03,