{
  "seed":659587773,
  "pop":6500,
  "Inactive_Cycles":1200,
  "Active_Cycles":2500,
  "Total_CPU_Time":1.52644E+04,
  "Total_Transport_Time":1.84919E+02,
  "Time_Per_Integration":4.63623E-10,
  "Clock_Time":2.01658E+02,
  "keff":{
    "keff":[1.01497E+00,1.01505E-04]
  },
  "fissionRate":{
    "fissionRate":[[[1.76620E-03,1.73910E-04],[1.75642E-03,1.55518E-04],[1.74613E-03,1.49627E-04],[1.71919E-03,1.48623E-04],[1.69436E-03,1.55151E-04],[1.66127E-03,1.49191E-04],[1.62095E-03,1.54273E-04],[1.57010E-03,1.49347E-04],[1.51328E-03,1.45840E-04],[1.44879E-03,1.48879E-04],[1.38151E-03,1.41926E-04],[1.31338E-03,1.45666E-04],[1.23490E-03,1.44042E-04],[1.15140E-03,1.43761E-04],[1.06478E-03,1.46098E-04],[9.69566E-04,1.41456E-04],[8.76274E-04,1.43635E-04],[7.77741E-04,1.44514E-04],[6.85072E-04,1.46691E-04],[6.23352E-04,1.48414E-04],[6.45207E-04,1.75867E-04]],[[1.76478E-03,1.52772E-04],[1.75370E-03,1.47476E-04],[1.73855E-03,1.44379E-04],[1.71743E-03,1.38995E-04],[1.69136E-03,1.42261E-04],[1.65373E-03,1.43518E-04],[1.61141E-03,1.44314E-04],[1.55800E-03,1.39606E-04],[1.50961E-03,1.37890E-04],[1.45044E-03,1.37498E-04],[1.37718E-03,1.37029E-04],[1.30836E-03,1.36777E-04],[1.22688E-03,1.36617E-04],[1.14742E-03,1.39127E-04],[1.06145E-03,1.38761E-04],[9.69185E-04,1.35436E-04],[8.72250E-04,1.39543E-04],[7.73137E-04,1.34956E-04],[6.83805E-04,1.38945E-04],[6.19767E-04,1.42340E-04],[6.41980E-04,1.65874E-04]],[[1.74452E-03,1.53977E-04],[1.74256E-03,1.46037E-04],[1.72268E-03,1.41634E-04],[1.70593E-03,1.41778E-04],[1.67126E-03,1.40760E-04],[1.63683E-03,1.38841E-04],[1.59725E-03,1.37318E-04],[1.55243E-03,1.34893E-04],[1.49555E-03,1.34752E-04],[1.43819E-03,1.35197E-04],[1.37246E-03,1.32789E-04],[1.30137E-03,1.34731E-04],[1.22232E-03,1.37018E-04],[1.13914E-03,1.38341E-04],[1.05221E-03,1.36135E-04],[9.61964E-04,1.33226E-04],[8.63185E-04,1.35282E-04],[7.68835E-04,1.35817E-04],[6.79556E-04,1.37233E-04],[6.12147E-04,1.39712E-04],[6.36771E-04,1.61168E-04]],[[1.72830E-03,1.55556E-04],[1.71856E-03,1.50383E-04],[1.70393E-03,1.46039E-04],[1.68266E-03,1.41567E-04],[1.64983E-03,1.37749E-04],[1.62159E-03,1.38017E-04],[1.58179E-03,1.36895E-04],[1.52841E-03,1.36799E-04],[1.47641E-03,1.33904E-04],[1.41883E-03,1.35502E-04],[1.35023E-03,1.37700E-04],[1.28192E-03,1.36623E-04],[1.20625E-03,1.36551E-04],[1.12477E-03,1.36700E-04],[1.03744E-03,1.36448E-04],[9.48623E-04,1.35550E-04],[8.53897E-04,1.34785E-04],[7.59528E-04,1.37438E-04],[6.68702E-04,1.33921E-04],[6.04229E-04,1.38876E-04],[6.26297E-04,1.53790E-04]],[[1.69019E-03,1.60794E-04],[1.68398E-03,1.51834E-04],[1.67450E-03,1.50740E-04],[1.64935E-03,1.46335E-04],[1.62587E-03,1.37598E-04],[1.59326E-03,1.40312E-04],[1.54839E-03,1.34289E-04],[1.50541E-03,1.33212E-04],[1.45153E-03,1.35885E-04],[1.39682E-03,1.33063E-04],[1.33143E-03,1.33168E-04],[1.25962E-03,1.36871E-04],[1.18853E-03,1.32671E-04],[1.10612E-03,1.34733E-04],[1.02185E-03,1.35823E-04],[9.33674E-04,1.38187E-04],[8.39549E-04,1.35844E-04],[7.46713E-04,1.37661E-04],[6.59609E-04,1.35166E-04],[5.95570E-04,1.36487E-04],[6.14940E-04,1.55213E-04]],[[1.65426E-03,1.68930E-04],[1.64962E-03,1.57743E-04],[1.64157E-03,1.45929E-04],[1.61770E-03,1.40660E-04],[1.58987E-03,1.40546E-04],[1.55717E-03,1.35305E-04],[1.51852E-03,1.33723E-04],[1.46851E-03,1.37470E-04],[1.42460E-03,1.33560E-04],[1.36911E-03,1.35099E-04],[1.30652E-03,1.33547E-04],[1.23833E-03,1.35169E-04],[1.15857E-03,1.35488E-04],[1.08198E-03,1.34741E-04],[9.99847E-04,1.35669E-04],[9.10308E-04,1.40368E-04],[8.21933E-04,1.34591E-04],[7.31304E-04,1.37849E-04],[6.44218E-04,1.35045E-04],[5.83581E-04,1.34855E-04],[6.01814E-04,1.54483E-04]],[[1.61890E-03,1.64292E-04],[1.61389E-03,1.47859E-04],[1.59396E-03,1.43977E-04],[1.57683E-03,1.41355E-04],[1.55168E-03,1.37838E-04],[1.51736E-03,1.35994E-04],[1.48101E-03,1.34263E-04],[1.43727E-03,1.37041E-04],[1.38676E-03,1.36433E-04],[1.33247E-03,1.34171E-04],[1.26913E-03,1.33898E-04],[1.20260E-03,1.36828E-04],[1.12782E-03,1.35049E-04],[1.05727E-03,1.34018E-04],[9.74236E-04,1.38771E-04],[8.90271E-04,1.39446E-04],[8.00462E-04,1.36153E-04],[7.13720E-04,1.39801E-04],[6.28208E-04,1.35285E-04],[5.69688E-04,1.38104E-04],[5.87811E-04,1.56076E-04]],[[1.56793E-03,1.74951E-04],[1.56391E-03,1.51009E-04],[1.54974E-03,1.40773E-04],[1.52926E-03,1.39564E-04],[1.49984E-03,1.38676E-04],[1.47053E-03,1.36987E-04],[1.43591E-03,1.37928E-04],[1.39412E-03,1.35791E-04],[1.34601E-03,1.37927E-04],[1.29024E-03,1.36097E-04],[1.23128E-03,1.35736E-04],[1.16556E-03,1.36190E-04],[1.09700E-03,1.37996E-04],[1.02453E-03,1.33998E-04],[9.46872E-04,1.37045E-04],[8.65623E-04,1.37431E-04],[7.76423E-04,1.35269E-04],[6.89643E-04,1.37757E-04],[6.09758E-04,1.37223E-04],[5.50410E-04,1.39270E-04],[5.69939E-04,1.56720E-04]],[[1.51415E-03,1.61272E-04],[1.50293E-03,1.54861E-04],[1.49139E-03,1.46472E-04],[1.47605E-03,1.42312E-04],[1.45050E-03,1.38749E-04],[1.42198E-03,1.38896E-04],[1.38419E-03,1.38603E-04],[1.34571E-03,1.37907E-04],[1.29761E-03,1.38695E-04],[1.24428E-03,1.37444E-04],[1.18444E-03,1.32632E-04],[1.12724E-03,1.33221E-04],[1.05873E-03,1.33979E-04],[9.85632E-04,1.35215E-04],[9.11606E-04,1.35875E-04],[8.29887E-04,1.36259E-04],[7.47521E-04,1.36209E-04],[6.65542E-04,1.36933E-04],[5.89102E-04,1.37245E-04],[5.31486E-04,1.38243E-04],[5.50374E-04,1.56536E-04]],[[1.45451E-03,1.70108E-04],[1.44451E-03,1.64266E-04],[1.43058E-03,1.48036E-04],[1.41034E-03,1.43001E-04],[1.38958E-03,1.41382E-04],[1.35987E-03,1.38670E-04],[1.32509E-03,1.38112E-04],[1.28693E-03,1.38407E-04],[1.24716E-03,1.38638E-04],[1.19086E-03,1.33207E-04],[1.13949E-03,1.32563E-04],[1.07999E-03,1.35275E-04],[1.01565E-03,1.32384E-04],[9.46194E-04,1.35634E-04],[8.74638E-04,1.35655E-04],[7.97674E-04,1.34732E-04],[7.18298E-04,1.38362E-04],[6.38789E-04,1.37661E-04],[5.63711E-04,1.36597E-04],[5.11059E-04,1.38765E-04],[5.28769E-04,1.57441E-04]],[[1.38385E-03,2.04193E-04],[1.37800E-03,1.59675E-04],[1.36805E-03,1.47230E-04],[1.34730E-03,1.45936E-04],[1.32593E-03,1.39339E-04],[1.30119E-03,1.36697E-04],[1.26972E-03,1.35924E-04],[1.22861E-03,1.38026E-04],[1.18549E-03,1.38889E-04],[1.13768E-03,1.37699E-04],[1.08716E-03,1.34244E-04],[1.02654E-03,1.35693E-04],[9.68309E-04,1.36271E-04],[9.03095E-04,1.33719E-04],[8.34087E-04,1.36469E-04],[7.57305E-04,1.36765E-04],[6.84007E-04,1.35097E-04],[6.08874E-04,1.36592E-04],[5.37145E-04,1.35572E-04],[4.85939E-04,1.38048E-04],[5.04003E-04,1.56866E-04]],[[1.31095E-03,2.05041E-04],[1.30068E-03,1.62057E-04],[1.29213E-03,1.50614E-04],[1.28111E-03,1.43571E-04],[1.26118E-03,1.41162E-04],[1.23549E-03,1.40864E-04],[1.20183E-03,1.36164E-04],[1.16437E-03,1.38235E-04],[1.12319E-03,1.38048E-04],[1.07595E-03,1.34649E-04],[1.03048E-03,1.35038E-04],[9.73773E-04,1.37415E-04],[9.16628E-04,1.37519E-04],[8.53394E-04,1.38164E-04],[7.89283E-04,1.36257E-04],[7.16956E-04,1.37262E-04],[6.46600E-04,1.35543E-04],[5.77255E-04,1.37136E-04],[5.09342E-04,1.39332E-04],[4.60790E-04,1.38958E-04],[4.78439E-04,1.59070E-04]],[[1.23143E-03,1.82767E-04],[1.22610E-03,1.54453E-04],[1.21657E-03,1.51300E-04],[1.20328E-03,1.44726E-04],[1.18256E-03,1.40975E-04],[1.15967E-03,1.35616E-04],[1.12553E-03,1.36219E-04],[1.09487E-03,1.36134E-04],[1.05723E-03,1.37075E-04],[1.01235E-03,1.35833E-04],[9.68777E-04,1.35262E-04],[9.17515E-04,1.35092E-04],[8.60826E-04,1.36456E-04],[8.00701E-04,1.36533E-04],[7.42699E-04,1.34611E-04],[6.76088E-04,1.37296E-04],[6.07813E-04,1.36501E-04],[5.42032E-04,1.36381E-04],[4.77610E-04,1.36409E-04],[4.32975E-04,1.41245E-04],[4.49036E-04,1.62799E-04]],[[1.14956E-03,1.56668E-04],[1.14337E-03,1.46914E-04],[1.13278E-03,1.44167E-04],[1.11902E-03,1.39189E-04],[1.09832E-03,1.38434E-04],[1.07756E-03,1.35691E-04],[1.05048E-03,1.34935E-04],[1.02119E-03,1.37694E-04],[9.85546E-04,1.38649E-04],[9.46333E-04,1.39422E-04],[9.00254E-04,1.37012E-04],[8.53110E-04,1.36490E-04],[8.03649E-04,1.37237E-04],[7.46896E-04,1.37979E-04],[6.91205E-04,1.36683E-04],[6.31198E-04,1.39607E-04],[5.67178E-04,1.37421E-04],[5.05280E-04,1.35405E-04],[4.44915E-04,1.35177E-04],[4.04085E-04,1.39475E-04],[4.18172E-04,1.61100E-04]],[[1.06038E-03,