{
  "seed":1505017805,
  "pop":6500,
  "Inactive_Cycles":1200,
  "Active_Cycles":2500,
  "Total_CPU_Time":7.90339E+04,
  "Total_Transport_Time":1.73306E+03,
  "Time_Per_Integration":4.31904E-09,
  "Clock_Time":2.27079E+03,
  "keff":{
    "keff":[1.01620E+00,1.03457E-04]
  },
  "fissionRate":{
    "fissionRate":[[[1.77360E-03,1.56653E-04],[1.76726E-03,1.48793E-04],[1.75671E-03,1.45452E-04],[1.72795E-03,1.43514E-04],[1.70220E-03,1.43916E-04],[1.66461E-03,1.45395E-04],[1.62123E-03,1.42736E-04],[1.57374E-03,1.44005E-04],[1.52056E-03,1.41771E-04],[1.45828E-03,1.41927E-04],[1.38652E-03,1.45913E-04],[1.31925E-03,1.41035E-04],[1.23511E-03,1.43899E-04],[1.15494E-03,1.40035E-04],[1.06531E-03,1.39908E-04],[9.75591E-04,1.39609E-04],[8.76617E-04,1.41204E-04],[7.77091E-04,1.42238E-04],[6.86071E-04,1.44416E-04],[6.20635E-04,1.49235E-04],[6.42158E-04,1.75688E-04]],[[1.76308E-03,1.50003E-04],[1.75713E-03,1.42060E-04],[1.74398E-03,1.42438E-04],[1.72187E-03,1.37735E-04],[1.69254E-03,1.39661E-04],[1.65959E-03,1.37581E-04],[1.61662E-03,1.38181E-04],[1.56704E-03,1.37963E-04],[1.50743E-03,1.35999E-04],[1.45275E-03,1.36259E-04],[1.38731E-03,1.38196E-04],[1.31252E-03,1.36430E-04],[1.23716E-03,1.35807E-04],[1.15018E-03,1.35142E-04],[1.06061E-03,1.35839E-04],[9.69156E-04,1.35155E-04],[8.71877E-04,1.37515E-04],[7.75447E-04,1.38989E-04],[6.83145E-04,1.40017E-04],[6.16424E-04,1.42940E-04],[6.41101E-04,1.62078E-04]],[[1.75132E-03,1.49257E-04],[1.74065E-03,1.41046E-04],[1.72895E-03,1.39236E-04],[1.71070E-03,1.36026E-04],[1.67722E-03,1.39376E-04],[1.64711E-03,1.38300E-04],[1.60680E-03,1.37291E-04],[1.55029E-03,1.36509E-04],[1.49961E-03,1.37742E-04],[1.44353E-03,1.37219E-04],[1.37373E-03,1.37231E-04],[1.30184E-03,1.36969E-04],[1.21982E-03,1.32904E-04],[1.14160E-03,1.32149E-04],[1.05069E-03,1.35388E-04],[9.58317E-04,1.36830E-04],[8.65137E-04,1.35631E-04],[7.68712E-04,1.34132E-04],[6.76925E-04,1.38592E-04],[6.12980E-04,1.40282E-04],[6.36724E-04,1.63664E-04]],[[1.72624E-03,1.46118E-04],[1.71620E-03,1.42197E-04],[1.70636E-03,1.40991E-04],[1.68786E-03,1.38593E-04],[1.66004E-03,1.39162E-04],[1.62663E-03,1.36586E-04],[1.58573E-03,1.35862E-04],[1.53378E-03,1.35193E-04],[1.48148E-03,1.37019E-04],[1.42009E-03,1.36161E-04],[1.35638E-03,1.33217E-04],[1.28705E-03,1.35458E-04],[1.20845E-03,1.34076E-04],[1.12427E-03,1.32779E-04],[1.03835E-03,1.35063E-04],[9.47103E-04,1.34048E-04],[8.53339E-04,1.37004E-04],[7.57723E-04,1.34180E-04],[6.69420E-04,1.33735E-04],[6.04573E-04,1.36802E-04],[6.24321E-04,1.64420E-04]],[[1.69495E-03,1.46493E-04],[1.69785E-03,1.40752E-04],[1.68296E-03,1.39523E-04],[1.66097E-03,1.38648E-04],[1.63203E-03,1.35805E-04],[1.60163E-03,1.35131E-04],[1.55765E-03,1.33802E-04],[1.51189E-03,1.36058E-04],[1.46048E-03,1.32385E-04],[1.39692E-03,1.35268E-04],[1.33645E-03,1.32079E-04],[1.26425E-03,1.31532E-04],[1.18862E-03,1.34652E-04],[1.11141E-03,1.34292E-04],[1.02424E-03,1.34403E-04],[9.33083E-04,1.31931E-04],[8.39978E-04,1.34889E-04],[7.46854E-04,1.34134E-04],[6.58117E-04,1.36375E-04],[5.95766E-04,1.36932E-04],[6.16814E-04,1.59427E-04]],[[1.66072E-03,1.44776E-04],[1.65697E-03,1.41711E-04],[1.64406E-03,1.40127E-04],[1.62518E-03,1.34855E-04],[1.59214E-03,1.37391E-04],[1.56430E-03,1.36545E-04],[1.52484E-03,1.35180E-04],[1.48103E-03,1.34603E-04],[1.43160E-03,1.32144E-04],[1.36910E-03,1.33119E-04],[1.30551E-03,1.32653E-04],[1.24109E-03,1.35163E-04],[1.16151E-03,1.32118E-04],[1.08575E-03,1.34837E-04],[1.00437E-03,1.35065E-04],[9.11400E-04,1.34034E-04],[8.20573E-04,1.32615E-04],[7.31846E-04,1.36395E-04],[6.43852E-04,1.36490E-04],[5.82194E-04,1.37689E-04],[6.04234E-04,1.58007E-04]],[[1.62257E-03,1.41803E-04],[1.61662E-03,1.37481E-04],[1.60049E-03,1.39140E-04],[1.58281E-03,1.37052E-04],[1.55853E-03,1.33084E-04],[1.52058E-03,1.34573E-04],[1.48321E-03,1.35585E-04],[1.43660E-03,1.36173E-04],[1.38891E-03,1.36842E-04],[1.33637E-03,1.33678E-04],[1.27695E-03,1.34683E-04],[1.20743E-03,1.34552E-04],[1.13702E-03,1.32817E-04],[1.05660E-03,1.33255E-04],[9.78495E-04,1.32543E-04],[8.91367E-04,1.31826E-04],[8.00130E-04,1.31969E-04],[7.12659E-04,1.32943E-04],[6.27597E-04,1.35613E-04],[5.68168E-04,1.38143E-04],[5.87603E-04,1.57101E-04]],[[1.57059E-03,1.45961E-04],[1.56185E-03,1.38627E-04],[1.55088E-03,1.36475E-04],[1.53682E-03,1.37418E-04],[1.50908E-03,1.34968E-04],[1.47729E-03,1.34120E-04],[1.44171E-03,1.34375E-04],[1.40285E-03,1.35364E-04],[1.34795E-03,1.36239E-04],[1.29766E-03,1.33124E-04],[1.23434E-03,1.33417E-04],[1.17163E-03,1.33453E-04],[1.10173E-03,1.32028E-04],[1.02728E-03,1.31017E-04],[9.45842E-04,1.32860E-04],[8.64120E-04,1.34176E-04],[7.76743E-04,1.32481E-04],[6.91162E-04,1.33897E-04],[6.08823E-04,1.33846E-04],[5.50061E-04,1.36342E-04],[5.69813E-04,1.57082E-04]],[[1.51674E-03,1.46192E-04],[1.51226E-03,1.40840E-04],[1.49825E-03,1.38039E-04],[1.48015E-03,1.36133E-04],[1.45535E-03,1.36107E-04],[1.42871E-03,1.38239E-04],[1.39216E-03,1.33809E-04],[1.34715E-03,1.36001E-04],[1.30375E-03,1.34220E-04],[1.24860E-03,1.32262E-04],[1.19272E-03,1.36163E-04],[1.12962E-03,1.32783E-04],[1.05956E-03,1.34525E-04],[9.89048E-04,1.33328E-04],[9.13073E-04,1.32813E-04],[8.33893E-04,1.33052E-04],[7.49708E-04,1.33280E-04],[6.66498E-04,1.34709E-04],[5.89459E-04,1.33389E-04],[5.31389E-04,1.35010E-04],[5.50184E-04,1.57182E-04]],[[1.45126E-03,1.45760E-04],[1.44334E-03,1.39307E-04],[1.43671E-03,1.39888E-04],[1.41633E-03,1.39816E-04],[1.39838E-03,1.38131E-04],[1.37201E-03,1.34019E-04],[1.33037E-03,1.33932E-04],[1.29255E-03,1.35953E-04],[1.25120E-03,1.33555E-04],[1.19925E-03,1.34087E-04],[1.14337E-03,1.35009E-04],[1.08410E-03,1.33312E-04],[1.01875E-03,1.31206E-04],[9.49577E-04,1.33840E-04],[8.74871E-04,1.33377E-04],[8.00604E-04,1.35037E-04],[7.19862E-04,1.33021E-04],[6.39792E-04,1.29979E-04],[5.65864E-04,1.35365E-04],[5.11093E-04,1.37230E-04],[5.27800E-04,1.58472E-04]],[[1.38673E-03,1.48936E-04],[1.37659E-03,1.44511E-04],[1.37193E-03,1.43883E-04],[1.35305E-03,1.40395E-04],[1.32950E-03,1.38933E-04],[1.30214E-03,1.37833E-04],[1.27159E-03,1.35866E-04],[1.23360E-03,1.34413E-04],[1.18888E-03,1.33641E-04],[1.14452E-03,1.34246E-04],[1.08973E-03,1.34039E-04],[1.03095E-03,1.35686E-04],[9.68363E-04,1.34982E-04],[9.03634E-04,1.32347E-04],[8.35587E-04,1.31631E-04],[7.61769E-04,1.31903E-04],[6.86660E-04,1.34860E-04],[6.12285E-04,1.35521E-04],[5.38621E-04,1.32214E-04],[4.86443E-04,1.37732E-04],[5.03237E-04,1.62052E-04]],[[1.31681E-03,1.50827E-04],[1.30852E-03,1.45866E-04],[1.29473E-03,1.41113E-04],[1.27449E-03,1.38190E-04],[1.26186E-03,1.37394E-04],[1.23133E-03,1.39472E-04],[1.20559E-03,1.36103E-04],[1.16857E-03,1.34390E-04],[1.12645E-03,1.35866E-04],[1.08103E-03,1.33536E-04],[1.02954E-03,1.37329E-04],[9.74822E-04,1.34049E-04],[9.19509E-04,1.31405E-04],[8.56450E-04,1.33607E-04],[7.90673E-04,1.32123E-04],[7.21655E-04,1.32862E-04],[6.49225E-04,1.34711E-04],[5.78007E-04,1.36030E-04],[5.11438E-04,1.34077E-04],[4.61759E-04,1.38541E-04],[4.76612E-04,1.59077E-04]],[[1.23559E-03,1.54444E-04],[1.23076E-03,1.45138E-04],[1.22158E-03,1.40769E-04],[1.20139E-03,1.39127E-04],[1.18240E-03,1.36904E-04],[1.16110E-03,1.36627E-04],[1.13340E-03,1.34378E-04],[1.09599E-03,1.34785E-04],[1.05972E-03,1.35969E-04],[1.01552E-03,1.36281E-04],[9.69591E-04,1.34050E-04],[9.18250E-04,1.35591E-04],[8.62352E-04,1.33367E-04],[8.06482E-04,1.32028E-04],[7.43469E-04,1.32991E-04],[6.78415E-04,1.33824E-04],[6.10573E-04,1.33877E-04],[5.42083E-04,1.34094E-04],[4.79252E-04,1.34154E-04],[4.32535E-04,1.38268E-04],[4.46132E-04,1.56995E-04]],[[1.14879E-03,1.49484E-04],[1.14427E-03,1.43021E-04],[1.13308E-03,1.37912E-04],[1.11997E-03,1.39097E-04],[1.10277E-03,1.37102E-04],[1.07930E-03,1.39492E-04],[1.05367E-03,1.36081E-04],[1.02385E-03,1.36228E-04],[9.86244E-04,1.36053E-04],[9.47871E-04,1.36201E-04],[9.04020E-04,1.34764E-04],[8.57107E-04,1.34374E-04],[8.04391E-04,1.34346E-04],[7.49092E-04,1.33522E-04],[6.92729E-04,1.35319E-04],[6.31673E-04,1.31774E-04],[5.70028E-04,1.33624E-04],[5.06077E-04,1.32788E-04],[4.46191E-04,1.31836E-04],[4.03378E-04,1.36655E-04],[4.16877E-04,1.58639E-04]],[[1.06198E-03,