{
  "seed":-2122780707,
  "pop":6500,
  "Inactive_Cycles":1200,
  "Active_Cycles":2500,
  "Total_CPU_Time":1.51564E+04,
  "Total_Transport_Time":1.83220E+02,
  "Time_Per_Integration":4.59238E-10,
  "Clock_Time":2.00255E+02,
  "keff":{
    "keff":[1.01511E+00,1.00826E-04]
  },
  "fissionRate":{
    "fissionRate":[[[1.77039E-03,1.52960E-04],[1.76115E-03,1.44303E-04],[1.74551E-03,1.48999E-04],[1.72838E-03,1.44648E-04],[1.70201E-03,1.51603E-04],[1.65755E-03,1.53838E-04],[1.61706E-03,1.57397E-04],[1.56637E-03,1.55445E-04],[1.51393E-03,1.48729E-04],[1.45076E-03,1.49090E-04],[1.38518E-03,1.46968E-04],[1.31431E-03,1.48089E-04],[1.23378E-03,1.45883E-04],[1.14716E-03,1.47031E-04],[1.06315E-03,1.46516E-04],[9.68880E-04,1.44599E-04],[8.74004E-04,1.44011E-04],[7.77186E-04,1.45285E-04],[6.83846E-04,1.47100E-04],[6.17362E-04,1.46665E-04],[6.41779E-04,1.69575E-04]],[[1.76496E-03,1.45583E-04],[1.75056E-03,1.38996E-04],[1.73732E-03,1.37645E-04],[1.71885E-03,1.38504E-04],[1.69377E-03,1.39687E-04],[1.65719E-03,1.42178E-04],[1.61149E-03,1.49465E-04],[1.56676E-03,1.46249E-04],[1.50542E-03,1.42197E-04],[1.44762E-03,1.39832E-04],[1.38033E-03,1.39011E-04],[1.31136E-03,1.38355E-04],[1.22943E-03,1.39132E-04],[1.14448E-03,1.39480E-04],[1.05815E-03,1.38307E-04],[9.65777E-04,1.41427E-04],[8.70249E-04,1.35851E-04],[7.72846E-04,1.40974E-04],[6.81219E-04,1.40101E-04],[6.17786E-04,1.42390E-04],[6.40625E-04,1.55650E-04]],[[1.75417E-03,1.47349E-04],[1.74561E-03,1.39387E-04],[1.72577E-03,1.40299E-04],[1.70540E-03,1.36656E-04],[1.67641E-03,1.37649E-04],[1.63972E-03,1.35517E-04],[1.60085E-03,1.39601E-04],[1.54789E-03,1.41596E-04],[1.49402E-03,1.38875E-04],[1.43863E-03,1.40075E-04],[1.36823E-03,1.36001E-04],[1.29758E-03,1.38992E-04],[1.22135E-03,1.37558E-04],[1.14140E-03,1.38827E-04],[1.05023E-03,1.37606E-04],[9.58613E-04,1.36876E-04],[8.63988E-04,1.33525E-04],[7.66520E-04,1.37264E-04],[6.75924E-04,1.37965E-04],[6.11501E-04,1.38553E-04],[6.33252E-04,1.62320E-04]],[[1.72735E-03,1.44763E-04],[1.72130E-03,1.39456E-04],[1.70502E-03,1.40832E-04],[1.68668E-03,1.38157E-04],[1.65707E-03,1.37461E-04],[1.62151E-03,1.38953E-04],[1.58063E-03,1.39089E-04],[1.52819E-03,1.35987E-04],[1.47664E-03,1.39852E-04],[1.41762E-03,1.36054E-04],[1.35495E-03,1.37586E-04],[1.28526E-03,1.35385E-04],[1.20024E-03,1.36263E-04],[1.12456E-03,1.38415E-04],[1.04051E-03,1.37787E-04],[9.47466E-04,1.37593E-04],[8.51614E-04,1.35626E-04],[7.57733E-04,1.35559E-04],[6.69725E-04,1.37148E-04],[6.06652E-04,1.38902E-04],[6.28091E-04,1.64513E-04]],[[1.69760E-03,1.47367E-04],[1.68817E-03,1.41851E-04],[1.68005E-03,1.41146E-04],[1.66010E-03,1.37610E-04],[1.62784E-03,1.37651E-04],[1.59564E-03,1.37362E-04],[1.55295E-03,1.38570E-04],[1.50743E-03,1.36084E-04],[1.45616E-03,1.36707E-04],[1.39549E-03,1.35127E-04],[1.33005E-03,1.36515E-04],[1.26539E-03,1.41652E-04],[1.18837E-03,1.38806E-04],[1.10594E-03,1.38419E-04],[1.01936E-03,1.36459E-04],[9.28271E-04,1.34733E-04],[8.36962E-04,1.37613E-04],[7.43113E-04,1.37140E-04],[6.60467E-04,1.37210E-04],[5.97010E-04,1.38160E-04],[6.18136E-04,1.60466E-04]],[[1.66413E-03,1.48794E-04],[1.65436E-03,1.40693E-04],[1.64328E-03,1.38241E-04],[1.62908E-03,1.38308E-04],[1.59711E-03,1.36402E-04],[1.56020E-03,1.36795E-04],[1.52137E-03,1.35040E-04],[1.47145E-03,1.38344E-04],[1.42313E-03,1.38269E-04],[1.36442E-03,1.35601E-04],[1.30257E-03,1.36021E-04],[1.23542E-03,1.37093E-04],[1.16230E-03,1.41019E-04],[1.08416E-03,1.37611E-04],[9.99500E-04,1.37568E-04],[9.13887E-04,1.37477E-04],[8.20353E-04,1.35870E-04],[7.28284E-04,1.36060E-04],[6.44216E-04,1.36360E-04],[5.81900E-04,1.38436E-04],[6.03076E-04,1.58302E-04]],[[1.61975E-03,1.47312E-04],[1.61716E-03,1.41373E-04],[1.59826E-03,1.39668E-04],[1.57818E-03,1.38218E-04],[1.55364E-03,1.36902E-04],[1.52280E-03,1.33660E-04],[1.47898E-03,1.36982E-04],[1.43898E-03,1.38499E-04],[1.38822E-03,1.37973E-04],[1.33446E-03,1.35922E-04],[1.27034E-03,1.37769E-04],[1.20374E-03,1.35953E-04],[1.13260E-03,1.38358E-04],[1.05523E-03,1.36039E-04],[9.75270E-04,1.33012E-04],[8.88305E-04,1.34950E-04],[7.99868E-04,1.34450E-04],[7.14330E-04,1.37566E-04],[6.28341E-04,1.36277E-04],[5.68590E-04,1.37090E-04],[5.88651E-04,1.61256E-04]],[[1.56885E-03,1.43876E-04],[1.56886E-03,1.36641E-04],[1.55103E-03,1.38519E-04],[1.53202E-03,1.38520E-04],[1.50240E-03,1.34702E-04],[1.47351E-03,1.36658E-04],[1.44027E-03,1.35802E-04],[1.39812E-03,1.37439E-04],[1.34458E-03,1.36017E-04],[1.29442E-03,1.35378E-04],[1.23445E-03,1.38375E-04],[1.16806E-03,1.34828E-04],[1.09836E-03,1.35465E-04],[1.02305E-03,1.34451E-04],[9.43878E-04,1.34729E-04],[8.63156E-04,1.35630E-04],[7.77056E-04,1.33917E-04],[6.90252E-04,1.34244E-04],[6.10434E-04,1.35612E-04],[5.50177E-04,1.40243E-04],[5.70833E-04,1.59832E-04]],[[1.51807E-03,1.44251E-04],[1.51251E-03,1.39063E-04],[1.49421E-03,1.33778E-04],[1.47984E-03,1.36656E-04],[1.45380E-03,1.33831E-04],[1.42278E-03,1.34586E-04],[1.38586E-03,1.35132E-04],[1.34264E-03,1.36116E-04],[1.29839E-03,1.35213E-04],[1.24665E-03,1.36345E-04],[1.19207E-03,1.37335E-04],[1.12763E-03,1.37228E-04],[1.05845E-03,1.36559E-04],[9.86682E-04,1.34783E-04],[9.11132E-04,1.34697E-04],[8.32372E-04,1.31670E-04],[7.49266E-04,1.32769E-04],[6.66549E-04,1.32006E-04],[5.90258E-04,1.34279E-04],[5.33122E-04,1.38674E-04],[5.49802E-04,1.56815E-04]],[[1.46032E-03,1.45042E-04],[1.44974E-03,1.33717E-04],[1.43327E-03,1.32145E-04],[1.42157E-03,1.32245E-04],[1.39541E-03,1.33021E-04],[1.36633E-03,1.34746E-04],[1.33364E-03,1.33251E-04],[1.29599E-03,1.35902E-04],[1.24580E-03,1.34396E-04],[1.19500E-03,1.38722E-04],[1.13955E-03,1.35133E-04],[1.07627E-03,1.35220E-04],[1.01725E-03,1.35158E-04],[9.49416E-04,1.34686E-04],[8.74640E-04,1.35698E-04],[7.98362E-04,1.35888E-04],[7.20703E-04,1.31936E-04],[6.39427E-04,1.35957E-04],[5.64040E-04,1.35251E-04],[5.09789E-04,1.39685E-04],[5.30388E-04,1.58604E-04]],[[1.39051E-03,1.42642E-04],[1.38129E-03,1.33604E-04],[1.37081E-03,1.35285E-04],[1.35505E-03,1.33180E-04],[1.33278E-03,1.32801E-04],[1.30572E-03,1.35094E-04],[1.27079E-03,1.35910E-04],[1.23377E-03,1.35510E-04],[1.19062E-03,1.33616E-04],[1.14463E-03,1.32214E-04],[1.08827E-03,1.33054E-04],[1.03304E-03,1.33967E-04],[9.68615E-04,1.32089E-04],[9.04007E-04,1.33985E-04],[8.33456E-04,1.34751E-04],[7.59922E-04,1.33138E-04],[6.87182E-04,1.35646E-04],[6.09944E-04,1.33537E-04],[5.39311E-04,1.36220E-04],[4.87554E-04,1.40680E-04],[5.06157E-04,1.61567E-04]],[[1.31165E-03,1.45225E-04],[1.31097E-03,1.33815E-04],[1.29334E-03,1.33786E-04],[1.28189E-03,1.32581E-04],[1.26279E-03,1.33560E-04],[1.23817E-03,1.34003E-04],[1.20910E-03,1.33658E-04],[1.17014E-03,1.34730E-04],[1.12502E-03,1.34889E-04],[1.08229E-03,1.33929E-04],[1.03048E-03,1.35180E-04],[9.76634E-04,1.34866E-04],[9.16460E-04,1.34352E-04],[8.54397E-04,1.35476E-04],[7.90760E-04,1.34954E-04],[7.21255E-04,1.34474E-04],[6.50486E-04,1.36292E-04],[5.78186E-04,1.38096E-04],[5.09904E-04,1.38550E-04],[4.61130E-04,1.40519E-04],[4.78780E-04,1.62564E-04]],[[1.23412E-03,1.46723E-04],[1.23027E-03,1.37936E-04],[1.22187E-03,1.32843E-04],[1.20672E-03,1.34532E-04],[1.18540E-03,1.31551E-04],[1.16474E-03,1.32468E-04],[1.13107E-03,1.32632E-04],[1.09721E-03,1.31672E-04],[1.05774E-03,1.36204E-04],[1.01638E-03,1.33656E-04],[9.70872E-04,1.33367E-04],[9.19404E-04,1.35776E-04],[8.62793E-04,1.34599E-04],[8.03914E-04,1.34158E-04],[7.42860E-04,1.34166E-04],[6.78643E-04,1.32845E-04],[6.11209E-04,1.34809E-04],[5.43986E-04,1.36021E-04],[4.79519E-04,1.36270E-04],[4.35259E-04,1.41285E-04],[4.51605E-04,1.60863E-04]],[[1.15039E-03,1.42521E-04],[1.14961E-03,1.34596E-04],[1.14034E-03,1.35346E-04],[1.12214E-03,1.34374E-04],[1.10578E-03,1.35577E-04],[1.08208E-03,1.33571E-04],[1.05630E-03,1.33125E-04],[1.02490E-03,1.36025E-04],[9.85998E-04,1.36091E-04],[9.49745E-04,1.36154E-04],[9.04682E-04,1.36979E-04],[8.56031E-04,1.37042E-04],[8.06119E-04,1.36762E-04],[7.51374E-04,1.31872E-04],[6.94069E-04,1.35004E-04],[6.31992E-04,1.31931E-04],[5.69126E-04,1.35201E-04],[5.04739E-04,1.35143E-04],[4.47587E-04,1.37658E-04],[4.04890E-04,1.39797E-04],[4.18893E-04,1.63008E-04]],[[1.06162E-03,