{
  "seed":890261101,
  "pop":6500,
  "Inactive_Cycles":1200,
  "Active_Cycles":2500,
  "Total_CPU_Time":3.59925E+04,
  "Total_Transport_Time":4.43490E+02,
  "Time_Per_Integration":1.11078E-09,
  "Clock_Time":4.78362E+02,
  "keff":{
    "keff":[1.01543E+00,1.05838E-04]
  },
  "fissionRate":{
    "fissionRate":[[[1.77386E-03,1.59811E-04],[1.76325E-03,1.50676E-04],[1.74766E-03,1.50996E-04],[1.72293E-03,1.49227E-04],[1.70041E-03,1.47538E-04],[1.66627E-03,1.45363E-04],[1.62136E-03,1.45320E-04],[1.57250E-03,1.42230E-04],[1.51686E-03,1.44792E-04],[1.45576E-03,1.42555E-04],[1.38920E-03,1.43050E-04],[1.31760E-03,1.42635E-04],[1.23472E-03,1.41709E-04],[1.14790E-03,1.42031E-04],[1.06193E-03,1.42715E-04],[9.70359E-04,1.42235E-04],[8.71352E-04,1.42295E-04],[7.76105E-04,1.41936E-04],[6.82107E-04,1.40686E-04],[6.19922E-04,1.45300E-04],[6.40683E-04,1.70127E-04]],[[1.76062E-03,1.53746E-04],[1.75678E-03,1.46059E-04],[1.74172E-03,1.41080E-04],[1.72325E-03,1.42544E-04],[1.69661E-03,1.40356E-04],[1.65712E-03,1.39966E-04],[1.61380E-03,1.38884E-04],[1.56797E-03,1.35470E-04],[1.51097E-03,1.38012E-04],[1.45017E-03,1.37651E-04],[1.37949E-03,1.37133E-04],[1.30773E-03,1.37972E-04],[1.23148E-03,1.40701E-04],[1.14444E-03,1.37749E-04],[1.05661E-03,1.39599E-04],[9.62255E-04,1.38548E-04],[8.67318E-04,1.34989E-04],[7.72711E-04,1.38128E-04],[6.80322E-04,1.38469E-04],[6.15108E-04,1.39688E-04],[6.36753E-04,1.57447E-04]],[[1.74523E-03,1.50554E-04],[1.73765E-03,1.46129E-04],[1.72588E-03,1.42721E-04],[1.70897E-03,1.40201E-04],[1.67620E-03,1.40984E-04],[1.64319E-03,1.37507E-04],[1.60196E-03,1.40378E-04],[1.55006E-03,1.36393E-04],[1.49698E-03,1.37568E-04],[1.43115E-03,1.37849E-04],[1.37028E-03,1.36903E-04],[1.29493E-03,1.36795E-04],[1.22064E-03,1.38266E-04],[1.13437E-03,1.35943E-04],[1.04609E-03,1.36150E-04],[9.55218E-04,1.36323E-04],[8.60686E-04,1.35317E-04],[7.64853E-04,1.36949E-04],[6.75236E-04,1.36066E-04],[6.10008E-04,1.37922E-04],[6.34262E-04,1.54349E-04]],[[1.72118E-03,1.46419E-04],[1.71767E-03,1.41044E-04],[1.70181E-03,1.41341E-04],[1.68098E-03,1.38766E-04],[1.65870E-03,1.38478E-04],[1.62050E-03,1.36355E-04],[1.57946E-03,1.38634E-04],[1.53254E-03,1.38194E-04],[1.47687E-03,1.37621E-04],[1.42150E-03,1.40220E-04],[1.35291E-03,1.35155E-04],[1.28150E-03,1.37009E-04],[1.20138E-03,1.37492E-04],[1.12135E-03,1.37769E-04],[1.03373E-03,1.35397E-04],[9.44448E-04,1.33154E-04],[8.49377E-04,1.34206E-04],[7.55423E-04,1.35085E-04],[6.69057E-04,1.36481E-04],[6.01317E-04,1.37064E-04],[6.23687E-04,1.56641E-04]],[[1.69986E-03,1.46235E-04],[1.69349E-03,1.39301E-04],[1.68326E-03,1.39405E-04],[1.65559E-03,1.36889E-04],[1.62876E-03,1.36684E-04],[1.59287E-03,1.38238E-04],[1.55157E-03,1.37426E-04],[1.50729E-03,1.38222E-04],[1.45230E-03,1.35453E-04],[1.39412E-03,1.36590E-04],[1.32894E-03,1.36400E-04],[1.25925E-03,1.38585E-04],[1.18289E-03,1.34888E-04],[1.10181E-03,1.37137E-04],[1.02201E-03,1.34104E-04],[9.29528E-04,1.34187E-04],[8.35278E-04,1.32945E-04],[7.41672E-04,1.34061E-04],[6.55158E-04,1.35426E-04],[5.93021E-04,1.38013E-04],[6.13908E-04,1.57472E-04]],[[1.66468E-03,1.45418E-04],[1.65648E-03,1.40521E-04],[1.64563E-03,1.37981E-04],[1.61937E-03,1.36789E-04],[1.59567E-03,1.38588E-04],[1.56041E-03,1.34454E-04],[1.52020E-03,1.35460E-04],[1.47633E-03,1.35741E-04],[1.42190E-03,1.36754E-04],[1.36774E-03,1.34733E-04],[1.30405E-03,1.38253E-04],[1.22976E-03,1.37371E-04],[1.16064E-03,1.35250E-04],[1.08052E-03,1.32429E-04],[9.95855E-04,1.33767E-04],[9.08981E-04,1.33494E-04],[8.16356E-04,1.34440E-04],[7.25014E-04,1.32426E-04],[6.41497E-04,1.33969E-04],[5.82019E-04,1.37040E-04],[6.03661E-04,1.60303E-04]],[[1.62435E-03,1.44707E-04],[1.61792E-03,1.42020E-04],[1.60194E-03,1.40192E-04],[1.58099E-03,1.37590E-04],[1.55626E-03,1.35968E-04],[1.52216E-03,1.36499E-04],[1.48342E-03,1.35425E-04],[1.43935E-03,1.35916E-04],[1.38684E-03,1.35028E-04],[1.32925E-03,1.36745E-04],[1.27094E-03,1.35227E-04],[1.20102E-03,1.35470E-04],[1.12985E-03,1.35670E-04],[1.05351E-03,1.34114E-04],[9.71511E-04,1.30338E-04],[8.86482E-04,1.32437E-04],[7.98123E-04,1.31274E-04],[7.09194E-04,1.32568E-04],[6.25189E-04,1.33555E-04],[5.68259E-04,1.36613E-04],[5.88180E-04,1.61118E-04]],[[1.57310E-03,1.44815E-04],[1.56525E-03,1.41680E-04],[1.55475E-03,1.36564E-04],[1.53478E-03,1.37894E-04],[1.50859E-03,1.34673E-04],[1.47774E-03,1.35595E-04],[1.43909E-03,1.35139E-04],[1.39419E-03,1.34110E-04],[1.34566E-03,1.35846E-04],[1.29225E-03,1.32890E-04],[1.22959E-03,1.34733E-04],[1.16478E-03,1.34928E-04],[1.09377E-03,1.34628E-04],[1.02073E-03,1.33741E-04],[9.39326E-04,1.32956E-04],[8.57578E-04,1.35751E-04],[7.74145E-04,1.34353E-04],[6.87985E-04,1.30583E-04],[6.06707E-04,1.31579E-04],[5.49600E-04,1.36595E-04],[5.70495E-04,1.59081E-04]],[[1.51648E-03,1.44800E-04],[1.51250E-03,1.39476E-04],[1.49555E-03,1.35992E-04],[1.47617E-03,1.34639E-04],[1.45673E-03,1.34571E-04],[1.42447E-03,1.35922E-04],[1.38723E-03,1.39242E-04],[1.34379E-03,1.38553E-04],[1.29849E-03,1.34952E-04],[1.24635E-03,1.33739E-04],[1.18514E-03,1.34162E-04],[1.12385E-03,1.37551E-04],[1.05751E-03,1.35232E-04],[9.85539E-04,1.36504E-04],[9.07646E-04,1.33590E-04],[8.30897E-04,1.31860E-04],[7.46917E-04,1.32189E-04],[6.62751E-04,1.32181E-04],[5.85058E-04,1.34618E-04],[5.30035E-04,1.38249E-04],[5.50007E-04,1.59728E-04]],[[1.45618E-03,1.45269E-04],[1.45012E-03,1.37068E-04],[1.43888E-03,1.36188E-04],[1.41832E-03,1.35530E-04],[1.39644E-03,1.36606E-04],[1.36772E-03,1.34363E-04],[1.33069E-03,1.35454E-04],[1.29451E-03,1.34664E-04],[1.24357E-03,1.36854E-04],[1.19389E-03,1.35185E-04],[1.13898E-03,1.33751E-04],[1.07616E-03,1.36811E-04],[1.01217E-03,1.35876E-04],[9.43593E-04,1.35387E-04],[8.71425E-04,1.30211E-04],[7.98053E-04,1.32270E-04],[7.16187E-04,1.32010E-04],[6.35714E-04,1.33532E-04],[5.60917E-04,1.32800E-04],[5.08257E-04,1.37504E-04],[5.25887E-04,1.54825E-04]],[[1.38900E-03,1.44614E-04],[1.38307E-03,1.37400E-04],[1.37479E-03,1.33954E-04],[1.35591E-03,1.32932E-04],[1.33189E-03,1.35620E-04],[1.30224E-03,1.33082E-04],[1.26691E-03,1.33883E-04],[1.22928E-03,1.33029E-04],[1.18518E-03,1.33766E-04],[1.14111E-03,1.35073E-04],[1.08685E-03,1.35600E-04],[1.02766E-03,1.33028E-04],[9.66246E-04,1.34657E-04],[9.02703E-04,1.32106E-04],[8.33286E-04,1.34550E-04],[7.59563E-04,1.33216E-04],[6.81981E-04,1.33373E-04],[6.05924E-04,1.32618E-04],[5.35945E-04,1.34365E-04],[4.85270E-04,1.38252E-04],[5.01787E-04,1.61651E-04]],[[1.31265E-03,1.40961E-04],[1.30845E-03,1.34933E-04],[1.29709E-03,1.34023E-04],[1.28485E-03,1.35228E-04],[1.25854E-03,1.33035E-04],[1.23531E-03,1.34617E-04],[1.20047E-03,1.33569E-04],[1.16544E-03,1.32371E-04],[1.12331E-03,1.31611E-04],[1.08027E-03,1.32070E-04],[1.03021E-03,1.34781E-04],[9.75032E-04,1.34011E-04],[9.13873E-04,1.31408E-04],[8.55282E-04,1.32383E-04],[7.86914E-04,1.33281E-04],[7.18313E-04,1.31578E-04],[6.47009E-04,1.33489E-04],[5.74823E-04,1.33170E-04],[5.08274E-04,1.32432E-04],[4.58211E-04,1.36690E-04],[4.77867E-04,1.57917E-04]],[[1.23335E-03,1.40082E-04],[1.23182E-03,1.33682E-04],[1.22048E-03,1.37138E-04],[1.20712E-03,1.31856E-04],[1.18625E-03,1.34443E-04],[1.16048E-03,1.34289E-04],[1.12869E-03,1.33105E-04],[1.09448E-03,1.33630E-04],[1.05667E-03,1.31832E-04],[1.01266E-03,1.33763E-04],[9.66327E-04,1.34635E-04],[9.16908E-04,1.35765E-04],[8.61000E-04,1.34382E-04],[8.03998E-04,1.33774E-04],[7.39403E-04,1.33828E-04],[6.74658E-04,1.31600E-04],[6.08512E-04,1.33173E-04],[5.40200E-04,1.32521E-04],[4.77925E-04,1.33229E-04],[4.32348E-04,1.39797E-04],[4.48805E-04,1.61164E-04]],[[1.15341E-03,1.40416E-04],[1.14437E-03,1.32278E-04],[1.13637E-03,1.35848E-04],[1.12644E-03,1.33349E-04],[1.10328E-03,1.34831E-04],[1.08237E-03,1.35381E-04],[1.05307E-03,1.31780E-04],[1.02242E-03,1.31619E-04],[9.88081E-04,1.33050E-04],[9.41408E-04,1.33984E-04],[8.98362E-04,1.33941E-04],[8.52341E-04,1.33169E-04],[8.01549E-04,1.33506E-04],[7.48580E-04,1.31511E-04],[6.91056E-04,1.31664E-04],[6.28290E-04,1.31135E-04],[5.68184E-04,1.32897E-04],[5.05259E-04,1.32380E-04],[4.45782E-04,1.34873E-04],[4.03603E-04,1.37402E-04],[4.18724E-04,1.60876E-04]],[[1.06139E-03,