{
  "seed":-152957014,
  "pop":6500,
  "Inactive_Cycles":1200,
  "Active_Cycles":2500,
  "Total_CPU_Time":4.09525E+04,
  "Total_Transport_Time":5.00218E+02,
  "Time_Per_Integration":1.25371E-09,
  "Clock_Time":5.42602E+02,
  "keff":{
    "keff":[1.01552E+00,9.82038E-05]
  },
  "fissionRate":{
    "fissionRate":[[[1.75690E-03,1.57809E-04],[1.75435E-03,1.48258E-04],[1.74173E-03,1.45666E-04],[1.71924E-03,1.47751E-04],[1.69507E-03,1.45886E-04],[1.65946E-03,1.49969E-04],[1.61761E-03,1.52118E-04],[1.56564E-03,1.45522E-04],[1.51018E-03,1.47294E-04],[1.44896E-03,1.47844E-04],[1.38256E-03,1.47178E-04],[1.31317E-03,1.51181E-04],[1.23117E-03,1.50784E-04],[1.14847E-03,1.50916E-04],[1.06116E-03,1.42838E-04],[9.66171E-04,1.41456E-04],[8.71060E-04,1.45321E-04],[7.73440E-04,1.46346E-04],[6.80785E-04,1.52164E-04],[6.17634E-04,1.56141E-04],[6.40101E-04,1.73165E-04]],[[1.75706E-03,1.51094E-04],[1.74480E-03,1.41998E-04],[1.73698E-03,1.42500E-04],[1.71501E-03,1.38521E-04],[1.68408E-03,1.39721E-04],[1.64899E-03,1.42257E-04],[1.61082E-03,1.40411E-04],[1.56561E-03,1.43096E-04],[1.51119E-03,1.41334E-04],[1.44714E-03,1.40785E-04],[1.37816E-03,1.43053E-04],[1.30653E-03,1.41829E-04],[1.22517E-03,1.40680E-04],[1.14497E-03,1.37729E-04],[1.05810E-03,1.40405E-04],[9.64148E-04,1.38905E-04],[8.68080E-04,1.39503E-04],[7.67168E-04,1.38921E-04],[6.79457E-04,1.43464E-04],[6.13511E-04,1.45466E-04],[6.33150E-04,1.61675E-04]],[[1.74252E-03,1.50350E-04],[1.73583E-03,1.38963E-04],[1.72267E-03,1.39682E-04],[1.70697E-03,1.38136E-04],[1.67303E-03,1.37579E-04],[1.63640E-03,1.37614E-04],[1.59535E-03,1.39542E-04],[1.54865E-03,1.38919E-04],[1.49959E-03,1.39046E-04],[1.43208E-03,1.37851E-04],[1.36443E-03,1.37856E-04],[1.29612E-03,1.38577E-04],[1.21894E-03,1.37691E-04],[1.13474E-03,1.35027E-04],[1.04789E-03,1.38854E-04],[9.54908E-04,1.39183E-04],[8.60901E-04,1.36465E-04],[7.64439E-04,1.36097E-04],[6.73330E-04,1.40046E-04],[6.07400E-04,1.43482E-04],[6.29444E-04,1.63620E-04]],[[1.72191E-03,1.44575E-04],[1.71920E-03,1.39954E-04],[1.70000E-03,1.39311E-04],[1.67851E-03,1.38729E-04],[1.65219E-03,1.36378E-04],[1.61703E-03,1.34365E-04],[1.57914E-03,1.35951E-04],[1.53142E-03,1.35767E-04],[1.47789E-03,1.37016E-04],[1.41407E-03,1.39032E-04],[1.35040E-03,1.38239E-04],[1.27953E-03,1.37883E-04],[1.20063E-03,1.37482E-04],[1.11950E-03,1.37891E-04],[1.03415E-03,1.33291E-04],[9.43934E-04,1.33721E-04],[8.48198E-04,1.33123E-04],[7.54758E-04,1.35388E-04],[6.66647E-04,1.37882E-04],[6.01897E-04,1.40106E-04],[6.24452E-04,1.60517E-04]],[[1.69100E-03,1.44669E-04],[1.68887E-03,1.39105E-04],[1.67768E-03,1.39411E-04],[1.65143E-03,1.36522E-04],[1.62306E-03,1.37106E-04],[1.59084E-03,1.34420E-04],[1.54911E-03,1.33612E-04],[1.50751E-03,1.38218E-04],[1.45068E-03,1.37175E-04],[1.39245E-03,1.38035E-04],[1.33019E-03,1.38076E-04],[1.25562E-03,1.36745E-04],[1.18355E-03,1.36782E-04],[1.10461E-03,1.35765E-04],[1.01740E-03,1.35298E-04],[9.28102E-04,1.38309E-04],[8.35592E-04,1.36495E-04],[7.43649E-04,1.37383E-04],[6.53142E-04,1.34465E-04],[5.91763E-04,1.38759E-04],[6.14597E-04,1.61147E-04]],[[1.66252E-03,1.45397E-04],[1.64840E-03,1.37964E-04],[1.64305E-03,1.37862E-04],[1.61962E-03,1.40794E-04],[1.59150E-03,1.35157E-04],[1.55946E-03,1.40405E-04],[1.52041E-03,1.36309E-04],[1.47400E-03,1.36250E-04],[1.42243E-03,1.34154E-04],[1.36268E-03,1.39426E-04],[1.29890E-03,1.35416E-04],[1.23306E-03,1.35805E-04],[1.15723E-03,1.35264E-04],[1.08169E-03,1.33708E-04],[9.98149E-04,1.33925E-04],[9.08055E-04,1.35867E-04],[8.16991E-04,1.35387E-04],[7.26939E-04,1.33613E-04],[6.42514E-04,1.36636E-04],[5.79841E-04,1.37762E-04],[5.99974E-04,1.58265E-04]],[[1.62101E-03,1.44216E-04],[1.61295E-03,1.36489E-04],[1.59607E-03,1.37727E-04],[1.57400E-03,1.39589E-04],[1.55219E-03,1.38336E-04],[1.52245E-03,1.38745E-04],[1.48317E-03,1.35230E-04],[1.43884E-03,1.35799E-04],[1.38686E-03,1.38002E-04],[1.32975E-03,1.38432E-04],[1.26881E-03,1.35828E-04],[1.20216E-03,1.34428E-04],[1.13382E-03,1.34036E-04],[1.05389E-03,1.33419E-04],[9.73926E-04,1.35954E-04],[8.87405E-04,1.33330E-04],[7.97858E-04,1.34219E-04],[7.10679E-04,1.36312E-04],[6.26966E-04,1.36213E-04],[5.64813E-04,1.36468E-04],[5.85165E-04,1.55683E-04]],[[1.56872E-03,1.44486E-04],[1.56311E-03,1.37661E-04],[1.55021E-03,1.38576E-04],[1.52790E-03,1.38157E-04],[1.50704E-03,1.39975E-04],[1.47768E-03,1.37244E-04],[1.43490E-03,1.36951E-04],[1.39354E-03,1.33553E-04],[1.34802E-03,1.33878E-04],[1.29041E-03,1.35419E-04],[1.23224E-03,1.35716E-04],[1.16799E-03,1.35320E-04],[1.09541E-03,1.35486E-04],[1.02062E-03,1.38358E-04],[9.43658E-04,1.32515E-04],[8.59705E-04,1.35354E-04],[7.75321E-04,1.33144E-04],[6.88872E-04,1.33650E-04],[6.07671E-04,1.35890E-04],[5.47973E-04,1.37646E-04],[5.69634E-04,1.60670E-04]],[[1.51361E-03,1.44846E-04],[1.50632E-03,1.38582E-04],[1.49609E-03,1.37887E-04],[1.48082E-03,1.37426E-04],[1.45233E-03,1.38393E-04],[1.42274E-03,1.34311E-04],[1.38699E-03,1.35915E-04],[1.34261E-03,1.34151E-04],[1.29595E-03,1.36565E-04],[1.24590E-03,1.33262E-04],[1.19146E-03,1.35091E-04],[1.12743E-03,1.36272E-04],[1.05947E-03,1.36766E-04],[9.87181E-04,1.34421E-04],[9.09856E-04,1.33042E-04],[8.31978E-04,1.34731E-04],[7.50025E-04,1.35795E-04],[6.64963E-04,1.34065E-04],[5.86405E-04,1.35369E-04],[5.29872E-04,1.38040E-04],[5.49193E-04,1.62085E-04]],[[1.45677E-03,1.45406E-04],[1.44879E-03,1.36373E-04],[1.43136E-03,1.37187E-04],[1.42042E-03,1.35593E-04],[1.39504E-03,1.35530E-04],[1.36338E-03,1.32165E-04],[1.33015E-03,1.35016E-04],[1.29252E-03,1.35364E-04],[1.24704E-03,1.34003E-04],[1.19785E-03,1.33430E-04],[1.14391E-03,1.35556E-04],[1.08085E-03,1.34545E-04],[1.01854E-03,1.35191E-04],[9.48758E-04,1.33038E-04],[8.74574E-04,1.36910E-04],[7.97452E-04,1.37301E-04],[7.19183E-04,1.36660E-04],[6.39176E-04,1.33008E-04],[5.62904E-04,1.35833E-04],[5.08908E-04,1.37813E-04],[5.25864E-04,1.59260E-04]],[[1.38587E-03,1.42199E-04],[1.38041E-03,1.37564E-04],[1.36814E-03,1.36466E-04],[1.35242E-03,1.38493E-04],[1.32749E-03,1.38262E-04],[1.30612E-03,1.34741E-04],[1.27258E-03,1.33961E-04],[1.22982E-03,1.32883E-04],[1.18789E-03,1.37045E-04],[1.13709E-03,1.35701E-04],[1.08840E-03,1.33904E-04],[1.02815E-03,1.36348E-04],[9.68267E-04,1.36275E-04],[9.03110E-04,1.35400E-04],[8.33272E-04,1.32596E-04],[7.60187E-04,1.35086E-04],[6.86155E-04,1.34595E-04],[6.10725E-04,1.33566E-04],[5.38054E-04,1.34828E-04],[4.86042E-04,1.39285E-04],[5.02324E-04,1.59111E-04]],[[1.31780E-03,1.43690E-04],[1.30886E-03,1.37001E-04],[1.30047E-03,1.37606E-04],[1.28424E-03,1.35848E-04],[1.26487E-03,1.36040E-04],[1.23315E-03,1.33999E-04],[1.20082E-03,1.31993E-04],[1.16612E-03,1.38578E-04],[1.12861E-03,1.36079E-04],[1.08131E-03,1.35404E-04],[1.03113E-03,1.35293E-04],[9.74098E-04,1.33547E-04],[9.19331E-04,1.33321E-04],[8.54499E-04,1.34581E-04],[7.92042E-04,1.35175E-04],[7.22328E-04,1.36443E-04],[6.50247E-04,1.34175E-04],[5.77879E-04,1.35625E-04],[5.10568E-04,1.36312E-04],[4.61123E-04,1.37448E-04],[4.76889E-04,1.61472E-04]],[[1.23631E-03,1.44706E-04],[1.22940E-03,1.35417E-04],[1.21684E-03,1.36126E-04],[1.20322E-03,1.35609E-04],[1.18510E-03,1.35197E-04],[1.16368E-03,1.35289E-04],[1.13178E-03,1.35883E-04],[1.09629E-03,1.36027E-04],[1.06117E-03,1.34899E-04],[1.01596E-03,1.35506E-04],[9.70051E-04,1.32508E-04],[9.21814E-04,1.36372E-04],[8.63483E-04,1.35570E-04],[8.04896E-04,1.35454E-04],[7.44058E-04,1.36090E-04],[6.78381E-04,1.36320E-04],[6.10899E-04,1.37671E-04],[5.42557E-04,1.35549E-04],[4.79157E-04,1.37083E-04],[4.31893E-04,1.38318E-04],[4.44783E-04,1.61611E-04]],[[1.15397E-03,1.45848E-04],[1.14557E-03,1.38834E-04],[1.13673E-03,1.35043E-04],[1.12383E-03,1.33807E-04],[1.10096E-03,1.56272E-04],[1.08085E-03,1.37646E-04],[1.05425E-03,1.34138E-04],[1.02460E-03,1.34444E-04],[9.86738E-04,1.37678E-04],[9.50226E-04,1.37017E-04],[9.03553E-04,1.35120E-04],[8.56514E-04,1.34815E-04],[8.08444E-04,1.35216E-04],[7.51456E-04,1.35350E-04],[6.94296E-04,1.33454E-04],[6.32231E-04,1.36720E-04],[5.69898E-04,1.34097E-04],[5.06623E-04,1.37401E-04],[4.45932E-04,1.38472E-04],[4.03725E-04,1.40278E-04],[4.16777E-04,1.61754E-04]],[[1.06306E-03,