{
  "seed":-535904587,
  "pop":6500,
  "Inactive_Cycles":1200,
  "Active_Cycles":2500,
  "Total_CPU_Time":4.19827E+04,
  "Total_Transport_Time":5.12815E+02,
  "Time_Per_Integration":1.29186E-09,
  "Clock_Time":5.55380E+02,
  "keff":{
    "keff":[1.01579E+00,1.00773E-04]
  },
  "fissionRate":{
    "fissionRate":[[[1.76761E-03,1.60112E-04],[1.75598E-03,1.59145E-04],[1.74808E-03,1.49661E-04],[1.72900E-03,1.48779E-04],[1.70040E-03,1.51925E-04],[1.66086E-03,1.51576E-04],[1.61805E-03,1.46486E-04],[1.57215E-03,1.46152E-04],[1.51618E-03,1.46659E-04],[1.45431E-03,1.50500E-04],[1.38535E-03,1.47489E-04],[1.31142E-03,1.45122E-04],[1.23392E-03,1.45416E-04],[1.15000E-03,1.41335E-04],[1.06259E-03,1.43054E-04],[9.68341E-04,1.43999E-04],[8.70555E-04,1.48639E-04],[7.75360E-04,1.47506E-04],[6.83770E-04,1.52860E-04],[6.14558E-04,1.50915E-04],[6.38969E-04,1.68523E-04]],[[1.75779E-03,1.50799E-04],[1.75552E-03,1.42752E-04],[1.74437E-03,1.41162E-04],[1.71999E-03,1.44149E-04],[1.69158E-03,1.41639E-04],[1.65522E-03,1.43612E-04],[1.61023E-03,1.40997E-04],[1.56354E-03,1.37381E-04],[1.50751E-03,1.38506E-04],[1.44765E-03,1.39555E-04],[1.37633E-03,1.38877E-04],[1.30704E-03,1.35219E-04],[1.23292E-03,1.34350E-04],[1.14600E-03,1.37230E-04],[1.05640E-03,1.34640E-04],[9.64169E-04,1.38533E-04],[8.67755E-04,1.38530E-04],[7.70503E-04,1.42663E-04],[6.81466E-04,1.45921E-04],[6.13491E-04,1.40367E-04],[6.33360E-04,1.65418E-04]],[[1.74937E-03,1.45646E-04],[1.74259E-03,1.39207E-04],[1.72856E-03,1.40085E-04],[1.70696E-03,1.43518E-04],[1.68071E-03,1.41320E-04],[1.63854E-03,1.39440E-04],[1.59950E-03,1.36450E-04],[1.55062E-03,1.36365E-04],[1.49393E-03,1.34694E-04],[1.43264E-03,1.36417E-04],[1.36915E-03,1.35909E-04],[1.29519E-03,1.35469E-04],[1.22119E-03,1.33981E-04],[1.13611E-03,1.34650E-04],[1.04603E-03,1.33201E-04],[9.55626E-04,1.35031E-04],[8.61535E-04,1.38046E-04],[7.64780E-04,1.38536E-04],[6.75782E-04,1.38315E-04],[6.08328E-04,1.37355E-04],[6.27903E-04,1.56006E-04]],[[1.72671E-03,1.47278E-04],[1.72010E-03,1.37447E-04],[1.70831E-03,1.39096E-04],[1.68301E-03,1.39485E-04],[1.65583E-03,1.39428E-04],[1.62391E-03,1.38073E-04],[1.58416E-03,1.38007E-04],[1.53125E-03,1.37317E-04],[1.47928E-03,1.34925E-04],[1.41661E-03,1.36035E-04],[1.34856E-03,1.33692E-04],[1.28139E-03,1.35230E-04],[1.20416E-03,1.35935E-04],[1.12124E-03,1.34217E-04],[1.03506E-03,1.36341E-04],[9.45488E-04,1.35393E-04],[8.50665E-04,1.36694E-04],[7.55954E-04,1.36562E-04],[6.67023E-04,1.36476E-04],[6.01997E-04,1.39450E-04],[6.22828E-04,1.59288E-04]],[[1.70009E-03,1.45538E-04],[1.69024E-03,1.38506E-04],[1.67666E-03,1.38323E-04],[1.65276E-03,1.38907E-04],[1.63261E-03,1.35439E-04],[1.59730E-03,1.36581E-04],[1.55683E-03,1.32784E-04],[1.50839E-03,1.34414E-04],[1.45679E-03,1.34710E-04],[1.39212E-03,1.35115E-04],[1.32555E-03,1.34082E-04],[1.25674E-03,1.36045E-04],[1.18337E-03,1.36460E-04],[1.10174E-03,1.40280E-04],[1.01514E-03,1.37302E-04],[9.27239E-04,1.34235E-04],[8.37143E-04,1.34165E-04],[7.43779E-04,1.36007E-04],[6.56396E-04,1.37873E-04],[5.92584E-04,1.40682E-04],[6.14656E-04,1.61965E-04]],[[1.66553E-03,1.44644E-04],[1.65689E-03,1.37308E-04],[1.64526E-03,1.37960E-04],[1.62085E-03,1.36236E-04],[1.59640E-03,1.37215E-04],[1.56554E-03,1.35590E-04],[1.52310E-03,1.31948E-04],[1.47549E-03,1.33810E-04],[1.42686E-03,1.35320E-04],[1.36849E-03,1.34916E-04],[1.30048E-03,1.34364E-04],[1.23300E-03,1.35471E-04],[1.15945E-03,1.34340E-04],[1.08111E-03,1.34964E-04],[9.96417E-04,1.35671E-04],[9.10108E-04,1.34372E-04],[8.19079E-04,1.35866E-04],[7.29058E-04,1.36819E-04],[6.43421E-04,1.39479E-04],[5.81344E-04,1.37854E-04],[6.00851E-04,1.59723E-04]],[[1.62325E-03,1.42888E-04],[1.61530E-03,1.36527E-04],[1.59905E-03,1.34167E-04],[1.58027E-03,1.34981E-04],[1.55496E-03,1.36588E-04],[1.52872E-03,1.35565E-04],[1.48325E-03,1.34345E-04],[1.43933E-03,1.37924E-04],[1.39010E-03,1.32768E-04],[1.33117E-03,1.36140E-04],[1.27165E-03,1.34608E-04],[1.20269E-03,1.35455E-04],[1.12715E-03,1.35749E-04],[1.05333E-03,1.35391E-04],[9.74888E-04,1.36756E-04],[8.87149E-04,1.36972E-04],[7.97576E-04,1.37861E-04],[7.11897E-04,1.34437E-04],[6.26698E-04,1.36983E-04],[5.67738E-04,1.37898E-04],[5.86055E-04,1.59065E-04]],[[1.57376E-03,1.41898E-04],[1.57035E-03,1.34760E-04],[1.55508E-03,1.33958E-04],[1.53737E-03,1.34391E-04],[1.51172E-03,1.36427E-04],[1.47749E-03,1.36420E-04],[1.43714E-03,1.35500E-04],[1.39552E-03,1.34021E-04],[1.34726E-03,1.33862E-04],[1.29258E-03,1.36172E-04],[1.22893E-03,1.32208E-04],[1.16819E-03,1.35649E-04],[1.09592E-03,1.30743E-04],[1.02448E-03,1.36076E-04],[9.43824E-04,1.34683E-04],[8.59863E-04,1.37066E-04],[7.73748E-04,1.36287E-04],[6.88448E-04,1.37513E-04],[6.08685E-04,1.39669E-04],[5.48577E-04,1.39541E-04],[5.66837E-04,1.56824E-04]],[[1.51485E-03,1.39872E-04],[1.51252E-03,1.35210E-04],[1.49940E-03,1.36166E-04],[1.48285E-03,1.35331E-04],[1.45601E-03,1.35124E-04],[1.42845E-03,1.36371E-04],[1.38915E-03,1.35995E-04],[1.34397E-03,1.34939E-04],[1.30131E-03,1.34839E-04],[1.24667E-03,1.33438E-04],[1.18977E-03,1.33848E-04],[1.12814E-03,1.34986E-04],[1.05994E-03,1.35973E-04],[9.86860E-04,1.34085E-04],[9.11050E-04,1.34540E-04],[8.32466E-04,1.34077E-04],[7.48785E-04,1.37748E-04],[6.65638E-04,1.34659E-04],[5.88137E-04,1.37420E-04],[5.29689E-04,1.40013E-04],[5.49285E-04,1.58330E-04]],[[1.45466E-03,1.43277E-04],[1.44871E-03,1.36388E-04],[1.43913E-03,1.34549E-04],[1.41512E-03,1.35974E-04],[1.39764E-03,1.37236E-04],[1.37060E-03,1.34742E-04],[1.33443E-03,1.35303E-04],[1.29344E-03,1.32347E-04],[1.24831E-03,1.33481E-04],[1.19588E-03,1.34389E-04],[1.14000E-03,1.33870E-04],[1.08023E-03,1.36896E-04],[1.01661E-03,1.35213E-04],[9.47509E-04,1.37605E-04],[8.73328E-04,1.34089E-04],[7.97651E-04,1.34077E-04],[7.16320E-04,1.36679E-04],[6.39082E-04,1.35897E-04],[5.62605E-04,1.34845E-04],[5.08877E-04,1.36681E-04],[5.27536E-04,1.58043E-04]],[[1.39147E-03,1.43445E-04],[1.38526E-03,1.36841E-04],[1.37231E-03,1.35099E-04],[1.35541E-03,1.34951E-04],[1.33446E-03,1.34259E-04],[1.30824E-03,1.37603E-04],[1.27394E-03,1.32781E-04],[1.23379E-03,1.33112E-04],[1.19041E-03,1.34486E-04],[1.14171E-03,1.36107E-04],[1.08830E-03,1.35547E-04],[1.03008E-03,1.36639E-04],[9.70621E-04,1.35966E-04],[9.03070E-04,1.38005E-04],[8.32762E-04,1.36092E-04],[7.59744E-04,1.34418E-04],[6.84976E-04,1.37016E-04],[6.07681E-04,1.36380E-04],[5.37555E-04,1.36065E-04],[4.84763E-04,1.38420E-04],[5.03073E-04,1.61179E-04]],[[1.31711E-03,1.48140E-04],[1.31128E-03,1.39046E-04],[1.30071E-03,1.33587E-04],[1.28615E-03,1.32253E-04],[1.26524E-03,1.33561E-04],[1.23821E-03,1.32955E-04],[1.20739E-03,1.33280E-04],[1.16976E-03,1.35644E-04],[1.12826E-03,1.32554E-04],[1.08150E-03,1.31570E-04],[1.03152E-03,1.34494E-04],[9.77527E-04,1.34098E-04],[9.18483E-04,1.38558E-04],[8.56386E-04,1.36923E-04],[7.89594E-04,1.35263E-04],[7.20297E-04,1.35212E-04],[6.48991E-04,1.32375E-04],[5.77842E-04,1.34695E-04],[5.08187E-04,1.35582E-04],[4.60561E-04,1.40309E-04],[4.77378E-04,1.60508E-04]],[[1.23959E-03,1.42961E-04],[1.23277E-03,1.38558E-04],[1.22315E-03,1.33214E-04],[1.21216E-03,1.33161E-04],[1.19049E-03,1.32664E-04],[1.16138E-03,1.31210E-04],[1.13332E-03,1.33246E-04],[1.10186E-03,1.31666E-04],[1.05997E-03,1.31626E-04],[1.01868E-03,1.33253E-04],[9.69558E-04,1.34519E-04],[9.18829E-04,1.33524E-04],[8.63666E-04,1.32611E-04],[8.06265E-04,1.36705E-04],[7.44129E-04,1.34920E-04],[6.78283E-04,1.33925E-04],[6.12887E-04,1.35224E-04],[5.44000E-04,1.34991E-04],[4.79721E-04,1.34289E-04],[4.33223E-04,1.38365E-04],[4.48518E-04,1.60999E-04]],[[1.15530E-03,1.48841E-04],[1.14899E-03,1.39761E-04],[1.14031E-03,1.37175E-04],[1.12604E-03,1.34612E-04],[1.11107E-03,1.31987E-04],[1.08721E-03,1.34655E-04],[1.05858E-03,1.36125E-04],[1.02596E-03,1.34326E-04],[9.91618E-04,1.33718E-04],[9.46466E-04,1.34741E-04],[9.06209E-04,1.34152E-04],[8.60060E-04,1.33582E-04],[8.05547E-04,1.33230E-04],[7.52328E-04,1.36717E-04],[6.92720E-04,1.34033E-04],[6.33267E-04,1.33009E-04],[5.70760E-04,1.36685E-04],[5.06697E-04,1.34686E-04],[4.48112E-04,1.35884E-04],[4.04017E-04,1.41079E-04],[4.19143E-04,1.60802E-04]],[[1.06621E-03,