{
  "seed":543163309,
  "pop":10000,
  "Inactive_Cycles":1200,
  "Active_Cycles":2500,
  "Total_CPU_Time":1.17524E+05,
  "Total_Transport_Time":2.92251E+03,
  "Time_Per_Integration":4.75738E-09,
  "Clock_Time":3.54310E+03,
  "keff":{
    "keff":[1.01629E+00,8.04164E-05]
  },
  "fissionRate":{
    "fissionRate":[[[1.77237E-03,1.17311E-04],[1.76147E-03,1.08667E-04],[1.74888E-03,1.08481E-04],[1.72415E-03,1.08354E-04],[1.69530E-03,1.06856E-04],[1.66221E-03,1.07950E-04],[1.62010E-03,1.08545E-04],[1.56822E-03,1.07376E-04],[1.51304E-03,1.10742E-04],[1.45425E-03,1.08017E-04],[1.38650E-03,1.09843E-04],[1.31618E-03,1.08574E-04],[1.23519E-03,1.06872E-04],[1.14844E-03,1.07907E-04],[1.06215E-03,1.08485E-04],[9.67803E-04,1.09039E-04],[8.71187E-04,1.08967E-04],[7.76764E-04,1.09759E-04],[6.83479E-04,1.09461E-04],[6.18956E-04,1.11656E-04],[6.41581E-04,1.32293E-04]],[[1.76326E-03,1.11454E-04],[1.75363E-03,1.07616E-04],[1.73652E-03,1.04819E-04],[1.71852E-03,1.04846E-04],[1.69014E-03,1.02861E-04],[1.65302E-03,1.04598E-04],[1.61305E-03,1.03796E-04],[1.56272E-03,1.04211E-04],[1.50840E-03,1.05928E-04],[1.44839E-03,1.04813E-04],[1.38069E-03,1.04506E-04],[1.30992E-03,1.03168E-04],[1.23074E-03,1.05121E-04],[1.14566E-03,1.03377E-04],[1.06039E-03,1.03709E-04],[9.63644E-04,1.05124E-04],[8.68854E-04,1.03736E-04],[7.72883E-04,1.05299E-04],[6.79968E-04,1.05412E-04],[6.16469E-04,1.06601E-04],[6.37533E-04,1.23530E-04]],[[1.74721E-03,1.07822E-04],[1.73870E-03,1.05161E-04],[1.72966E-03,1.05591E-04],[1.70222E-03,1.03509E-04],[1.67358E-03,1.03693E-04],[1.64005E-03,1.03079E-04],[1.60178E-03,1.05443E-04],[1.54862E-03,1.04048E-04],[1.49591E-03,1.02577E-04],[1.43589E-03,1.03539E-04],[1.36900E-03,1.03624E-04],[1.29530E-03,1.03486E-04],[1.21845E-03,1.03316E-04],[1.13432E-03,1.02164E-04],[1.05046E-03,1.01951E-04],[9.55757E-04,1.01767E-04],[8.64049E-04,1.03086E-04],[7.65611E-04,1.03519E-04],[6.77489E-04,1.03077E-04],[6.10372E-04,1.05181E-04],[6.32748E-04,1.19067E-04]],[[1.72257E-03,1.06644E-04],[1.72048E-03,1.03624E-04],[1.70266E-03,1.05213E-04],[1.68543E-03,1.04178E-04],[1.65627E-03,1.03685E-04],[1.62359E-03,1.04807E-04],[1.58160E-03,1.04057E-04],[1.53043E-03,1.04577E-04],[1.47600E-03,1.02357E-04],[1.41946E-03,1.02605E-04],[1.35143E-03,1.03615E-04],[1.28135E-03,1.03306E-04],[1.20495E-03,1.01949E-04],[1.12309E-03,1.02010E-04],[1.03510E-03,1.03227E-04],[9.43072E-04,1.03898E-04],[8.51527E-04,1.01895E-04],[7.58278E-04,1.03058E-04],[6.69224E-04,1.03326E-04],[6.03644E-04,1.06017E-04],[6.24791E-04,1.22479E-04]],[[1.69744E-03,1.07865E-04],[1.68706E-03,1.03162E-04],[1.67443E-03,1.04763E-04],[1.65821E-03,1.04140E-04],[1.63058E-03,1.01988E-04],[1.59323E-03,1.03287E-04],[1.55498E-03,1.04318E-04],[1.50985E-03,1.03118E-04],[1.45131E-03,1.02667E-04],[1.39438E-03,1.02636E-04],[1.32717E-03,1.03731E-04],[1.25797E-03,1.03560E-04],[1.18390E-03,1.03904E-04],[1.10246E-03,1.02700E-04],[1.01919E-03,1.03290E-04],[9.29093E-04,1.02815E-04],[8.39450E-04,1.03504E-04],[7.45137E-04,1.02863E-04],[6.55460E-04,1.02541E-04],[5.93944E-04,1.05181E-04],[6.14485E-04,1.24224E-04]],[[1.66178E-03,1.09340E-04],[1.65438E-03,1.03110E-04],[1.64190E-03,1.02542E-04],[1.62159E-03,1.02604E-04],[1.59781E-03,1.02517E-04],[1.55941E-03,1.02149E-04],[1.52110E-03,1.01810E-04],[1.47679E-03,1.02863E-04],[1.42485E-03,1.03985E-04],[1.36373E-03,1.02851E-04],[1.30337E-03,1.03798E-04],[1.23387E-03,1.02675E-04],[1.15811E-03,1.02129E-04],[1.07912E-03,1.02700E-04],[9.99260E-04,1.03279E-04],[9.11571E-04,1.02785E-04],[8.21633E-04,1.01892E-04],[7.28673E-04,1.01800E-04],[6.43303E-04,1.02594E-04],[5.80082E-04,1.04755E-04],[6.00200E-04,1.20510E-04]],[[1.61480E-03,1.07994E-04],[1.61062E-03,1.05065E-04],[1.60095E-03,1.03178E-04],[1.58064E-03,1.03758E-04],[1.55482E-03,1.04236E-04],[1.52357E-03,1.01228E-04],[1.48193E-03,1.04017E-04],[1.43738E-03,1.02636E-04],[1.38749E-03,1.01989E-04],[1.33482E-03,1.02932E-04],[1.26960E-03,1.03296E-04],[1.19993E-03,1.03042E-04],[1.13053E-03,1.02071E-04],[1.05651E-03,1.02715E-04],[9.73454E-04,1.03901E-04],[8.88481E-04,1.03362E-04],[8.01333E-04,1.02386E-04],[7.11293E-04,1.01009E-04],[6.27268E-04,1.03200E-04],[5.65773E-04,1.06264E-04],[5.85208E-04,1.23735E-04]],[[1.56927E-03,1.07250E-04],[1.56207E-03,1.05159E-04],[1.55038E-03,1.05312E-04],[1.52952E-03,1.02108E-04],[1.50514E-03,1.03238E-04],[1.47726E-03,1.04673E-04],[1.43676E-03,1.02880E-04],[1.39357E-03,1.03071E-04],[1.34291E-03,1.03347E-04],[1.29282E-03,1.01962E-04],[1.23193E-03,1.03960E-04],[1.16737E-03,1.03566E-04],[1.09664E-03,1.01920E-04],[1.02511E-03,1.02760E-04],[9.47576E-04,1.03696E-04],[8.62966E-04,1.01685E-04],[7.75500E-04,1.03432E-04],[6.89668E-04,1.04039E-04],[6.08749E-04,1.03616E-04],[5.49281E-04,1.04947E-04],[5.69611E-04,1.20197E-04]],[[1.51258E-03,1.06433E-04],[1.50901E-03,1.04237E-04],[1.49722E-03,1.04619E-04],[1.47459E-03,1.04609E-04],[1.45391E-03,1.03678E-04],[1.42421E-03,1.02864E-04],[1.38726E-03,1.03051E-04],[1.34552E-03,1.02884E-04],[1.29682E-03,1.02729E-04],[1.24652E-03,1.01812E-04],[1.18824E-03,1.02292E-04],[1.12762E-03,1.01484E-04],[1.05833E-03,1.01988E-04],[9.86474E-04,1.01453E-04],[9.13015E-04,1.03140E-04],[8.32153E-04,1.02199E-04],[7.49050E-04,1.02305E-04],[6.66977E-04,1.03289E-04],[5.86745E-04,1.03961E-04],[5.29342E-04,1.04024E-04],[5.49335E-04,1.20919E-04]],[[1.45043E-03,1.07723E-04],[1.44920E-03,1.05264E-04],[1.43766E-03,1.03536E-04],[1.41931E-03,1.03716E-04],[1.39771E-03,1.04481E-04],[1.36643E-03,1.03640E-04],[1.32973E-03,1.04785E-04],[1.29170E-03,1.02890E-04],[1.24712E-03,1.02281E-04],[1.19674E-03,1.02373E-04],[1.13853E-03,1.03943E-04],[1.08147E-03,1.03497E-04],[1.01736E-03,1.02383E-04],[9.47532E-04,1.03013E-04],[8.75263E-04,1.02082E-04],[7.98954E-04,1.02967E-04],[7.17192E-04,1.03753E-04],[6.38609E-04,1.02370E-04],[5.62789E-04,1.03169E-04],[5.08616E-04,1.06396E-04],[5.26974E-04,1.22443E-04]],[[1.38755E-03,1.07324E-04],[1.38217E-03,1.04213E-04],[1.37157E-03,1.04175E-04],[1.35567E-03,1.04439E-04],[1.33269E-03,1.03295E-04],[1.30643E-03,1.04179E-04],[1.27014E-03,1.03878E-04],[1.23086E-03,1.05535E-04],[1.19264E-03,1.02629E-04],[1.14152E-03,1.02146E-04],[1.08850E-03,1.02627E-04],[1.03153E-03,1.02854E-04],[9.69907E-04,1.02416E-04],[9.05508E-04,1.02493E-04],[8.35238E-04,1.02205E-04],[7.61645E-04,1.03122E-04],[6.84927E-04,1.03524E-04],[6.07733E-04,1.02820E-04],[5.35863E-04,1.04159E-04],[4.85070E-04,1.04913E-04],[5.01853E-04,1.19622E-04]],[[1.31207E-03,1.08602E-04],[1.30800E-03,1.03313E-04],[1.29593E-03,1.03717E-04],[1.28277E-03,1.03495E-04],[1.26148E-03,1.01990E-04],[1.23737E-03,1.03312E-04],[1.20529E-03,1.03272E-04],[1.16791E-03,1.01553E-04],[1.12676E-03,1.03966E-04],[1.08309E-03,1.00938E-04],[1.03105E-03,1.02848E-04],[9.78201E-04,1.02485E-04],[9.16578E-04,1.03485E-04],[8.55399E-04,1.03046E-04],[7.89092E-04,1.03269E-04],[7.22412E-04,1.03150E-04],[6.48750E-04,1.03378E-04],[5.75281E-04,1.04137E-04],[5.09163E-04,1.03004E-04],[4.59354E-04,1.05261E-04],[4.75097E-04,1.20693E-04]],[[1.23480E-03,1.08179E-04],[1.23401E-03,1.04110E-04],[1.22130E-03,1.02530E-04],[1.20657E-03,1.02844E-04],[1.18772E-03,1.04318E-04],[1.16113E-03,1.02517E-04],[1.13174E-03,1.02169E-04],[1.09810E-03,1.01700E-04],[1.05866E-03,1.02929E-04],[1.01449E-03,1.02839E-04],[9.69426E-04,1.02727E-04],[9.17773E-04,1.03284E-04],[8.65149E-04,1.02459E-04],[8.03808E-04,1.02148E-04],[7.43625E-04,1.03193E-04],[6.79478E-04,1.03567E-04],[6.11405E-04,1.04463E-04],[5.42143E-04,1.03038E-04],[4.78647E-04,1.03627E-04],[4.32747E-04,1.06335E-04],[4.48380E-04,1.22592E-04]],[[1.15046E-03,1.07237E-04],[1.14505E-03,1.03498E-04],[1.13804E-03,1.04083E-04],[1.12464E-03,1.02625E-04],[1.10536E-03,1.03068E-04],[1.08107E-03,1.03037E-04],[1.05751E-03,1.00972E-04],[1.02206E-03,1.03249E-04],[9.86443E-04,1.02344E-04],[9.49899E-04,1.03486E-04],[9.05746E-04,1.02339E-04],[8.56084E-04,1.01736E-04],[8.05001E-04,1.03430E-04],[7.49925E-04,1.03092E-04],[6.94274E-04,1.01426E-04],[6.32321E-04,1.05622E-04],[5.68572E-04,1.02451E-04],[5.05556E-04,1.02553E-04],[4.45597E-04,1.02725E-04],[4.03839E-04,1.05374E-04],[4.18236E-04,1.19225E-04]],[[1.06559E-03,