{
  "seed":-1348825924,
  "pop":6500,
  "Inactive_Cycles":1200,
  "Active_Cycles":2500,
  "Total_CPU_Time":4.23375E+04,
  "Total_Transport_Time":5.17550E+02,
  "Time_Per_Integration":1.29737E-09,
  "Clock_Time":5.59925E+02,
  "keff":{
    "keff":[1.01564E+00,1.01819E-04]
  },
  "fissionRate":{
    "fissionRate":[[[1.76636E-03,1.67374E-04],[1.75937E-03,1.50300E-04],[1.74872E-03,1.47621E-04],[1.72254E-03,1.46234E-04],[1.69396E-03,1.49357E-04],[1.66081E-03,1.45441E-04],[1.61939E-03,1.42112E-04],[1.56913E-03,1.43366E-04],[1.51250E-03,1.47407E-04],[1.45957E-03,1.46072E-04],[1.38642E-03,1.44494E-04],[1.30925E-03,1.44842E-04],[1.23666E-03,1.47309E-04],[1.14950E-03,1.46693E-04],[1.06460E-03,1.43115E-04],[9.70331E-04,1.43202E-04],[8.73956E-04,1.44756E-04],[7.77979E-04,1.45416E-04],[6.88022E-04,1.46182E-04],[6.22606E-04,1.48802E-04],[6.42413E-04,1.73203E-04]],[[1.75963E-03,1.45902E-04],[1.75391E-03,1.39256E-04],[1.74148E-03,1.38679E-04],[1.71877E-03,1.36693E-04],[1.69355E-03,1.34278E-04],[1.65215E-03,1.36878E-04],[1.61500E-03,1.36030E-04],[1.56113E-03,1.38657E-04],[1.50993E-03,1.38597E-04],[1.44750E-03,1.38476E-04],[1.38124E-03,1.38880E-04],[1.31137E-03,1.37867E-04],[1.22648E-03,1.40176E-04],[1.14473E-03,1.38698E-04],[1.05896E-03,1.37926E-04],[9.68837E-04,1.35118E-04],[8.70667E-04,1.37034E-04],[7.74187E-04,1.38393E-04],[6.83073E-04,1.40270E-04],[6.19210E-04,1.43371E-04],[6.40382E-04,1.60113E-04]],[[1.75096E-03,1.44839E-04],[1.74110E-03,1.37659E-04],[1.72624E-03,1.34193E-04],[1.70684E-03,1.35902E-04],[1.67804E-03,1.35362E-04],[1.63821E-03,1.36839E-04],[1.59750E-03,1.35720E-04],[1.55313E-03,1.37371E-04],[1.49892E-03,1.38375E-04],[1.44079E-03,1.37894E-04],[1.37183E-03,1.35086E-04],[1.29910E-03,1.38842E-04],[1.22018E-03,1.36554E-04],[1.13828E-03,1.39864E-04],[1.05323E-03,1.39053E-04],[9.59816E-04,1.34718E-04],[8.63692E-04,1.58525E-04],[7.69823E-04,1.40696E-04],[6.79741E-04,1.38349E-04],[6.14909E-04,1.41226E-04],[6.33560E-04,1.61263E-04]],[[1.72371E-03,1.45810E-04],[1.72412E-03,1.38329E-04],[1.70477E-03,1.37196E-04],[1.67769E-03,1.35622E-04],[1.65644E-03,1.32926E-04],[1.62189E-03,1.35775E-04],[1.58195E-03,1.37966E-04],[1.53340E-03,1.37255E-04],[1.48052E-03,1.38743E-04],[1.41976E-03,1.36783E-04],[1.35721E-03,1.35345E-04],[1.28410E-03,1.37322E-04],[1.20694E-03,1.34095E-04],[1.12461E-03,1.33795E-04],[1.04086E-03,1.34055E-04],[9.47399E-04,1.37761E-04],[8.54333E-04,1.37194E-04],[7.58318E-04,1.37298E-04],[6.68860E-04,1.37790E-04],[6.06511E-04,1.41958E-04],[6.28479E-04,1.60730E-04]],[[1.69717E-03,1.44594E-04],[1.68713E-03,1.37379E-04],[1.67398E-03,1.39429E-04],[1.65891E-03,1.35954E-04],[1.62898E-03,1.39547E-04],[1.59571E-03,1.38324E-04],[1.55569E-03,1.36848E-04],[1.50793E-03,1.37327E-04],[1.45950E-03,1.39651E-04],[1.39714E-03,1.36775E-04],[1.33192E-03,1.34631E-04],[1.26477E-03,1.36113E-04],[1.18753E-03,1.36226E-04],[1.10391E-03,1.35959E-04],[1.02133E-03,1.37300E-04],[9.31041E-04,1.36159E-04],[8.39070E-04,1.35006E-04],[7.44969E-04,1.32585E-04],[6.58124E-04,1.36423E-04],[5.97192E-04,1.40623E-04],[6.16146E-04,1.61018E-04]],[[1.66444E-03,1.47121E-04],[1.65860E-03,1.37865E-04],[1.64109E-03,1.39843E-04],[1.61840E-03,1.38309E-04],[1.59547E-03,1.39368E-04],[1.56085E-03,1.38907E-04],[1.52308E-03,1.38271E-04],[1.47730E-03,1.38192E-04],[1.42486E-03,1.39322E-04],[1.36693E-03,1.36367E-04],[1.30301E-03,1.33951E-04],[1.23661E-03,1.34753E-04],[1.16270E-03,1.35277E-04],[1.07819E-03,1.34068E-04],[1.00105E-03,1.33402E-04],[9.12519E-04,1.34906E-04],[8.19466E-04,1.35237E-04],[7.28166E-04,1.33787E-04],[6.44176E-04,1.38678E-04],[5.83624E-04,1.40205E-04],[6.01807E-04,1.57555E-04]],[[1.61841E-03,1.43634E-04],[1.61367E-03,1.38795E-04],[1.59937E-03,1.38459E-04],[1.57803E-03,1.36959E-04],[1.55070E-03,1.42807E-04],[1.52233E-03,1.43794E-04],[1.48172E-03,1.41005E-04],[1.44002E-03,1.40165E-04],[1.38479E-03,1.40412E-04],[1.33175E-03,1.36332E-04],[1.27002E-03,1.33530E-04],[1.20224E-03,1.35427E-04],[1.13231E-03,1.35914E-04],[1.05335E-03,1.32943E-04],[9.75503E-04,1.36030E-04],[8.89983E-04,1.36217E-04],[7.99310E-04,1.36091E-04],[7.12186E-04,1.35835E-04],[6.29099E-04,1.35634E-04],[5.68715E-04,1.37304E-04],[5.86743E-04,1.62095E-04]],[[1.57311E-03,1.46958E-04],[1.56214E-03,1.40105E-04],[1.54979E-03,1.39449E-04],[1.53152E-03,1.42212E-04],[1.51128E-03,1.40938E-04],[1.47554E-03,1.44064E-04],[1.43703E-03,1.44273E-04],[1.39338E-03,1.41787E-04],[1.34463E-03,1.40678E-04],[1.29389E-03,1.39093E-04],[1.23031E-03,1.34944E-04],[1.16835E-03,1.33925E-04],[1.09642E-03,1.35260E-04],[1.02544E-03,1.34600E-04],[9.44076E-04,1.34793E-04],[8.62240E-04,1.33408E-04],[7.76607E-04,1.37104E-04],[6.91773E-04,1.38550E-04],[6.09686E-04,1.36252E-04],[5.50887E-04,1.36976E-04],[5.70513E-04,1.57520E-04]],[[1.52013E-03,1.44876E-04],[1.51098E-03,1.42427E-04],[1.49617E-03,1.39376E-04],[1.47780E-03,1.41793E-04],[1.45329E-03,1.38646E-04],[1.42392E-03,1.38598E-04],[1.38281E-03,1.36916E-04],[1.34342E-03,1.38678E-04],[1.29452E-03,1.37853E-04],[1.24535E-03,1.34643E-04],[1.18750E-03,1.35129E-04],[1.12561E-03,1.34804E-04],[1.05711E-03,1.34171E-04],[9.88146E-04,1.34143E-04],[9.10751E-04,1.33378E-04],[8.31393E-04,1.32617E-04],[7.48446E-04,1.37158E-04],[6.66873E-04,1.33392E-04],[5.87052E-04,1.37469E-04],[5.29962E-04,1.38836E-04],[5.50391E-04,1.58923E-04]],[[1.45450E-03,1.52209E-04],[1.45110E-03,1.42966E-04],[1.42987E-03,1.38195E-04],[1.41864E-03,1.38342E-04],[1.39899E-03,1.37608E-04],[1.36655E-03,1.38474E-04],[1.33258E-03,1.36421E-04],[1.29174E-03,1.38484E-04],[1.24398E-03,1.37710E-04],[1.19329E-03,1.36484E-04],[1.14062E-03,1.36429E-04],[1.08001E-03,1.36132E-04],[1.01680E-03,1.31683E-04],[9.48767E-04,1.35366E-04],[8.73112E-04,1.35225E-04],[7.96880E-04,1.32785E-04],[7.20465E-04,1.31923E-04],[6.39612E-04,1.35622E-04],[5.63499E-04,1.34819E-04],[5.08831E-04,1.40071E-04],[5.27867E-04,1.59930E-04]],[[1.38497E-03,1.52787E-04],[1.38236E-03,1.46991E-04],[1.37145E-03,1.37169E-04],[1.35487E-03,1.36101E-04],[1.32992E-03,1.41004E-04],[1.30184E-03,1.38258E-04],[1.26913E-03,1.37708E-04],[1.23080E-03,1.38992E-04],[1.18748E-03,1.36702E-04],[1.13961E-03,1.35226E-04],[1.08708E-03,1.34131E-04],[1.02951E-03,1.33686E-04],[9.67699E-04,1.32949E-04],[9.02181E-04,1.34968E-04],[8.35038E-04,1.33556E-04],[7.60068E-04,1.35929E-04],[6.85008E-04,1.34739E-04],[6.10278E-04,1.32808E-04],[5.39510E-04,1.35952E-04],[4.86841E-04,1.42140E-04],[5.04223E-04,1.60519E-04]],[[1.31055E-03,1.52876E-04],[1.30606E-03,1.39203E-04],[1.29373E-03,1.37759E-04],[1.28053E-03,1.36956E-04],[1.26370E-03,1.39821E-04],[1.23186E-03,1.36879E-04],[1.20162E-03,1.38068E-04],[1.16694E-03,1.37787E-04],[1.12828E-03,1.37027E-04],[1.07789E-03,1.36193E-04],[1.02854E-03,1.36294E-04],[9.76700E-04,1.35377E-04],[9.18226E-04,1.32355E-04],[8.55275E-04,1.32435E-04],[7.88014E-04,1.33620E-04],[7.23252E-04,1.33916E-04],[6.50347E-04,1.38889E-04],[5.78857E-04,1.35771E-04],[5.09528E-04,1.35488E-04],[4.61991E-04,1.38559E-04],[4.76825E-04,1.60683E-04]],[[1.23282E-03,1.51133E-04],[1.22885E-03,1.38495E-04],[1.21818E-03,1.36071E-04],[1.20386E-03,1.36425E-04],[1.18456E-03,1.37573E-04],[1.15855E-03,1.37169E-04],[1.12802E-03,1.36680E-04],[1.09742E-03,1.35604E-04],[1.05965E-03,1.35259E-04],[1.01704E-03,1.37299E-04],[9.68138E-04,1.34497E-04],[9.18315E-04,1.32417E-04],[8.63360E-04,1.32298E-04],[8.05237E-04,1.34983E-04],[7.43510E-04,1.32995E-04],[6.77905E-04,1.36089E-04],[6.10525E-04,1.33959E-04],[5.41907E-04,1.35011E-04],[4.80130E-04,1.34521E-04],[4.32910E-04,1.36219E-04],[4.48359E-04,1.58444E-04]],[[1.14834E-03,1.50818E-04],[1.14300E-03,1.41842E-04],[1.13733E-03,1.37655E-04],[1.12408E-03,1.36778E-04],[1.10402E-03,1.36744E-04],[1.08103E-03,1.37144E-04],[1.05337E-03,1.38710E-04],[1.02262E-03,1.36473E-04],[9.85454E-04,1.35350E-04],[9.48497E-04,1.36269E-04],[9.05131E-04,1.36033E-04],[8.57131E-04,1.34941E-04],[8.03938E-04,1.34155E-04],[7.51445E-04,1.32302E-04],[6.91689E-04,1.34324E-04],[6.32558E-04,1.33775E-04],[5.67956E-04,1.34565E-04],[5.05729E-04,1.34771E-04],[4.47610E-04,1.35942E-04],[4.04736E-04,1.39712E-04],[4.18313E-04,1.58613E-04]],[[1.06131E-03,