{
  "seed":-1577456203,
  "pop":6500,
  "Inactive_Cycles":1200,
  "Active_Cycles":2500,
  "Total_CPU_Time":3.64510E+04,
  "Total_Transport_Time":4.49501E+02,
  "Time_Per_Integration":1.12614E-09,
  "Clock_Time":4.82774E+02,
  "keff":{
    "keff":[1.01547E+00,9.96786E-05]
  },
  "fissionRate":{
    "fissionRate":[[[1.76871E-03,1.49332E-04],[1.76412E-03,1.40960E-04],[1.74864E-03,1.40082E-04],[1.72515E-03,1.41411E-04],[1.69958E-03,1.39382E-04],[1.66327E-03,1.37438E-04],[1.61901E-03,1.38511E-04],[1.57167E-03,1.40211E-04],[1.51726E-03,1.37881E-04],[1.45516E-03,1.37958E-04],[1.38864E-03,1.40129E-04],[1.31668E-03,1.36267E-04],[1.23717E-03,1.37117E-04],[1.15510E-03,1.37005E-04],[1.06225E-03,1.35894E-04],[9.71482E-04,1.39971E-04],[8.74724E-04,1.38935E-04],[7.74156E-04,1.36170E-04],[6.86714E-04,1.36957E-04],[6.22167E-04,1.40599E-04],[6.42368E-04,1.63724E-04]],[[1.76152E-03,1.41297E-04],[1.75549E-03,1.36539E-04],[1.73997E-03,1.35122E-04],[1.71656E-03,1.34401E-04],[1.69088E-03,1.31423E-04],[1.66068E-03,1.32505E-04],[1.60879E-03,1.33556E-04],[1.56448E-03,1.31214E-04],[1.51292E-03,1.31516E-04],[1.44921E-03,1.32713E-04],[1.37986E-03,1.33562E-04],[1.31287E-03,1.33603E-04],[1.23202E-03,1.29971E-04],[1.14893E-03,1.34924E-04],[1.05679E-03,1.33196E-04],[9.66352E-04,1.34513E-04],[8.70529E-04,1.33776E-04],[7.72452E-04,1.34237E-04],[6.85243E-04,1.37679E-04],[6.17615E-04,1.37136E-04],[6.40426E-04,1.59387E-04]],[[1.74677E-03,1.42017E-04],[1.74224E-03,1.35432E-04],[1.72816E-03,1.34357E-04],[1.70409E-03,1.34131E-04],[1.67303E-03,1.32696E-04],[1.64519E-03,1.33025E-04],[1.59448E-03,1.34019E-04],[1.55214E-03,1.30222E-04],[1.49795E-03,1.29779E-04],[1.43726E-03,1.33522E-04],[1.37490E-03,1.33264E-04],[1.29881E-03,1.31584E-04],[1.22271E-03,1.30961E-04],[1.13712E-03,1.31550E-04],[1.05152E-03,1.34201E-04],[9.58809E-04,1.33872E-04],[8.60798E-04,1.33984E-04],[7.65785E-04,1.34022E-04],[6.76021E-04,1.34977E-04],[6.12131E-04,1.36702E-04],[6.35916E-04,1.59378E-04]],[[1.72860E-03,1.39501E-04],[1.72049E-03,1.34179E-04],[1.70598E-03,1.32883E-04],[1.68311E-03,1.31639E-04],[1.65455E-03,1.32910E-04],[1.62569E-03,1.30798E-04],[1.58046E-03,1.32126E-04],[1.53250E-03,1.33258E-04],[1.47942E-03,1.33656E-04],[1.41910E-03,1.32196E-04],[1.35300E-03,1.31351E-04],[1.27883E-03,1.31615E-04],[1.20803E-03,1.31341E-04],[1.12681E-03,1.31800E-04],[1.03687E-03,1.34343E-04],[9.47626E-04,1.31377E-04],[8.50219E-04,1.30824E-04],[7.59775E-04,1.30486E-04],[6.67066E-04,1.30863E-04],[6.06067E-04,1.34479E-04],[6.30868E-04,1.59526E-04]],[[1.69767E-03,1.39341E-04],[1.69042E-03,1.33102E-04],[1.67523E-03,1.32364E-04],[1.65800E-03,1.32819E-04],[1.63172E-03,1.31364E-04],[1.59594E-03,1.30648E-04],[1.55657E-03,1.31412E-04],[1.50563E-03,1.32203E-04],[1.45554E-03,1.33334E-04],[1.39885E-03,1.31201E-04],[1.33149E-03,1.31893E-04],[1.26057E-03,1.33222E-04],[1.18694E-03,1.33214E-04],[1.10549E-03,1.32436E-04],[1.02238E-03,1.31982E-04],[9.29974E-04,1.30906E-04],[8.39000E-04,1.30465E-04],[7.44734E-04,1.31169E-04],[6.58035E-04,1.32445E-04],[5.94036E-04,1.33699E-04],[6.20322E-04,1.61626E-04]],[[1.66574E-03,1.37690E-04],[1.65744E-03,1.30956E-04],[1.64213E-03,1.31937E-04],[1.62283E-03,1.32506E-04],[1.59250E-03,1.31304E-04],[1.56216E-03,1.31376E-04],[1.52440E-03,1.33251E-04],[1.47888E-03,1.33703E-04],[1.42339E-03,1.31960E-04],[1.36542E-03,1.30347E-04],[1.30548E-03,1.32510E-04],[1.23505E-03,1.31162E-04],[1.16002E-03,1.31762E-04],[1.08112E-03,1.32471E-04],[9.98254E-04,1.31342E-04],[9.08719E-04,1.28976E-04],[8.19662E-04,1.29174E-04],[7.29867E-04,1.33716E-04],[6.44300E-04,1.31593E-04],[5.81823E-04,1.35142E-04],[6.04957E-04,1.55226E-04]],[[1.61701E-03,1.37377E-04],[1.61502E-03,1.32106E-04],[1.60094E-03,1.32525E-04],[1.57984E-03,1.32197E-04],[1.55272E-03,1.30191E-04],[1.52350E-03,1.31933E-04],[1.48579E-03,1.32370E-04],[1.44049E-03,1.33906E-04],[1.38458E-03,1.32660E-04],[1.33093E-03,1.32381E-04],[1.26570E-03,1.31111E-04],[1.20088E-03,1.31444E-04],[1.12725E-03,1.30990E-04],[1.05438E-03,1.34282E-04],[9.73120E-04,1.31225E-04],[8.88190E-04,1.31106E-04],[7.99597E-04,1.31558E-04],[7.11896E-04,1.31413E-04],[6.28083E-04,1.34677E-04],[5.68567E-04,1.34617E-04],[5.90896E-04,1.53945E-04]],[[1.57263E-03,1.37781E-04],[1.56325E-03,1.32614E-04],[1.55530E-03,1.32327E-04],[1.53950E-03,1.31518E-04],[1.51112E-03,1.29485E-04],[1.47316E-03,1.31592E-04],[1.43691E-03,1.33971E-04],[1.39582E-03,1.33355E-04],[1.34933E-03,1.31390E-04],[1.29196E-03,1.31947E-04],[1.23426E-03,1.32677E-04],[1.16669E-03,1.33473E-04],[1.09570E-03,1.33159E-04],[1.02355E-03,1.34968E-04],[9.45978E-04,1.31550E-04],[8.61035E-04,1.31163E-04],[7.76191E-04,1.28568E-04],[6.90956E-04,1.31314E-04],[6.08547E-04,1.31912E-04],[5.51089E-04,1.35227E-04],[5.73180E-04,1.58434E-04]],[[1.51535E-03,1.37906E-04],[1.50691E-03,1.34810E-04],[1.50079E-03,1.29396E-04],[1.48007E-03,1.31427E-04],[1.45505E-03,1.31652E-04],[1.42564E-03,1.31158E-04],[1.39339E-03,1.33210E-04],[1.34733E-03,1.30710E-04],[1.30154E-03,1.33481E-04],[1.24948E-03,1.33324E-04],[1.18904E-03,1.32051E-04],[1.12644E-03,1.32255E-04],[1.06008E-03,1.31432E-04],[9.87183E-04,1.32380E-04],[9.10307E-04,1.32249E-04],[8.29232E-04,1.30367E-04],[7.49553E-04,1.30734E-04],[6.64697E-04,1.30306E-04],[5.88337E-04,1.32384E-04],[5.31756E-04,1.36653E-04],[5.50856E-04,1.56423E-04]],[[1.45316E-03,1.36005E-04],[1.44588E-03,1.33702E-04],[1.43745E-03,1.32719E-04],[1.41946E-03,1.30605E-04],[1.39250E-03,1.30801E-04],[1.36676E-03,1.29578E-04],[1.33372E-03,1.28918E-04],[1.29008E-03,1.32361E-04],[1.24541E-03,1.31179E-04],[1.19737E-03,1.30916E-04],[1.13794E-03,1.32137E-04],[1.07774E-03,1.33884E-04],[1.01760E-03,1.30284E-04],[9.48042E-04,1.30991E-04],[8.75796E-04,1.33081E-04],[7.97272E-04,1.33407E-04],[7.19962E-04,1.29859E-04],[6.39387E-04,1.31827E-04],[5.62417E-04,1.32278E-04],[5.09940E-04,1.36110E-04],[5.30593E-04,1.54926E-04]],[[1.38559E-03,1.37389E-04],[1.38243E-03,1.31058E-04],[1.37042E-03,1.33113E-04],[1.35373E-03,1.31065E-04],[1.32907E-03,1.30043E-04],[1.30457E-03,1.31553E-04],[1.27278E-03,1.31851E-04],[1.22700E-03,1.31553E-04],[1.18469E-03,1.32744E-04],[1.14146E-03,1.31941E-04],[1.08930E-03,1.30787E-04],[1.02700E-03,1.31438E-04],[9.67220E-04,1.30778E-04],[9.04013E-04,1.31757E-04],[8.32834E-04,1.30342E-04],[7.62033E-04,1.31392E-04],[6.87073E-04,1.30430E-04],[6.10892E-04,1.32164E-04],[5.36856E-04,1.31735E-04],[4.85290E-04,1.37823E-04],[5.03135E-04,1.52579E-04]],[[1.31625E-03,1.35496E-04],[1.30726E-03,1.29729E-04],[1.30005E-03,1.30754E-04],[1.27962E-03,1.29489E-04],[1.25888E-03,1.30624E-04],[1.23348E-03,1.31152E-04],[1.20222E-03,1.31046E-04],[1.16883E-03,1.33433E-04],[1.13007E-03,1.31302E-04],[1.07986E-03,1.30448E-04],[1.02988E-03,1.34219E-04],[9.76857E-04,1.31577E-04],[9.16677E-04,1.32222E-04],[8.55643E-04,1.31983E-04],[7.90900E-04,1.30613E-04],[7.21086E-04,1.30461E-04],[6.49930E-04,1.32387E-04],[5.77301E-04,1.30533E-04],[5.09700E-04,1.32140E-04],[4.61102E-04,1.35164E-04],[4.77126E-04,1.53948E-04]],[[1.23384E-03,1.36278E-04],[1.23043E-03,1.33433E-04],[1.21746E-03,1.31384E-04],[1.20644E-03,1.30935E-04],[1.18547E-03,1.32014E-04],[1.16105E-03,1.30310E-04],[1.12781E-03,1.32488E-04],[1.09454E-03,1.29975E-04],[1.05890E-03,1.31280E-04],[1.01483E-03,1.31651E-04],[9.69253E-04,1.31242E-04],[9.19579E-04,1.30578E-04],[8.63027E-04,1.32495E-04],[8.04384E-04,1.31092E-04],[7.43286E-04,1.31351E-04],[6.76450E-04,1.31636E-04],[6.08796E-04,1.31842E-04],[5.42141E-04,1.33130E-04],[4.78252E-04,1.34292E-04],[4.32893E-04,1.36386E-04],[4.49338E-04,1.53215E-04]],[[1.15428E-03,1.37108E-04],[1.15015E-03,1.32113E-04],[1.13553E-03,1.31175E-04],[1.12355E-03,1.31505E-04],[1.10365E-03,1.30887E-04],[1.08151E-03,1.30981E-04],[1.05317E-03,1.29971E-04],[1.02102E-03,1.30336E-04],[9.84198E-04,1.33712E-04],[9.45761E-04,1.31010E-04],[9.03970E-04,1.31480E-04],[8.55402E-04,1.32145E-04],[8.05720E-04,1.31387E-04],[7.51158E-04,1.31209E-04],[6.91443E-04,1.30157E-04],[6.29698E-04,1.31705E-04],[5.67681E-04,1.31787E-04],[5.04299E-04,1.30891E-04],[4.45212E-04,1.32590E-04],[4.03951E-04,1.38467E-04],[4.18732E-04,1.56401E-04]],[[1.06051E-03,