{
  "seed":-1305298950,
  "pop":6500,
  "Inactive_Cycles":1200,
  "Active_Cycles":2500,
  "Total_CPU_Time":4.15825E+04,
  "Total_Transport_Time":5.07115E+02,
  "Time_Per_Integration":1.27748E-09,
  "Clock_Time":5.49973E+02,
  "keff":{
    "keff":[1.01567E+00,9.98982E-05]
  },
  "fissionRate":{
    "fissionRate":[[[1.77009E-03,1.58314E-04],[1.76243E-03,1.50155E-04],[1.74663E-03,1.48284E-04],[1.72591E-03,1.46287E-04],[1.69895E-03,1.44848E-04],[1.66264E-03,1.47988E-04],[1.62449E-03,1.49676E-04],[1.57060E-03,1.47391E-04],[1.51457E-03,1.48595E-04],[1.45073E-03,1.45810E-04],[1.38650E-03,1.48590E-04],[1.31195E-03,1.51287E-04],[1.23566E-03,1.47601E-04],[1.15072E-03,1.48264E-04],[1.06202E-03,1.46878E-04],[9.69706E-04,1.44204E-04],[8.73530E-04,1.45180E-04],[7.75503E-04,1.43063E-04],[6.85396E-04,1.44065E-04],[6.18847E-04,1.46820E-04],[6.41552E-04,1.74168E-04]],[[1.75872E-03,1.48789E-04],[1.75379E-03,1.42398E-04],[1.73710E-03,1.41621E-04],[1.71930E-03,1.39708E-04],[1.68590E-03,1.42919E-04],[1.65634E-03,1.44276E-04],[1.61664E-03,1.44609E-04],[1.56198E-03,1.41193E-04],[1.50777E-03,1.42720E-04],[1.44657E-03,1.39505E-04],[1.38097E-03,1.36928E-04],[1.30700E-03,1.38865E-04],[1.23300E-03,1.47064E-04],[1.14772E-03,1.38864E-04],[1.06100E-03,1.39997E-04],[9.70922E-04,1.40113E-04],[8.75381E-04,1.40112E-04],[7.74216E-04,1.38768E-04],[6.83843E-04,1.39907E-04],[6.18223E-04,1.38668E-04],[6.37386E-04,1.63681E-04]],[[1.74637E-03,1.47710E-04],[1.73684E-03,1.41405E-04],[1.72014E-03,1.39965E-04],[1.70137E-03,1.39748E-04],[1.67527E-03,1.43160E-04],[1.64213E-03,1.45393E-04],[1.60299E-03,1.42258E-04],[1.55124E-03,1.38463E-04],[1.49679E-03,1.40132E-04],[1.43699E-03,1.36173E-04],[1.37089E-03,1.37866E-04],[1.30025E-03,1.39704E-04],[1.22049E-03,1.39196E-04],[1.13669E-03,1.35092E-04],[1.05077E-03,1.39058E-04],[9.60264E-04,1.37299E-04],[8.63947E-04,1.36672E-04],[7.69766E-04,1.36687E-04],[6.76533E-04,1.35060E-04],[6.14118E-04,1.39520E-04],[6.32372E-04,1.60799E-04]],[[1.72870E-03,1.45603E-04],[1.71591E-03,1.44077E-04],[1.70301E-03,1.42808E-04],[1.68416E-03,1.39910E-04],[1.65890E-03,1.42662E-04],[1.62064E-03,1.40268E-04],[1.58101E-03,1.39368E-04],[1.53352E-03,1.36520E-04],[1.48006E-03,1.38678E-04],[1.42195E-03,1.33951E-04],[1.35391E-03,1.36929E-04],[1.28427E-03,1.37676E-04],[1.20281E-03,1.39734E-04],[1.12631E-03,1.33901E-04],[1.04018E-03,1.36759E-04],[9.48309E-04,1.34390E-04],[8.52797E-04,1.36050E-04],[7.58514E-04,1.36517E-04],[6.68139E-04,1.35702E-04],[6.05005E-04,1.39512E-04],[6.25480E-04,1.58204E-04]],[[1.69555E-03,1.47692E-04],[1.69124E-03,1.39645E-04],[1.67479E-03,1.38723E-04],[1.65391E-03,1.36551E-04],[1.62867E-03,1.40201E-04],[1.59395E-03,1.40026E-04],[1.55367E-03,1.40052E-04],[1.50782E-03,1.37150E-04],[1.45837E-03,1.35819E-04],[1.39854E-03,1.35998E-04],[1.33392E-03,1.35501E-04],[1.25869E-03,1.38851E-04],[1.18470E-03,1.36031E-04],[1.10587E-03,1.37217E-04],[1.02430E-03,1.39562E-04],[9.31513E-04,1.37875E-04],[8.39385E-04,1.34935E-04],[7.45819E-04,1.35086E-04],[6.57509E-04,1.34584E-04],[5.94910E-04,1.40108E-04],[6.14297E-04,1.57034E-04]],[[1.66056E-03,1.56423E-04],[1.65807E-03,1.39328E-04],[1.64145E-03,1.38827E-04],[1.61580E-03,1.36695E-04],[1.59123E-03,1.37476E-04],[1.56083E-03,1.40820E-04],[1.52393E-03,1.42306E-04],[1.47416E-03,1.38248E-04],[1.42692E-03,1.35278E-04],[1.37054E-03,1.35878E-04],[1.30255E-03,1.38928E-04],[1.23633E-03,1.38591E-04],[1.16266E-03,1.35915E-04],[1.08364E-03,1.36439E-04],[9.99472E-04,1.39142E-04],[9.12937E-04,1.38376E-04],[8.21592E-04,1.37311E-04],[7.30439E-04,1.35444E-04],[6.44885E-04,1.38393E-04],[5.81763E-04,1.39696E-04],[6.00745E-04,1.59369E-04]],[[1.62356E-03,1.48252E-04],[1.61754E-03,1.41716E-04],[1.60277E-03,1.37484E-04],[1.58188E-03,1.37564E-04],[1.55238E-03,1.36268E-04],[1.52224E-03,1.37418E-04],[1.48468E-03,1.39484E-04],[1.43881E-03,1.38647E-04],[1.38998E-03,1.44222E-04],[1.33186E-03,1.34641E-04],[1.27029E-03,1.37918E-04],[1.20604E-03,1.39407E-04],[1.13289E-03,1.37073E-04],[1.05637E-03,1.35120E-04],[9.75420E-04,1.43097E-04],[8.87479E-04,1.36092E-04],[8.00583E-04,1.33729E-04],[7.12963E-04,1.36415E-04],[6.28214E-04,1.37130E-04],[5.66263E-04,1.39176E-04],[5.84361E-04,1.59666E-04]],[[1.57422E-03,1.46271E-04],[1.56092E-03,1.37619E-04],[1.55297E-03,1.38429E-04],[1.53637E-03,1.35634E-04],[1.50580E-03,1.38266E-04],[1.47615E-03,1.37118E-04],[1.43673E-03,1.36351E-04],[1.39901E-03,1.35766E-04],[1.35049E-03,1.35057E-04],[1.29031E-03,1.37177E-04],[1.23321E-03,1.37692E-04],[1.17159E-03,1.37541E-04],[1.09909E-03,1.32690E-04],[1.02531E-03,1.35328E-04],[9.44669E-04,1.34672E-04],[8.62530E-04,1.37145E-04],[7.74845E-04,1.36777E-04],[6.91372E-04,1.35660E-04],[6.11627E-04,1.38162E-04],[5.50315E-04,1.38114E-04],[5.69900E-04,1.61799E-04]],[[1.51389E-03,1.45228E-04],[1.50888E-03,1.35114E-04],[1.49973E-03,1.34211E-04],[1.47949E-03,1.38638E-04],[1.45543E-03,1.35628E-04],[1.42259E-03,1.36934E-04],[1.39046E-03,1.34381E-04],[1.35163E-03,1.35823E-04],[1.29824E-03,1.36627E-04],[1.24799E-03,1.37050E-04],[1.19166E-03,1.36785E-04],[1.12940E-03,1.35781E-04],[1.06086E-03,1.35321E-04],[9.89626E-04,1.36308E-04],[9.15090E-04,1.32946E-04],[8.33981E-04,1.39020E-04],[7.50440E-04,1.37628E-04],[6.66820E-04,1.34946E-04],[5.89261E-04,1.37943E-04],[5.30486E-04,1.40867E-04],[5.50698E-04,1.58748E-04]],[[1.45187E-03,1.48986E-04],[1.45250E-03,1.39640E-04],[1.43204E-03,1.38291E-04],[1.41576E-03,1.36253E-04],[1.39394E-03,1.38621E-04],[1.36728E-03,1.37200E-04],[1.32827E-03,1.34171E-04],[1.29223E-03,1.35226E-04],[1.24787E-03,1.35211E-04],[1.19964E-03,1.36982E-04],[1.14523E-03,1.35992E-04],[1.08150E-03,1.37010E-04],[1.01733E-03,1.37676E-04],[9.50407E-04,1.37803E-04],[8.77769E-04,1.34338E-04],[7.98331E-04,1.36068E-04],[7.21900E-04,1.37002E-04],[6.40859E-04,1.36619E-04],[5.65054E-04,1.37560E-04],[5.09562E-04,1.39528E-04],[5.25981E-04,1.60675E-04]],[[1.38845E-03,1.52666E-04],[1.37949E-03,1.39791E-04],[1.36929E-03,1.35722E-04],[1.35342E-03,1.34274E-04],[1.32771E-03,1.37421E-04],[1.30350E-03,1.33296E-04],[1.26706E-03,1.34053E-04],[1.23229E-03,1.33357E-04],[1.18899E-03,1.37980E-04],[1.14316E-03,1.35368E-04],[1.08870E-03,1.34796E-04],[1.03180E-03,1.36345E-04],[9.69269E-04,1.37666E-04],[9.06260E-04,1.34545E-04],[8.35670E-04,1.34659E-04],[7.62469E-04,1.35014E-04],[6.86568E-04,1.37806E-04],[6.10200E-04,1.39260E-04],[5.38177E-04,1.40332E-04],[4.87828E-04,1.41206E-04],[5.01533E-04,1.60689E-04]],[[1.31188E-03,1.50414E-04],[1.30708E-03,1.38241E-04],[1.29928E-03,1.36780E-04],[1.28234E-03,1.34855E-04],[1.26307E-03,1.35021E-04],[1.23503E-03,1.34624E-04],[1.20178E-03,1.34178E-04],[1.16638E-03,1.33449E-04],[1.12417E-03,1.34718E-04],[1.08142E-03,1.33831E-04],[1.03173E-03,1.36361E-04],[9.79309E-04,1.35652E-04],[9.16448E-04,1.36537E-04],[8.57590E-04,1.34707E-04],[7.91735E-04,1.35641E-04],[7.23348E-04,1.38867E-04],[6.51287E-04,1.39088E-04],[5.79422E-04,1.38931E-04],[5.09133E-04,1.42818E-04],[4.60130E-04,1.43125E-04],[4.76075E-04,1.62232E-04]],[[1.23573E-03,1.50901E-04],[1.22825E-03,1.39326E-04],[1.21927E-03,1.36330E-04],[1.20861E-03,1.33809E-04],[1.18923E-03,1.36533E-04],[1.16040E-03,1.35550E-04],[1.13337E-03,1.33269E-04],[1.09774E-03,1.33328E-04],[1.05875E-03,1.38836E-04],[1.01087E-03,1.37330E-04],[9.67305E-04,1.33480E-04],[9.15289E-04,1.35989E-04],[8.61472E-04,1.36983E-04],[8.08619E-04,1.36577E-04],[7.45409E-04,1.36645E-04],[6.81250E-04,1.39202E-04],[6.11212E-04,1.39214E-04],[5.44831E-04,1.40083E-04],[4.80767E-04,1.42037E-04],[4.33329E-04,1.42105E-04],[4.49340E-04,1.64125E-04]],[[1.15127E-03,1.44589E-04],[1.14562E-03,1.38550E-04],[1.13552E-03,1.38372E-04],[1.12263E-03,1.33250E-04],[1.10461E-03,1.34311E-04],[1.08266E-03,1.32114E-04],[1.05405E-03,1.31502E-04],[1.02318E-03,1.34301E-04],[9.87905E-04,1.32958E-04],[9.47949E-04,1.33645E-04],[9.01221E-04,1.37143E-04],[8.56142E-04,1.35834E-04],[8.04780E-04,1.37296E-04],[7.50844E-04,1.38544E-04],[6.91795E-04,1.37823E-04],[6.34564E-04,1.35827E-04],[5.70759E-04,1.41722E-04],[5.06176E-04,1.38599E-04],[4.47295E-04,1.37888E-04],[4.05321E-04,1.38104E-04],[4.20231E-04,1.59424E-04]],[[1.06218E-03,