{
  "seed":788776775,
  "pop":6500,
  "Inactive_Cycles":1200,
  "Active_Cycles":2500,
  "Total_CPU_Time":4.23305E+04,
  "Total_Transport_Time":5.17903E+02,
  "Time_Per_Integration":1.30478E-09,
  "Clock_Time":5.60005E+02,
  "keff":{
    "keff":[1.01594E+00,9.71484E-05]
  },
  "fissionRate":{
    "fissionRate":[[[1.76656E-03,1.68209E-04],[1.75893E-03,1.49272E-04],[1.74871E-03,1.44922E-04],[1.72285E-03,1.40922E-04],[1.69756E-03,1.40109E-04],[1.65799E-03,1.44181E-04],[1.62084E-03,1.45107E-04],[1.57105E-03,1.44936E-04],[1.51245E-03,1.42567E-04],[1.45582E-03,1.45707E-04],[1.38669E-03,1.45761E-04],[1.31554E-03,1.45008E-04],[1.23346E-03,1.41339E-04],[1.15037E-03,1.41450E-04],[1.06238E-03,1.46077E-04],[9.67432E-04,1.43780E-04],[8.72836E-04,1.45811E-04],[7.75060E-04,1.48874E-04],[6.86847E-04,1.44629E-04],[6.18610E-04,1.51079E-04],[6.38564E-04,1.74688E-04]],[[1.75706E-03,1.55252E-04],[1.75435E-03,1.42354E-04],[1.74094E-03,1.37882E-04],[1.72121E-03,1.36837E-04],[1.68250E-03,1.36206E-04],[1.65182E-03,1.36466E-04],[1.61227E-03,1.38145E-04],[1.56347E-03,1.34830E-04],[1.51108E-03,1.37593E-04],[1.44719E-03,1.37265E-04],[1.37814E-03,1.34616E-04],[1.30519E-03,1.35355E-04],[1.23111E-03,1.37683E-04],[1.14375E-03,1.36325E-04],[1.05817E-03,1.37836E-04],[9.65372E-04,1.35146E-04],[8.68562E-04,1.37977E-04],[7.70060E-04,1.40725E-04],[6.81258E-04,1.42456E-04],[6.14283E-04,1.44495E-04],[6.33793E-04,1.67458E-04]],[[1.74544E-03,1.52259E-04],[1.73494E-03,1.40245E-04],[1.72303E-03,1.40446E-04],[1.70540E-03,1.36876E-04],[1.67010E-03,1.35323E-04],[1.63941E-03,1.35870E-04],[1.60004E-03,1.39107E-04],[1.55702E-03,1.33662E-04],[1.49781E-03,1.35674E-04],[1.43916E-03,1.35095E-04],[1.37011E-03,1.34905E-04],[1.29521E-03,1.37027E-04],[1.21745E-03,1.34148E-04],[1.13499E-03,1.33450E-04],[1.04892E-03,1.34312E-04],[9.58210E-04,1.33505E-04],[8.61739E-04,1.34277E-04],[7.66387E-04,1.36629E-04],[6.76151E-04,1.37655E-04],[6.09849E-04,1.42860E-04],[6.29379E-04,1.62230E-04]],[[1.71860E-03,1.48661E-04],[1.71490E-03,1.39428E-04],[1.69896E-03,1.40017E-04],[1.68030E-03,1.36467E-04],[1.65097E-03,1.33652E-04],[1.61930E-03,1.36509E-04],[1.58044E-03,1.35054E-04],[1.53549E-03,1.34231E-04],[1.47748E-03,1.34471E-04],[1.41783E-03,1.32916E-04],[1.35638E-03,1.36248E-04],[1.28229E-03,1.35098E-04],[1.20243E-03,1.33980E-04],[1.12230E-03,1.31841E-04],[1.03663E-03,1.33968E-04],[9.45274E-04,1.35282E-04],[8.51266E-04,1.34790E-04],[7.57310E-04,1.34765E-04],[6.66707E-04,1.37142E-04],[6.02765E-04,1.38917E-04],[6.22831E-04,1.59715E-04]],[[1.69739E-03,1.46952E-04],[1.68129E-03,1.38929E-04],[1.66900E-03,1.36289E-04],[1.65207E-03,1.36371E-04],[1.62303E-03,1.34449E-04],[1.59265E-03,1.33833E-04],[1.55417E-03,1.32113E-04],[1.50894E-03,1.35448E-04],[1.45372E-03,1.34289E-04],[1.39635E-03,1.32281E-04],[1.33129E-03,1.34781E-04],[1.26095E-03,1.32787E-04],[1.18486E-03,1.32530E-04],[1.10139E-03,1.35266E-04],[1.01901E-03,1.32092E-04],[9.30510E-04,1.35885E-04],[8.36844E-04,1.33100E-04],[7.44622E-04,1.35281E-04],[6.58728E-04,1.32687E-04],[5.93069E-04,1.37621E-04],[6.13681E-04,1.59022E-04]],[[1.65643E-03,1.46132E-04],[1.64837E-03,1.38863E-04],[1.63487E-03,1.36845E-04],[1.61370E-03,1.36756E-04],[1.59233E-03,1.37659E-04],[1.55911E-03,1.34835E-04],[1.51573E-03,1.33411E-04],[1.47511E-03,1.33841E-04],[1.42013E-03,1.34376E-04],[1.36652E-03,1.35102E-04],[1.30139E-03,1.36052E-04],[1.23601E-03,1.32996E-04],[1.16104E-03,1.30740E-04],[1.08168E-03,1.35710E-04],[9.98656E-04,1.35317E-04],[9.08317E-04,1.35079E-04],[8.20861E-04,1.34634E-04],[7.28773E-04,1.35956E-04],[6.43993E-04,1.33260E-04],[5.80761E-04,1.38028E-04],[6.01189E-04,1.57088E-04]],[[1.61693E-03,1.44994E-04],[1.61244E-03,1.41184E-04],[1.59549E-03,1.37110E-04],[1.57723E-03,1.35548E-04],[1.55652E-03,1.35631E-04],[1.52018E-03,1.32870E-04],[1.48193E-03,1.34224E-04],[1.43728E-03,1.34443E-04],[1.38696E-03,1.35269E-04],[1.33433E-03,1.35609E-04],[1.26925E-03,1.35438E-04],[1.20423E-03,1.33988E-04],[1.13224E-03,1.34303E-04],[1.05437E-03,1.33341E-04],[9.71282E-04,1.32622E-04],[8.89501E-04,1.35670E-04],[8.00344E-04,1.36567E-04],[7.10626E-04,1.36556E-04],[6.26851E-04,1.34848E-04],[5.65370E-04,1.37738E-04],[5.82789E-04,1.60595E-04]],[[1.57136E-03,1.45303E-04],[1.55996E-03,1.40613E-04],[1.54843E-03,1.38087E-04],[1.53427E-03,1.34199E-04],[1.50811E-03,1.34348E-04],[1.47329E-03,1.35179E-04],[1.43489E-03,1.35477E-04],[1.38965E-03,1.33225E-04],[1.34769E-03,1.34940E-04],[1.29000E-03,1.32632E-04],[1.23222E-03,1.32471E-04],[1.16537E-03,1.34010E-04],[1.09864E-03,1.34096E-04],[1.02522E-03,1.32853E-04],[9.44553E-04,1.34785E-04],[8.59722E-04,1.35258E-04],[7.76803E-04,1.33981E-04],[6.89946E-04,1.36319E-04],[6.08905E-04,1.36100E-04],[5.48741E-04,1.40832E-04],[5.64848E-04,1.59460E-04]],[[1.51109E-03,1.44491E-04],[1.50434E-03,1.37854E-04],[1.50027E-03,1.35940E-04],[1.47771E-03,1.33658E-04],[1.45456E-03,1.33408E-04],[1.42247E-03,1.33239E-04],[1.38937E-03,1.32573E-04],[1.34655E-03,1.36714E-04],[1.29773E-03,1.34047E-04],[1.24639E-03,1.35244E-04],[1.18631E-03,1.33491E-04],[1.12877E-03,1.35217E-04],[1.05943E-03,1.33435E-04],[9.85510E-04,1.33810E-04],[9.11185E-04,1.33670E-04],[8.32332E-04,1.35306E-04],[7.49149E-04,1.34963E-04],[6.64491E-04,1.33811E-04],[5.86823E-04,1.33564E-04],[5.29226E-04,1.38297E-04],[5.48173E-04,1.59313E-04]],[[1.45128E-03,1.43852E-04],[1.44777E-03,1.36998E-04],[1.43426E-03,1.35616E-04],[1.41790E-03,1.32794E-04],[1.39223E-03,1.34304E-04],[1.36262E-03,1.35350E-04],[1.33271E-03,1.36314E-04],[1.29023E-03,1.33341E-04],[1.24449E-03,1.35229E-04],[1.19635E-03,1.32471E-04],[1.14057E-03,1.36073E-04],[1.07942E-03,1.31689E-04],[1.02053E-03,1.33519E-04],[9.49426E-04,1.31002E-04],[8.72815E-04,1.35505E-04],[8.00909E-04,1.35566E-04],[7.19168E-04,1.36141E-04],[6.39702E-04,1.32384E-04],[5.62767E-04,1.35141E-04],[5.07600E-04,1.37532E-04],[5.26039E-04,1.57511E-04]],[[1.38667E-03,1.43709E-04],[1.38442E-03,1.34873E-04],[1.36820E-03,1.36222E-04],[1.34887E-03,1.36958E-04],[1.32677E-03,1.36023E-04],[1.30463E-03,1.34215E-04],[1.26895E-03,1.35418E-04],[1.23469E-03,1.35573E-04],[1.18920E-03,1.35613E-04],[1.14047E-03,1.34923E-04],[1.08826E-03,1.33795E-04],[1.03217E-03,1.33131E-04],[9.70381E-04,1.34616E-04],[9.02641E-04,1.31323E-04],[8.35107E-04,1.34132E-04],[7.61284E-04,1.35362E-04],[6.87019E-04,1.34801E-04],[6.10599E-04,1.35000E-04],[5.38262E-04,1.36887E-04],[4.85968E-04,1.37242E-04],[5.01089E-04,1.58726E-04]],[[1.31203E-03,1.43357E-04],[1.30407E-03,1.38017E-04],[1.29925E-03,1.33270E-04],[1.27932E-03,1.35971E-04],[1.26045E-03,1.35449E-04],[1.23068E-03,1.38100E-04],[1.20267E-03,1.37431E-04],[1.16819E-03,1.36162E-04],[1.12881E-03,1.34234E-04],[1.08037E-03,1.31620E-04],[1.03173E-03,1.32707E-04],[9.78062E-04,1.32087E-04],[9.17199E-04,1.31775E-04],[8.58175E-04,1.33693E-04],[7.91589E-04,1.34782E-04],[7.22815E-04,1.35115E-04],[6.50330E-04,1.34718E-04],[5.77962E-04,1.36457E-04],[5.10353E-04,1.35041E-04],[4.61208E-04,1.38082E-04],[4.77105E-04,1.62454E-04]],[[1.23333E-03,1.45864E-04],[1.22843E-03,1.40174E-04],[1.21895E-03,1.37794E-04],[1.20683E-03,1.36051E-04],[1.18279E-03,1.34900E-04],[1.15854E-03,1.36853E-04],[1.12931E-03,1.36990E-04],[1.09431E-03,1.34524E-04],[1.05927E-03,1.34190E-04],[1.01663E-03,1.35983E-04],[9.68518E-04,1.32855E-04],[9.20309E-04,1.35268E-04],[8.66070E-04,1.36360E-04],[8.08814E-04,1.33956E-04],[7.43453E-04,1.34396E-04],[6.78991E-04,1.34154E-04],[6.11231E-04,1.36419E-04],[5.45697E-04,1.34552E-04],[4.80098E-04,1.35910E-04],[4.34093E-04,1.40649E-04],[4.51125E-04,1.61710E-04]],[[1.14785E-03,1.42777E-04],[1.14495E-03,1.39426E-04],[1.13695E-03,1.34349E-04],[1.12401E-03,1.36228E-04],[1.10308E-03,1.34650E-04],[1.08323E-03,1.35364E-04],[1.05346E-03,1.35385E-04],[1.02346E-03,1.35279E-04],[9.88246E-04,1.35694E-04],[9.47645E-04,1.34416E-04],[9.03815E-04,1.33303E-04],[8.54737E-04,1.33089E-04],[8.05498E-04,1.32708E-04],[7.52188E-04,1.34545E-04],[6.94266E-04,1.35343E-04],[6.33529E-04,1.36474E-04],[5.70458E-04,1.33633E-04],[5.08181E-04,1.34388E-04],[4.46626E-04,1.38508E-04],[4.05018E-04,1.38259E-04],[4.20212E-04,1.61265E-04]],[[1.06370E-03,