{
  "seed":1208237363,
  "pop":6500,
  "Inactive_Cycles":1200,
  "Active_Cycles":2500,
  "Total_CPU_Time":2.35017E+04,
  "Total_Transport_Time":2.83737E+02,
  "Time_Per_Integration":7.14708E-10,
  "Clock_Time":3.10833E+02,
  "keff":{
    "keff":[1.01575E+00,9.74121E-05]
  },
  "fissionRate":{
    "fissionRate":[[[1.77392E-03,1.62508E-04],[1.76271E-03,1.52458E-04],[1.74963E-03,1.44121E-04],[1.72216E-03,1.48479E-04],[1.69549E-03,1.45317E-04],[1.65957E-03,1.41271E-04],[1.61944E-03,1.45285E-04],[1.56962E-03,1.43148E-04],[1.51686E-03,1.41195E-04],[1.45638E-03,1.39447E-04],[1.38642E-03,1.46343E-04],[1.31153E-03,1.45757E-04],[1.23769E-03,1.42985E-04],[1.15076E-03,1.45647E-04],[1.06547E-03,1.46358E-04],[9.71519E-04,1.47126E-04],[8.75967E-04,1.46044E-04],[7.76920E-04,1.49930E-04],[6.86932E-04,1.46395E-04],[6.18175E-04,1.47949E-04],[6.38403E-04,1.77409E-04]],[[1.76529E-03,1.51502E-04],[1.75777E-03,1.42332E-04],[1.74122E-03,1.41339E-04],[1.71118E-03,1.37684E-04],[1.68643E-03,1.37152E-04],[1.66103E-03,1.38240E-04],[1.61157E-03,1.35672E-04],[1.56772E-03,1.36723E-04],[1.50967E-03,1.38590E-04],[1.44763E-03,1.41526E-04],[1.38462E-03,1.40468E-04],[1.31052E-03,1.40427E-04],[1.23394E-03,1.38082E-04],[1.15037E-03,1.38525E-04],[1.06081E-03,1.38497E-04],[9.65772E-04,1.37173E-04],[8.69676E-04,1.42406E-04],[7.74033E-04,1.39512E-04],[6.80774E-04,1.39364E-04],[6.18280E-04,1.42165E-04],[6.35223E-04,1.61698E-04]],[[1.74784E-03,1.50299E-04],[1.74182E-03,1.38354E-04],[1.72831E-03,1.36391E-04],[1.70596E-03,1.36919E-04],[1.67546E-03,1.36172E-04],[1.64330E-03,1.38625E-04],[1.59770E-03,1.35570E-04],[1.55236E-03,1.35926E-04],[1.49437E-03,1.36542E-04],[1.43461E-03,1.39357E-04],[1.37498E-03,1.38855E-04],[1.29620E-03,1.36714E-04],[1.22119E-03,1.36675E-04],[1.13643E-03,1.35098E-04],[1.04860E-03,1.35069E-04],[9.56322E-04,1.35090E-04],[8.60513E-04,1.37907E-04],[7.67314E-04,1.39802E-04],[6.76138E-04,1.39570E-04],[6.10007E-04,1.43060E-04],[6.32673E-04,1.66802E-04]],[[1.72532E-03,1.46562E-04],[1.72206E-03,1.41176E-04],[1.70785E-03,1.38125E-04],[1.68224E-03,1.34925E-04],[1.65986E-03,1.39297E-04],[1.62180E-03,1.36246E-04],[1.57853E-03,1.37295E-04],[1.52996E-03,1.37394E-04],[1.47623E-03,1.33295E-04],[1.41912E-03,1.38313E-04],[1.35490E-03,1.36177E-04],[1.28398E-03,1.37379E-04],[1.20659E-03,1.34677E-04],[1.12522E-03,1.36074E-04],[1.03650E-03,1.35921E-04],[9.45188E-04,1.35571E-04],[8.50868E-04,1.37101E-04],[7.57813E-04,1.40092E-04],[6.67556E-04,1.37953E-04],[6.04792E-04,1.39943E-04],[6.24033E-04,1.63379E-04]],[[1.70203E-03,1.50004E-04],[1.69525E-03,1.41676E-04],[1.67837E-03,1.40340E-04],[1.65591E-03,1.38248E-04],[1.63295E-03,1.34749E-04],[1.59195E-03,1.36240E-04],[1.55821E-03,1.35523E-04],[1.50833E-03,1.33044E-04],[1.45214E-03,1.33910E-04],[1.39521E-03,1.35092E-04],[1.33097E-03,1.37798E-04],[1.26005E-03,1.41663E-04],[1.18667E-03,1.36817E-04],[1.10560E-03,1.34984E-04],[1.02016E-03,1.36436E-04],[9.29598E-04,1.35154E-04],[8.36811E-04,1.38080E-04],[7.46565E-04,1.37228E-04],[6.57162E-04,1.38602E-04],[5.94115E-04,1.42475E-04],[6.14715E-04,1.64323E-04]],[[1.65840E-03,1.48178E-04],[1.65475E-03,1.39862E-04],[1.63736E-03,1.39754E-04],[1.62173E-03,1.39820E-04],[1.59578E-03,1.37166E-04],[1.55627E-03,1.34537E-04],[1.52245E-03,1.34562E-04],[1.47759E-03,1.35084E-04],[1.42084E-03,1.32946E-04],[1.36547E-03,1.35524E-04],[1.30493E-03,1.37567E-04],[1.23662E-03,1.37036E-04],[1.16269E-03,1.35482E-04],[1.08256E-03,1.35065E-04],[1.00088E-03,1.35793E-04],[9.11229E-04,1.36028E-04],[8.18899E-04,1.36151E-04],[7.28268E-04,1.37018E-04],[6.43684E-04,1.36818E-04],[5.82342E-04,1.42670E-04],[6.02200E-04,1.61308E-04]],[[1.61977E-03,1.46688E-04],[1.60901E-03,1.40572E-04],[1.59765E-03,1.43050E-04],[1.57895E-03,1.36775E-04],[1.55150E-03,1.35111E-04],[1.52093E-03,1.35586E-04],[1.48088E-03,1.34241E-04],[1.44151E-03,1.35396E-04],[1.38738E-03,1.34353E-04],[1.33563E-03,1.32998E-04],[1.27226E-03,1.35002E-04],[1.20649E-03,1.35929E-04],[1.12911E-03,1.35274E-04],[1.05471E-03,1.35028E-04],[9.71996E-04,1.34473E-04],[8.87661E-04,1.36588E-04],[7.99230E-04,1.34107E-04],[7.09828E-04,1.36821E-04],[6.28410E-04,1.39163E-04],[5.68282E-04,1.40645E-04],[5.87839E-04,1.65149E-04]],[[1.57263E-03,1.49347E-04],[1.56812E-03,1.42187E-04],[1.55405E-03,1.41912E-04],[1.53180E-03,1.37418E-04],[1.51032E-03,1.36071E-04],[1.47757E-03,1.37314E-04],[1.43889E-03,1.38943E-04],[1.39830E-03,1.36729E-04],[1.34652E-03,1.35635E-04],[1.29055E-03,1.35919E-04],[1.23292E-03,1.34859E-04],[1.16785E-03,1.33031E-04],[1.09881E-03,1.35011E-04],[1.02143E-03,1.33139E-04],[9.44506E-04,1.34347E-04],[8.61008E-04,1.36443E-04],[7.78228E-04,1.34385E-04],[6.90701E-04,1.34879E-04],[6.07498E-04,1.37792E-04],[5.50713E-04,1.39813E-04],[5.69679E-04,1.62924E-04]],[[1.51546E-03,1.56118E-04],[1.50679E-03,1.42615E-04],[1.49539E-03,1.37562E-04],[1.47971E-03,1.34583E-04],[1.45775E-03,1.34921E-04],[1.42600E-03,1.36297E-04],[1.38738E-03,1.34706E-04],[1.34972E-03,1.36662E-04],[1.30035E-03,1.36562E-04],[1.24433E-03,1.35918E-04],[1.19124E-03,1.37705E-04],[1.12871E-03,1.32912E-04],[1.05688E-03,1.34079E-04],[9.88761E-04,1.33627E-04],[9.12717E-04,1.32435E-04],[8.30387E-04,1.34939E-04],[7.48208E-04,1.34038E-04],[6.65862E-04,1.34006E-04],[5.88372E-04,1.34147E-04],[5.30807E-04,1.38392E-04],[5.51245E-04,1.66036E-04]],[[1.45141E-03,1.49966E-04],[1.44486E-03,1.42322E-04],[1.43359E-03,1.41125E-04],[1.42012E-03,1.33441E-04],[1.39429E-03,1.35338E-04],[1.36655E-03,1.36059E-04],[1.33448E-03,1.35684E-04],[1.29643E-03,1.35398E-04],[1.25012E-03,1.34506E-04],[1.19667E-03,1.35014E-04],[1.14112E-03,1.33730E-04],[1.07838E-03,1.34690E-04],[1.01597E-03,1.35613E-04],[9.47117E-04,1.35400E-04],[8.75647E-04,1.35788E-04],[7.98117E-04,1.34494E-04],[7.20875E-04,1.38067E-04],[6.38511E-04,1.35715E-04],[5.63018E-04,1.37089E-04],[5.09335E-04,1.39628E-04],[5.26719E-04,1.60603E-04]],[[1.38979E-03,1.46851E-04],[1.38054E-03,1.38486E-04],[1.36981E-03,1.38039E-04],[1.35157E-03,1.34873E-04],[1.32966E-03,1.36390E-04],[1.30400E-03,1.37106E-04],[1.27040E-03,1.33642E-04],[1.23603E-03,1.34631E-04],[1.18913E-03,1.32557E-04],[1.14161E-03,1.31094E-04],[1.08738E-03,1.33849E-04],[1.03056E-03,1.33833E-04],[9.69126E-04,1.34778E-04],[9.01791E-04,1.35267E-04],[8.36964E-04,1.37218E-04],[7.62008E-04,1.35521E-04],[6.84255E-04,1.34154E-04],[6.10268E-04,1.37373E-04],[5.36993E-04,1.38105E-04],[4.86189E-04,1.40477E-04],[5.02962E-04,1.62309E-04]],[[1.31652E-03,1.47513E-04],[1.30925E-03,1.37646E-04],[1.29788E-03,1.36526E-04],[1.28030E-03,1.34549E-04],[1.25855E-03,1.33638E-04],[1.23546E-03,1.36950E-04],[1.20615E-03,1.33964E-04],[1.16727E-03,1.36923E-04],[1.12693E-03,1.31623E-04],[1.08089E-03,1.33550E-04],[1.02860E-03,1.32800E-04],[9.74001E-04,1.34354E-04],[9.16823E-04,1.36440E-04],[8.54016E-04,1.34022E-04],[7.89902E-04,1.34238E-04],[7.18977E-04,1.37627E-04],[6.49908E-04,1.35733E-04],[5.77785E-04,1.39148E-04],[5.09287E-04,1.35925E-04],[4.60831E-04,1.38885E-04],[4.76661E-04,1.57530E-04]],[[1.23631E-03,1.48101E-04],[1.23317E-03,1.37365E-04],[1.22074E-03,1.38064E-04],[1.20488E-03,1.36009E-04],[1.18594E-03,1.35758E-04],[1.16014E-03,1.36695E-04],[1.13099E-03,1.35876E-04],[1.09735E-03,1.35607E-04],[1.06247E-03,1.32773E-04],[1.01733E-03,1.33006E-04],[9.68413E-04,1.31317E-04],[9.19055E-04,1.32610E-04],[8.61951E-04,1.34503E-04],[8.03528E-04,1.33808E-04],[7.43917E-04,1.34206E-04],[6.77935E-04,1.34454E-04],[6.11873E-04,1.34993E-04],[5.42212E-04,1.35250E-04],[4.78953E-04,1.36205E-04],[4.33066E-04,1.36693E-04],[4.48736E-04,1.59796E-04]],[[1.15002E-03,1.45746E-04],[1.14599E-03,1.40122E-04],[1.14076E-03,1.36097E-04],[1.12474E-03,1.36000E-04],[1.10516E-03,1.36625E-04],[1.08023E-03,1.34749E-04],[1.05304E-03,1.34553E-04],[1.02168E-03,1.33690E-04],[9.88376E-04,1.33948E-04],[9.46975E-04,1.33596E-04],[9.00996E-04,1.34259E-04],[8.53987E-04,1.32415E-04],[8.04429E-04,1.35934E-04],[7.49219E-04,1.33273E-04],[6.92301E-04,1.35179E-04],[6.32298E-04,1.33656E-04],[5.68554E-04,1.33667E-04],[5.05319E-04,1.33510E-04],[4.47625E-04,1.35256E-04],[4.03887E-04,1.38714E-04],[4.17218E-04,1.59987E-04]],[[1.06199E-03,