{
  "seed":630384636,
  "pop":10000,
  "Inactive_Cycles":1200,
  "Active_Cycles":2500,
  "Total_CPU_Time":1.63332E+05,
  "Total_Transport_Time":7.51309E+03,
  "Time_Per_Integration":1.22293E-08,
  "Clock_Time":8.71856E+03,
  "keff":{
    "keff":[1.01609E+00,8.05450E-05]
  },
  "fissionRate":{
    "fissionRate":[[[1.76974E-03,1.18808E-04],[1.76353E-03,1.10900E-04],[1.74847E-03,1.11463E-04],[1.72134E-03,1.12363E-04],[1.69282E-03,1.14090E-04],[1.66098E-03,1.13478E-04],[1.61963E-03,1.13120E-04],[1.57079E-03,1.12797E-04],[1.51507E-03,1.12056E-04],[1.45312E-03,1.13398E-04],[1.38973E-03,1.13332E-04],[1.31545E-03,1.11142E-04],[1.23541E-03,1.12379E-04],[1.15282E-03,1.09000E-04],[1.06384E-03,1.10018E-04],[9.69052E-04,1.10759E-04],[8.68939E-04,1.12080E-04],[7.77426E-04,1.12162E-04],[6.85110E-04,1.12921E-04],[6.18440E-04,1.14926E-04],[6.39470E-04,1.37769E-04]],[[1.76674E-03,1.11370E-04],[1.75620E-03,1.08526E-04],[1.74031E-03,1.08488E-04],[1.71720E-03,1.07521E-04],[1.69068E-03,1.08683E-04],[1.65411E-03,1.07963E-04],[1.61376E-03,1.08937E-04],[1.56880E-03,1.07886E-04],[1.51105E-03,1.08721E-04],[1.44709E-03,1.08963E-04],[1.38198E-03,1.08031E-04],[1.31015E-03,1.08952E-04],[1.23144E-03,1.07359E-04],[1.14794E-03,1.07584E-04],[1.05725E-03,1.06811E-04],[9.66047E-04,1.07225E-04],[8.69175E-04,1.08386E-04],[7.72032E-04,1.09131E-04],[6.81297E-04,1.09025E-04],[6.15447E-04,1.11171E-04],[6.38721E-04,1.25940E-04]],[[1.74861E-03,1.12479E-04],[1.74084E-03,1.08143E-04],[1.72448E-03,1.07097E-04],[1.70462E-03,1.07153E-04],[1.67238E-03,1.06323E-04],[1.64474E-03,1.07486E-04],[1.59508E-03,1.06314E-04],[1.55211E-03,1.06352E-04],[1.50071E-03,1.06874E-04],[1.43510E-03,1.05643E-04],[1.37050E-03,1.08144E-04],[1.30085E-03,1.05972E-04],[1.22065E-03,1.06879E-04],[1.14059E-03,1.06462E-04],[1.04979E-03,1.08677E-04],[9.59801E-04,1.07211E-04],[8.63419E-04,1.09167E-04],[7.65223E-04,1.07412E-04],[6.75778E-04,1.08687E-04],[6.11126E-04,1.09534E-04],[6.33296E-04,1.25313E-04]],[[1.72611E-03,1.10006E-04],[1.72219E-03,1.08234E-04],[1.70128E-03,1.08110E-04],[1.68762E-03,1.07065E-04],[1.65620E-03,1.05481E-04],[1.61845E-03,1.07002E-04],[1.57976E-03,1.06373E-04],[1.53017E-03,1.06121E-04],[1.48103E-03,1.06670E-04],[1.42054E-03,1.06605E-04],[1.35505E-03,1.04162E-04],[1.28315E-03,1.05166E-04],[1.20951E-03,1.06781E-04],[1.12492E-03,1.06745E-04],[1.03755E-03,1.08149E-04],[9.46542E-04,1.06424E-04],[8.49402E-04,1.09020E-04],[7.56523E-04,1.05876E-04],[6.67243E-04,1.05669E-04],[6.02953E-04,1.10524E-04],[6.24054E-04,1.25794E-04]],[[1.69638E-03,1.09828E-04],[1.69177E-03,1.04790E-04],[1.67662E-03,1.04756E-04],[1.65638E-03,1.05128E-04],[1.62894E-03,1.05919E-04],[1.59443E-03,1.05239E-04],[1.55623E-03,1.05439E-04],[1.51122E-03,1.05684E-04],[1.45444E-03,1.04989E-04],[1.39573E-03,1.04980E-04],[1.33206E-03,1.05012E-04],[1.26369E-03,1.04802E-04],[1.18505E-03,1.05558E-04],[1.10768E-03,1.05967E-04],[1.01867E-03,1.07382E-04],[9.30239E-04,1.06246E-04],[8.37331E-04,1.06814E-04],[7.43805E-04,1.06264E-04],[6.56261E-04,1.07196E-04],[5.93570E-04,1.08073E-04],[6.13267E-04,1.26978E-04]],[[1.66289E-03,1.08552E-04],[1.65494E-03,1.06718E-04],[1.64406E-03,1.04256E-04],[1.62588E-03,1.05371E-04],[1.59404E-03,1.04551E-04],[1.56068E-03,1.04445E-04],[1.51873E-03,1.04857E-04],[1.47801E-03,1.04498E-04],[1.42542E-03,1.04063E-04],[1.36570E-03,1.03082E-04],[1.30503E-03,1.04050E-04],[1.23848E-03,1.05117E-04],[1.16092E-03,1.05391E-04],[1.08327E-03,1.06461E-04],[9.98259E-04,1.05465E-04],[9.12456E-04,1.07034E-04],[8.21926E-04,1.06504E-04],[7.28623E-04,1.06077E-04],[6.41561E-04,1.05292E-04],[5.80656E-04,1.07172E-04],[5.99723E-04,1.24812E-04]],[[1.61961E-03,1.09268E-04],[1.61742E-03,1.06699E-04],[1.60325E-03,1.03746E-04],[1.58097E-03,1.02626E-04],[1.55493E-03,1.02465E-04],[1.52558E-03,1.05581E-04],[1.48423E-03,1.05102E-04],[1.43732E-03,1.02184E-04],[1.38869E-03,1.02311E-04],[1.33265E-03,1.05007E-04],[1.27252E-03,1.04518E-04],[1.20758E-03,1.04619E-04],[1.13416E-03,1.03541E-04],[1.05237E-03,1.08374E-04],[9.74586E-04,1.05010E-04],[8.87286E-04,1.05071E-04],[7.98986E-04,1.05783E-04],[7.10703E-04,1.05266E-04],[6.26816E-04,1.07321E-04],[5.66513E-04,1.07513E-04],[5.86263E-04,1.22940E-04]],[[1.57050E-03,1.09036E-04],[1.56586E-03,1.04597E-04],[1.55306E-03,1.04234E-04],[1.53522E-03,1.03046E-04],[1.50979E-03,1.04984E-04],[1.47595E-03,1.04272E-04],[1.43745E-03,1.04002E-04],[1.39339E-03,1.04378E-04],[1.34671E-03,1.06630E-04],[1.29529E-03,1.05575E-04],[1.23536E-03,1.03762E-04],[1.16908E-03,1.04114E-04],[1.09710E-03,1.04165E-04],[1.02348E-03,1.03516E-04],[9.43312E-04,1.05131E-04],[8.60073E-04,1.05797E-04],[7.75725E-04,1.06282E-04],[6.89089E-04,1.05674E-04],[6.07911E-04,1.07192E-04],[5.49275E-04,1.07861E-04],[5.69647E-04,1.24408E-04]],[[1.51901E-03,1.07913E-04],[1.50979E-03,1.05208E-04],[1.49891E-03,1.05913E-04],[1.48062E-03,1.02829E-04],[1.45409E-03,1.03275E-04],[1.42557E-03,1.04387E-04],[1.38775E-03,1.04841E-04],[1.34446E-03,1.04722E-04],[1.29911E-03,1.04222E-04],[1.24660E-03,1.04858E-04],[1.19035E-03,1.05460E-04],[1.13055E-03,1.04827E-04],[1.05954E-03,1.04649E-04],[9.85355E-04,1.04977E-04],[9.09088E-04,1.05822E-04],[8.28918E-04,1.05882E-04],[7.47070E-04,1.05362E-04],[6.63529E-04,1.04632E-04],[5.86818E-04,1.05606E-04],[5.30315E-04,1.08187E-04],[5.49719E-04,1.23596E-04]],[[1.45531E-03,1.10016E-04],[1.45017E-03,1.04990E-04],[1.43642E-03,1.03541E-04],[1.41882E-03,1.03226E-04],[1.39648E-03,1.04195E-04],[1.36614E-03,1.04500E-04],[1.33108E-03,1.03602E-04],[1.29034E-03,1.05176E-04],[1.25013E-03,1.04459E-04],[1.19737E-03,1.03472E-04],[1.14328E-03,1.05595E-04],[1.08197E-03,1.04687E-04],[1.01472E-03,1.04902E-04],[9.47205E-04,1.06191E-04],[8.76843E-04,1.05970E-04],[7.97006E-04,1.05582E-04],[7.18284E-04,1.04697E-04],[6.38857E-04,1.05587E-04],[5.61926E-04,1.05096E-04],[5.09340E-04,1.08811E-04],[5.27123E-04,1.25417E-04]],[[1.38694E-03,1.09863E-04],[1.38118E-03,1.05639E-04],[1.36988E-03,1.02510E-04],[1.35448E-03,1.05455E-04],[1.33369E-03,1.03210E-04],[1.30430E-03,1.03681E-04],[1.27039E-03,1.04018E-04],[1.23460E-03,1.03305E-04],[1.18998E-03,1.03453E-04],[1.14398E-03,1.05052E-04],[1.08870E-03,1.05405E-04],[1.02799E-03,1.03438E-04],[9.69838E-04,1.05710E-04],[9.02577E-04,1.04272E-04],[8.33195E-04,1.05844E-04],[7.60963E-04,1.06077E-04],[6.84779E-04,1.06603E-04],[6.08602E-04,1.05601E-04],[5.37914E-04,1.06487E-04],[4.85359E-04,1.07666E-04],[5.04198E-04,1.22061E-04]],[[1.31388E-03,1.06234E-04],[1.30718E-03,1.06550E-04],[1.29743E-03,1.05171E-04],[1.28300E-03,1.03978E-04],[1.25983E-03,1.02107E-04],[1.23568E-03,1.04490E-04],[1.20196E-03,1.04939E-04],[1.16969E-03,1.04162E-04],[1.12738E-03,1.05119E-04],[1.07992E-03,1.05221E-04],[1.03212E-03,1.03158E-04],[9.74732E-04,1.03862E-04],[9.18805E-04,1.05011E-04],[8.57331E-04,1.06540E-04],[7.91274E-04,1.06180E-04],[7.21370E-04,1.04838E-04],[6.49062E-04,1.04290E-04],[5.77501E-04,1.05112E-04],[5.09615E-04,1.05782E-04],[4.60792E-04,1.05304E-04],[4.76085E-04,1.23230E-04]],[[1.23651E-03,1.08376E-04],[1.23023E-03,1.05609E-04],[1.22080E-03,1.03887E-04],[1.20677E-03,1.04350E-04],[1.18648E-03,1.03939E-04],[1.16264E-03,1.04218E-04],[1.13210E-03,1.03078E-04],[1.09896E-03,1.04100E-04],[1.06116E-03,1.03075E-04],[1.01729E-03,1.03826E-04],[9.71328E-04,1.03889E-04],[9.19286E-04,1.05546E-04],[8.63065E-04,1.04355E-04],[8.05444E-04,1.04320E-04],[7.45214E-04,1.06628E-04],[6.79136E-04,1.04215E-04],[6.11885E-04,1.04681E-04],[5.42979E-04,1.03899E-04],[4.79235E-04,1.05158E-04],[4.32783E-04,1.06627E-04],[4.48600E-04,1.23424E-04]],[[1.15371E-03,1.08352E-04],[1.14945E-03,1.06063E-04],[1.13920E-03,1.05816E-04],[1.12317E-03,1.04080E-04],[1.10457E-03,1.03780E-04],[1.08519E-03,1.03678E-04],[1.05587E-03,1.03165E-04],[1.02190E-03,1.04403E-04],[9.86777E-04,1.04131E-04],[9.49670E-04,1.04039E-04],[9.03674E-04,1.05426E-04],[8.57137E-04,1.05908E-04],[8.04939E-04,1.04952E-04],[7.49190E-04,1.03822E-04],[6.92117E-04,1.05938E-04],[6.33516E-04,1.04328E-04],[5.68773E-04,1.04848E-04],[5.06994E-04,1.07154E-04],[4.47718E-04,1.05891E-04],[4.03672E-04,1.06148E-04],[4.19572E-04,1.25927E-04]],[[1.06060E-03,