{
  "seed":1498090146,
  "pop":6500,
  "Inactive_Cycles":1200,
  "Active_Cycles":2500,
  "Total_CPU_Time":1.10886E+04,
  "Total_Transport_Time":1.29612E+02,
  "Time_Per_Integration":3.24942E-10,
  "Clock_Time":1.46371E+02,
  "keff":{
    "keff":[1.02013E+00,9.30431E-05]
  },
  "fissionRate":{
    "fissionRate":[[[1.77441E-03,1.65646E-04],[1.76740E-03,1.59496E-04],[1.75167E-03,1.69682E-04],[1.73759E-03,1.58276E-04],[1.70472E-03,1.52779E-04],[1.66472E-03,1.50027E-04],[1.62440E-03,1.52746E-04],[1.57727E-03,1.51498E-04],[1.52024E-03,1.51723E-04],[1.46087E-03,1.51728E-04],[1.39222E-03,1.50549E-04],[1.31861E-03,1.52744E-04],[1.23646E-03,1.52078E-04],[1.15611E-03,1.52893E-04],[1.06964E-03,1.56319E-04],[9.75055E-04,1.51771E-04],[8.79218E-04,1.52684E-04],[7.81147E-04,1.51512E-04],[6.91688E-04,1.51188E-04],[6.26060E-04,1.51648E-04],[6.43837E-04,1.74521E-04]],[[1.76761E-03,1.61608E-04],[1.75882E-03,1.55608E-04],[1.74596E-03,1.52906E-04],[1.72528E-03,1.49588E-04],[1.69795E-03,1.49789E-04],[1.66287E-03,1.45328E-04],[1.61632E-03,1.46772E-04],[1.57250E-03,1.46516E-04],[1.51960E-03,1.42463E-04],[1.45294E-03,1.45158E-04],[1.38518E-03,1.44671E-04],[1.31409E-03,1.44660E-04],[1.23557E-03,1.43050E-04],[1.15310E-03,1.41644E-04],[1.06483E-03,1.42526E-04],[9.72182E-04,1.43180E-04],[8.75064E-04,1.43798E-04],[7.79597E-04,1.42958E-04],[6.89091E-04,1.43497E-04],[6.22886E-04,1.45337E-04],[6.42298E-04,1.67302E-04]],[[1.75505E-03,1.64542E-04],[1.74697E-03,1.51848E-04],[1.72916E-03,1.50362E-04],[1.70779E-03,1.47672E-04],[1.68076E-03,1.46570E-04],[1.64612E-03,1.46721E-04],[1.60513E-03,1.44459E-04],[1.55630E-03,1.43043E-04],[1.50329E-03,1.43345E-04],[1.43987E-03,1.46081E-04],[1.37736E-03,1.40853E-04],[1.30132E-03,1.42664E-04],[1.22395E-03,1.42570E-04],[1.14098E-03,1.42151E-04],[1.05749E-03,1.42707E-04],[9.63314E-04,1.39325E-04],[8.66631E-04,1.41995E-04],[7.73208E-04,1.41612E-04],[6.84366E-04,1.42811E-04],[6.17913E-04,1.43414E-04],[6.33927E-04,1.60970E-04]],[[1.73136E-03,1.64336E-04],[1.72438E-03,1.52092E-04],[1.70766E-03,1.49554E-04],[1.68411E-03,1.46357E-04],[1.65973E-03,1.44240E-04],[1.62535E-03,1.44719E-04],[1.58399E-03,1.45735E-04],[1.53575E-03,1.41961E-04],[1.48355E-03,1.42904E-04],[1.42291E-03,1.40982E-04],[1.35953E-03,1.40274E-04],[1.28881E-03,1.42081E-04],[1.21061E-03,1.40578E-04],[1.12848E-03,1.40277E-04],[1.04495E-03,1.40957E-04],[9.51234E-04,1.41728E-04],[8.58635E-04,1.38926E-04],[7.63831E-04,1.43992E-04],[6.74825E-04,1.42853E-04],[6.08334E-04,1.45807E-04],[6.28225E-04,1.60295E-04]],[[1.69924E-03,1.54286E-04],[1.69112E-03,1.51826E-04],[1.68158E-03,1.47269E-04],[1.66026E-03,1.45815E-04],[1.63078E-03,1.44414E-04],[1.59875E-03,1.42967E-04],[1.55835E-03,1.39798E-04],[1.51464E-03,1.39677E-04],[1.46312E-03,1.40245E-04],[1.40565E-03,1.40705E-04],[1.33805E-03,1.41674E-04],[1.26920E-03,1.40154E-04],[1.19408E-03,1.41338E-04],[1.11314E-03,1.41169E-04],[1.02611E-03,1.41707E-04],[9.37589E-04,1.41655E-04],[8.46505E-04,1.41492E-04],[7.52639E-04,1.40528E-04],[6.64160E-04,1.42566E-04],[5.97869E-04,1.43912E-04],[6.17779E-04,1.65932E-04]],[[1.66328E-03,1.55083E-04],[1.65667E-03,1.49505E-04],[1.64293E-03,1.46877E-04],[1.62261E-03,1.41446E-04],[1.59898E-03,1.40702E-04],[1.56641E-03,1.40702E-04],[1.52436E-03,1.40281E-04],[1.47929E-03,1.41476E-04],[1.43034E-03,1.41008E-04],[1.37160E-03,1.38423E-04],[1.30947E-03,1.41717E-04],[1.24304E-03,1.40372E-04],[1.16525E-03,1.42646E-04],[1.08712E-03,1.40754E-04],[1.00450E-03,1.40687E-04],[9.18295E-04,1.41479E-04],[8.27743E-04,1.41150E-04],[7.35948E-04,1.42608E-04],[6.48117E-04,1.43109E-04],[5.88060E-04,1.45587E-04],[6.03358E-04,1.60485E-04]],[[1.62118E-03,1.50800E-04],[1.61531E-03,1.45284E-04],[1.60588E-03,1.40125E-04],[1.59010E-03,1.39818E-04],[1.56011E-03,1.38447E-04],[1.52356E-03,1.38585E-04],[1.48759E-03,1.39745E-04],[1.44377E-03,1.40167E-04],[1.39715E-03,1.40358E-04],[1.33587E-03,1.37494E-04],[1.27652E-03,1.38870E-04],[1.20807E-03,1.39948E-04],[1.13872E-03,1.40642E-04],[1.05961E-03,1.37804E-04],[9.82111E-04,1.39685E-04],[8.95772E-04,1.38701E-04],[8.07277E-04,1.41585E-04],[7.17018E-04,1.44640E-04],[6.34221E-04,1.40751E-04],[5.71871E-04,1.46425E-04],[5.88614E-04,1.61080E-04]],[[1.57110E-03,1.52928E-04],[1.56679E-03,1.46230E-04],[1.55260E-03,1.41400E-04],[1.53850E-03,1.41853E-04],[1.51064E-03,1.42312E-04],[1.48170E-03,1.42448E-04],[1.44420E-03,1.39146E-04],[1.40157E-03,1.41921E-04],[1.35171E-03,1.41501E-04],[1.29824E-03,1.39736E-04],[1.24257E-03,1.38402E-04],[1.17409E-03,1.39050E-04],[1.10337E-03,1.38059E-04],[1.02678E-03,1.39166E-04],[9.51540E-04,1.40347E-04],[8.68128E-04,1.36833E-04],[7.83874E-04,1.40192E-04],[6.97315E-04,1.40977E-04],[6.14994E-04,1.41398E-04],[5.55302E-04,1.44956E-04],[5.70141E-04,1.62630E-04]],[[1.51852E-03,1.50807E-04],[1.51255E-03,1.42566E-04],[1.49829E-03,1.43880E-04],[1.48431E-03,1.44338E-04],[1.45596E-03,1.42479E-04],[1.42712E-03,1.38717E-04],[1.39307E-03,1.38996E-04],[1.35279E-03,1.40909E-04],[1.30460E-03,1.40510E-04],[1.24991E-03,1.37906E-04],[1.19396E-03,1.38174E-04],[1.12886E-03,1.39714E-04],[1.06454E-03,1.39501E-04],[9.94233E-04,1.38835E-04],[9.16821E-04,1.39529E-04],[8.36864E-04,1.40532E-04],[7.55417E-04,1.41510E-04],[6.74323E-04,1.40511E-04],[5.92834E-04,1.43239E-04],[5.36073E-04,1.50140E-04],[5.50557E-04,1.62412E-04]],[[1.45743E-03,1.48760E-04],[1.45213E-03,1.44895E-04],[1.44000E-03,1.45964E-04],[1.42577E-03,1.40432E-04],[1.39571E-03,1.43465E-04],[1.36933E-03,1.41795E-04],[1.33480E-03,1.41527E-04],[1.29464E-03,1.41549E-04],[1.24972E-03,1.39883E-04],[1.19805E-03,1.39312E-04],[1.14673E-03,1.42130E-04],[1.08770E-03,1.37911E-04],[1.02291E-03,1.37508E-04],[9.51524E-04,1.38556E-04],[8.81365E-04,1.39707E-04],[8.02724E-04,1.40854E-04],[7.24662E-04,1.40755E-04],[6.44282E-04,1.37435E-04],[5.69289E-04,1.41207E-04],[5.14027E-04,1.45749E-04],[5.27390E-04,1.62141E-04]],[[1.39145E-03,1.51309E-04],[1.38747E-03,1.47301E-04],[1.37361E-03,1.44169E-04],[1.35710E-03,1.43139E-04],[1.33715E-03,1.43090E-04],[1.30689E-03,1.39871E-04],[1.27482E-03,1.41756E-04],[1.23694E-03,1.38735E-04],[1.19532E-03,1.37279E-04],[1.14620E-03,1.39321E-04],[1.09306E-03,1.38818E-04],[1.03616E-03,1.40402E-04],[9.73248E-04,1.39534E-04],[9.09518E-04,1.38225E-04],[8.36836E-04,1.40663E-04],[7.65364E-04,1.37743E-04],[6.93733E-04,1.37970E-04],[6.15683E-04,1.39124E-04],[5.45003E-04,1.39457E-04],[4.90558E-04,1.41255E-04],[5.06308E-04,1.61430E-04]],[[1.31892E-03,1.58316E-04],[1.31306E-03,1.46290E-04],[1.30331E-03,1.40843E-04],[1.28920E-03,1.40095E-04],[1.26587E-03,1.39082E-04],[1.23936E-03,1.40179E-04],[1.20637E-03,1.39238E-04],[1.17148E-03,1.41109E-04],[1.13140E-03,1.40186E-04],[1.08664E-03,1.42006E-04],[1.03746E-03,1.40466E-04],[9.83710E-04,1.39675E-04],[9.23821E-04,1.42434E-04],[8.61221E-04,1.39539E-04],[7.96271E-04,1.39919E-04],[7.26879E-04,1.39000E-04],[6.55407E-04,1.37894E-04],[5.81092E-04,1.39983E-04],[5.14921E-04,1.41025E-04],[4.64051E-04,1.43644E-04],[4.77799E-04,1.64357E-04]],[[1.24059E-03,1.54281E-04],[1.24056E-03,1.47808E-04],[1.22880E-03,1.43537E-04],[1.21152E-03,1.40713E-04],[1.18869E-03,1.40436E-04],[1.16509E-03,1.38881E-04],[1.13607E-03,1.38715E-04],[1.10022E-03,1.38730E-04],[1.06427E-03,1.36618E-04],[1.02131E-03,1.39555E-04],[9.74268E-04,1.38237E-04],[9.24656E-04,1.39222E-04],[8.70129E-04,1.39617E-04],[8.09608E-04,1.40920E-04],[7.49523E-04,1.42147E-04],[6.84962E-04,1.38854E-04],[6.17143E-04,1.39205E-04],[5.49363E-04,1.39120E-04],[4.84458E-04,1.38873E-04],[4.36155E-04,1.41756E-04],[4.49872E-04,1.63045E-04]],[[1.15694E-03,1.55724E-04],[1.15227E-03,1.50367E-04],[1.14538E-03,1.41800E-04],[1.13036E-03,1.41366E-04],[1.11223E-03,1.39393E-04],[1.08432E-03,1.40091E-04],[1.06046E-03,1.40172E-04],[1.02731E-03,1.39861E-04],[9.91352E-04,1.39168E-04],[9.52549E-04,1.40215E-04],[9.10652E-04,1.40092E-04],[8.62012E-04,1.40656E-04],[8.08594E-04,1.39626E-04],[7.53288E-04,1.40656E-04],[6.97298E-04,1.39547E-04],[6.37876E-04,1.38347E-04],[5.76309E-04,1.38504E-04],[5.13468E-04,1.40545E-04],[4.50764E-04,1.39864E-04],[4.08253E-04,1.44467E-04],[4.18727E-04,1.63565E-04]],[[1.06971E-03,