{
  "seed":-201029446,
  "pop":6500,
  "Inactive_Cycles":1200,
  "Active_Cycles":2500,
  "Total_CPU_Time":1.11669E+04,
  "Total_Transport_Time":1.30736E+02,
  "Time_Per_Integration":3.27759E-10,
  "Clock_Time":1.47379E+02,
  "keff":{
    "keff":[1.02009E+00,9.23968E-05]
  },
  "fissionRate":{
    "fissionRate":[[[1.77478E-03,1.65934E-04],[1.76914E-03,1.63763E-04],[1.75934E-03,1.55848E-04],[1.73318E-03,1.52896E-04],[1.70141E-03,1.54170E-04],[1.66929E-03,1.56178E-04],[1.62587E-03,1.50941E-04],[1.57437E-03,1.49452E-04],[1.51641E-03,1.49101E-04],[1.45329E-03,1.52070E-04],[1.39157E-03,1.50740E-04],[1.31550E-03,1.49289E-04],[1.23672E-03,1.46703E-04],[1.15709E-03,1.50745E-04],[1.06814E-03,1.50447E-04],[9.74794E-04,1.51484E-04],[8.77519E-04,1.53817E-04],[7.78671E-04,1.54756E-04],[6.89162E-04,1.52222E-04],[6.21150E-04,1.55700E-04],[6.37123E-04,1.73469E-04]],[[1.77148E-03,1.58115E-04],[1.76198E-03,1.51529E-04],[1.74707E-03,1.50507E-04],[1.72652E-03,1.48974E-04],[1.69833E-03,1.47919E-04],[1.66184E-03,1.48090E-04],[1.61916E-03,1.42241E-04],[1.57203E-03,1.45497E-04],[1.51189E-03,1.42661E-04],[1.45250E-03,1.42331E-04],[1.38845E-03,1.39759E-04],[1.31418E-03,1.44094E-04],[1.23446E-03,1.42026E-04],[1.15303E-03,1.42854E-04],[1.06419E-03,1.41817E-04],[9.70353E-04,1.45633E-04],[8.74974E-04,1.46218E-04],[7.77183E-04,1.46877E-04],[6.86553E-04,1.44515E-04],[6.19718E-04,1.47655E-04],[6.36431E-04,1.62490E-04]],[[1.74930E-03,1.51700E-04],[1.74870E-03,1.48663E-04],[1.73377E-03,1.48227E-04],[1.70761E-03,1.43024E-04],[1.68203E-03,1.44072E-04],[1.64863E-03,1.42801E-04],[1.60403E-03,1.43313E-04],[1.56027E-03,1.40438E-04],[1.50008E-03,1.41487E-04],[1.44287E-03,1.40267E-04],[1.37744E-03,1.41775E-04],[1.30499E-03,1.40491E-04],[1.22956E-03,1.38648E-04],[1.14082E-03,1.40814E-04],[1.05379E-03,1.42089E-04],[9.65996E-04,1.43015E-04],[8.68369E-04,1.42704E-04],[7.73244E-04,1.41871E-04],[6.81514E-04,1.44666E-04],[6.16094E-04,1.47384E-04],[6.34222E-04,1.63947E-04]],[[1.72849E-03,1.53727E-04],[1.72688E-03,1.44744E-04],[1.70990E-03,1.47410E-04],[1.69387E-03,1.45652E-04],[1.66006E-03,1.43977E-04],[1.62800E-03,1.43940E-04],[1.58987E-03,1.42664E-04],[1.53872E-03,1.39539E-04],[1.48373E-03,1.41642E-04],[1.42324E-03,1.39659E-04],[1.35964E-03,1.40948E-04],[1.28906E-03,1.42555E-04],[1.21154E-03,1.39451E-04],[1.13135E-03,1.40047E-04],[1.04148E-03,1.40662E-04],[9.49740E-04,1.41522E-04],[8.57006E-04,1.41273E-04],[7.64527E-04,1.41846E-04],[6.74678E-04,1.43255E-04],[6.06318E-04,1.45747E-04],[6.24905E-04,1.58825E-04]],[[1.70300E-03,1.55069E-04],[1.69983E-03,1.46711E-04],[1.67997E-03,1.48291E-04],[1.66226E-03,1.41762E-04],[1.63586E-03,1.42549E-04],[1.60116E-03,1.40805E-04],[1.55907E-03,1.42995E-04],[1.51442E-03,1.42796E-04],[1.45751E-03,1.42868E-04],[1.39994E-03,1.44009E-04],[1.33952E-03,1.40836E-04],[1.26437E-03,1.40772E-04],[1.18839E-03,1.40703E-04],[1.11101E-03,1.40382E-04],[1.02498E-03,1.40431E-04],[9.35100E-04,1.43332E-04],[8.44783E-04,1.41922E-04],[7.50637E-04,1.42910E-04],[6.61468E-04,1.46445E-04],[5.97351E-04,1.42079E-04],[6.15753E-04,1.60662E-04]],[[1.66983E-03,1.53825E-04],[1.66174E-03,1.47291E-04],[1.64941E-03,1.47181E-04],[1.62906E-03,1.44739E-04],[1.60269E-03,1.43599E-04],[1.57544E-03,1.41669E-04],[1.52457E-03,1.38619E-04],[1.48527E-03,1.43147E-04],[1.42751E-03,1.46242E-04],[1.37080E-03,1.44072E-04],[1.31006E-03,1.39984E-04],[1.24328E-03,1.40715E-04],[1.16658E-03,1.40277E-04],[1.08704E-03,1.39840E-04],[1.00498E-03,1.36798E-04],[9.17138E-04,1.39958E-04],[8.26525E-04,1.38647E-04],[7.34099E-04,1.42047E-04],[6.48133E-04,1.41350E-04],[5.83683E-04,1.44991E-04],[6.01409E-04,1.64083E-04]],[[1.62519E-03,1.55965E-04],[1.61833E-03,1.48318E-04],[1.60850E-03,1.48003E-04],[1.58539E-03,1.44540E-04],[1.56106E-03,1.44748E-04],[1.52631E-03,1.44006E-04],[1.48732E-03,1.42214E-04],[1.44770E-03,1.38440E-04],[1.39247E-03,1.42486E-04],[1.33808E-03,1.41072E-04],[1.28122E-03,1.40771E-04],[1.20964E-03,1.39884E-04],[1.13411E-03,1.42084E-04],[1.06056E-03,1.41070E-04],[9.78779E-04,1.39788E-04],[8.93199E-04,1.37917E-04],[8.03063E-04,1.42650E-04],[7.14366E-04,1.39379E-04],[6.32347E-04,1.41281E-04],[5.68608E-04,1.42901E-04],[5.86563E-04,1.58137E-04]],[[1.57501E-03,1.55108E-04],[1.56816E-03,1.48600E-04],[1.55657E-03,1.49454E-04],[1.53766E-03,1.42901E-04],[1.51654E-03,1.53083E-04],[1.48530E-03,1.42273E-04],[1.44455E-03,1.44043E-04],[1.39641E-03,1.42282E-04],[1.35206E-03,1.40562E-04],[1.29897E-03,1.44214E-04],[1.23896E-03,1.43681E-04],[1.17479E-03,1.41886E-04],[1.10123E-03,1.40386E-04],[1.03023E-03,1.39865E-04],[9.48959E-04,1.40849E-04],[8.67427E-04,1.39059E-04],[7.79480E-04,1.40901E-04],[6.94360E-04,1.41504E-04],[6.12303E-04,1.41848E-04],[5.53577E-04,1.43730E-04],[5.68869E-04,1.61466E-04]],[[1.52290E-03,1.51010E-04],[1.51558E-03,1.45584E-04],[1.50273E-03,1.42751E-04],[1.48040E-03,1.45031E-04],[1.45736E-03,1.42350E-04],[1.43119E-03,1.43054E-04],[1.39804E-03,1.43499E-04],[1.35297E-03,1.40672E-04],[1.30424E-03,1.43351E-04],[1.25075E-03,1.40112E-04],[1.19476E-03,1.39261E-04],[1.13090E-03,1.39463E-04],[1.06353E-03,1.41643E-04],[9.91755E-04,1.39701E-04],[9.15382E-04,1.38883E-04],[8.33790E-04,1.39268E-04],[7.54758E-04,1.39015E-04],[6.69836E-04,1.39233E-04],[5.90844E-04,1.39727E-04],[5.34859E-04,1.48269E-04],[5.49531E-04,1.63275E-04]],[[1.46172E-03,1.54262E-04],[1.45571E-03,1.45616E-04],[1.44080E-03,1.42926E-04],[1.42327E-03,1.45156E-04],[1.40331E-03,1.42994E-04],[1.37433E-03,1.40507E-04],[1.33866E-03,1.47424E-04],[1.29600E-03,1.43630E-04],[1.25427E-03,1.40626E-04],[1.20094E-03,1.38613E-04],[1.14425E-03,1.40656E-04],[1.08716E-03,1.39013E-04],[1.02028E-03,1.39578E-04],[9.48852E-04,1.39345E-04],[8.76930E-04,1.39556E-04],[8.03957E-04,1.41111E-04],[7.21507E-04,1.39686E-04],[6.42712E-04,1.40041E-04],[5.68049E-04,1.41101E-04],[5.13140E-04,1.43830E-04],[5.28584E-04,1.58711E-04]],[[1.39133E-03,1.50603E-04],[1.38910E-03,1.45382E-04],[1.37591E-03,1.43391E-04],[1.36014E-03,1.43330E-04],[1.33705E-03,1.44516E-04],[1.30485E-03,1.42337E-04],[1.27889E-03,1.42032E-04],[1.24027E-03,1.42000E-04],[1.19572E-03,1.40809E-04],[1.14787E-03,1.41821E-04],[1.09286E-03,1.39694E-04],[1.03480E-03,1.42203E-04],[9.75870E-04,1.39197E-04],[9.06534E-04,1.38579E-04],[8.36893E-04,1.37600E-04],[7.66759E-04,1.39606E-04],[6.91954E-04,1.41226E-04],[6.12880E-04,1.41839E-04],[5.39933E-04,1.42216E-04],[4.89309E-04,1.44663E-04],[5.03426E-04,1.60088E-04]],[[1.31929E-03,1.47723E-04],[1.31515E-03,1.44548E-04],[1.30226E-03,1.40012E-04],[1.29066E-03,1.43341E-04],[1.26458E-03,1.43054E-04],[1.23948E-03,1.44152E-04],[1.21043E-03,1.42186E-04],[1.17128E-03,1.42844E-04],[1.13601E-03,1.42817E-04],[1.08464E-03,1.38650E-04],[1.03671E-03,1.39130E-04],[9.79628E-04,1.40631E-04],[9.23865E-04,1.39672E-04],[8.61134E-04,1.39192E-04],[7.95372E-04,1.38264E-04],[7.25540E-04,1.38980E-04],[6.54589E-04,1.39977E-04],[5.80556E-04,1.41140E-04],[5.12323E-04,1.43746E-04],[4.62209E-04,1.42750E-04],[4.77151E-04,1.62573E-04]],[[1.24147E-03,1.46449E-04],[1.23521E-03,1.43031E-04],[1.22535E-03,1.41690E-04],[1.21016E-03,1.41687E-04],[1.18954E-03,1.41549E-04],[1.16643E-03,1.43361E-04],[1.13676E-03,1.44990E-04],[1.10630E-03,1.43478E-04],[1.06551E-03,1.38934E-04],[1.01917E-03,1.37929E-04],[9.73399E-04,1.39183E-04],[9.21367E-04,1.41024E-04],[8.68234E-04,1.40181E-04],[8.09143E-04,1.39993E-04],[7.44999E-04,1.38958E-04],[6.82486E-04,1.39363E-04],[6.15910E-04,1.39866E-04],[5.48480E-04,1.41174E-04],[4.83275E-04,1.43179E-04],[4.36656E-04,1.42586E-04],[4.48663E-04,1.61630E-04]],[[1.15565E-03,1.48328E-04],[1.14933E-03,1.42256E-04],[1.14076E-03,1.43036E-04],[1.12980E-03,1.42354E-04],[1.11106E-03,1.41938E-04],[1.08875E-03,1.42182E-04],[1.06040E-03,1.41663E-04],[1.02976E-03,1.41189E-04],[9.94253E-04,1.40928E-04],[9.52955E-04,1.40886E-04],[9.07848E-04,1.39592E-04],[8.62575E-04,1.38879E-04],[8.11231E-04,1.42006E-04],[7.56284E-04,1.40162E-04],[6.97064E-04,1.40089E-04],[6.35949E-04,1.40450E-04],[5.74507E-04,1.42294E-04],[5.11597E-04,1.41905E-04],[4.51501E-04,1.42370E-04],[4.07437E-04,1.42867E-04],[4.18370E-04,1.60666E-04]],[[1.07177E-03,