{
  "seed":-807924133,
  "pop":6500,
  "Inactive_Cycles":1200,
  "Active_Cycles":2500,
  "Total_CPU_Time":4.33156E+04,
  "Total_Transport_Time":5.30934E+02,
  "Time_Per_Integration":1.33069E-09,
  "Clock_Time":5.72815E+02,
  "keff":{
    "keff":[1.01557E+00,1.01572E-04]
  },
  "fissionRate":{
    "fissionRate":[[[1.76643E-03,1.85280E-04],[1.76314E-03,1.78171E-04],[1.74102E-03,1.67246E-04],[1.71968E-03,1.58500E-04],[1.69946E-03,1.61363E-04],[1.66047E-03,1.53252E-04],[1.61689E-03,1.55856E-04],[1.56798E-03,1.60446E-04],[1.51488E-03,1.59338E-04],[1.45689E-03,1.50601E-04],[1.39243E-03,1.52419E-04],[1.31706E-03,1.56992E-04],[1.23545E-03,1.54525E-04],[1.15570E-03,1.57023E-04],[1.06619E-03,1.50373E-04],[9.69165E-04,1.45877E-04],[8.74446E-04,1.47914E-04],[7.75312E-04,1.45031E-04],[6.84467E-04,1.45529E-04],[6.16998E-04,1.49782E-04],[6.39438E-04,1.86691E-04]],[[1.76496E-03,1.77016E-04],[1.75944E-03,1.60811E-04],[1.74370E-03,1.52739E-04],[1.72216E-03,1.43904E-04],[1.69105E-03,1.44592E-04],[1.65336E-03,1.45003E-04],[1.61421E-03,1.44535E-04],[1.56761E-03,1.47130E-04],[1.50767E-03,1.49443E-04],[1.44863E-03,1.44091E-04],[1.37875E-03,1.44037E-04],[1.30962E-03,1.45513E-04],[1.23102E-03,1.47317E-04],[1.14761E-03,1.55851E-04],[1.06049E-03,1.42135E-04],[9.67119E-04,1.37953E-04],[8.71239E-04,1.38202E-04],[7.73737E-04,1.37874E-04],[6.82908E-04,1.39604E-04],[6.15430E-04,1.40433E-04],[6.35731E-04,1.67686E-04]],[[1.74798E-03,1.60787E-04],[1.73769E-03,1.54904E-04],[1.72490E-03,1.47997E-04],[1.70920E-03,1.43912E-04],[1.68176E-03,1.42381E-04],[1.64405E-03,1.42053E-04],[1.59617E-03,1.43764E-04],[1.55096E-03,1.41871E-04],[1.49570E-03,1.40679E-04],[1.43698E-03,1.41064E-04],[1.36823E-03,1.40821E-04],[1.29897E-03,1.40468E-04],[1.22487E-03,1.44732E-04],[1.13844E-03,1.42507E-04],[1.04807E-03,1.39104E-04],[9.62202E-04,1.36704E-04],[8.63190E-04,1.38633E-04],[7.67897E-04,1.36931E-04],[6.77215E-04,1.38241E-04],[6.12087E-04,1.37910E-04],[6.33341E-04,1.61702E-04]],[[1.71954E-03,1.50596E-04],[1.71258E-03,1.46992E-04],[1.70312E-03,1.44335E-04],[1.68279E-03,1.40647E-04],[1.65620E-03,1.41928E-04],[1.62381E-03,1.43099E-04],[1.58038E-03,1.38854E-04],[1.53643E-03,1.41768E-04],[1.47962E-03,1.39923E-04],[1.42084E-03,1.40066E-04],[1.35140E-03,1.40604E-04],[1.28304E-03,1.36525E-04],[1.20627E-03,1.42462E-04],[1.12318E-03,1.37375E-04],[1.03646E-03,1.36754E-04],[9.47522E-04,1.36811E-04],[8.53876E-04,1.37677E-04],[7.56189E-04,1.34521E-04],[6.67485E-04,1.37172E-04],[6.04325E-04,1.37077E-04],[6.26441E-04,1.61358E-04]],[[1.69313E-03,1.50764E-04],[1.68966E-03,1.42254E-04],[1.67547E-03,1.42292E-04],[1.65478E-03,1.40103E-04],[1.63107E-03,1.41183E-04],[1.59976E-03,1.39623E-04],[1.55586E-03,1.39934E-04],[1.50461E-03,1.39368E-04],[1.45386E-03,1.39763E-04],[1.39500E-03,1.39624E-04],[1.32841E-03,1.39104E-04],[1.26330E-03,1.39420E-04],[1.18842E-03,1.42078E-04],[1.10366E-03,1.38742E-04],[1.01881E-03,1.37190E-04],[9.31377E-04,1.34119E-04],[8.40755E-04,1.36738E-04],[7.45757E-04,1.38126E-04],[6.57520E-04,1.36932E-04],[5.94356E-04,1.38407E-04],[6.14281E-04,1.60721E-04]],[[1.66290E-03,1.46755E-04],[1.65660E-03,1.37757E-04],[1.64170E-03,1.40034E-04],[1.62787E-03,1.37816E-04],[1.59483E-03,1.40587E-04],[1.55970E-03,1.37761E-04],[1.52231E-03,1.38355E-04],[1.47799E-03,1.38021E-04],[1.42176E-03,1.38922E-04],[1.36626E-03,1.38533E-04],[1.30505E-03,1.38857E-04],[1.23446E-03,1.35542E-04],[1.16003E-03,1.37019E-04],[1.08304E-03,1.33823E-04],[9.99786E-04,1.35147E-04],[9.11404E-04,1.34813E-04],[8.21150E-04,1.33515E-04],[7.29525E-04,1.35165E-04],[6.45006E-04,1.35660E-04],[5.82872E-04,1.38145E-04],[6.01434E-04,1.56073E-04]],[[1.61662E-03,1.46053E-04],[1.61316E-03,1.37820E-04],[1.60082E-03,1.39396E-04],[1.57962E-03,1.37570E-04],[1.55447E-03,1.36351E-04],[1.51990E-03,1.37304E-04],[1.48169E-03,1.38781E-04],[1.43700E-03,1.38305E-04],[1.38504E-03,1.36800E-04],[1.32909E-03,1.36456E-04],[1.27312E-03,1.36525E-04],[1.20295E-03,1.33915E-04],[1.13281E-03,1.33101E-04],[1.05563E-03,1.35300E-04],[9.73351E-04,1.33615E-04],[8.91055E-04,1.33660E-04],[7.98954E-04,1.34422E-04],[7.10797E-04,1.31910E-04],[6.26624E-04,1.35826E-04],[5.66595E-04,1.38951E-04],[5.83573E-04,1.54893E-04]],[[1.57041E-03,1.48543E-04],[1.56663E-03,1.38051E-04],[1.55318E-03,1.35003E-04],[1.53226E-03,1.35559E-04],[1.50360E-03,1.35904E-04],[1.47938E-03,1.36147E-04],[1.43570E-03,1.38107E-04],[1.39637E-03,1.36096E-04],[1.34640E-03,1.35191E-04],[1.28965E-03,1.35286E-04],[1.23312E-03,1.37334E-04],[1.16401E-03,1.35337E-04],[1.09706E-03,1.32998E-04],[1.02010E-03,1.36088E-04],[9.46190E-04,1.37316E-04],[8.61947E-04,1.33998E-04],[7.75400E-04,1.34669E-04],[6.89794E-04,1.31548E-04],[6.10252E-04,1.34115E-04],[5.49186E-04,1.37807E-04],[5.67538E-04,1.58655E-04]],[[1.51676E-03,1.43274E-04],[1.51041E-03,1.33497E-04],[1.49187E-03,1.37209E-04],[1.47881E-03,1.38847E-04],[1.45391E-03,1.35605E-04],[1.42642E-03,1.36667E-04],[1.38993E-03,1.36362E-04],[1.34732E-03,1.37624E-04],[1.29924E-03,1.33603E-04],[1.24845E-03,1.34189E-04],[1.18952E-03,1.34805E-04],[1.12542E-03,1.33723E-04],[1.05693E-03,1.34442E-04],[9.87933E-04,1.35147E-04],[9.10956E-04,1.34768E-04],[8.30580E-04,1.33858E-04],[7.47281E-04,1.35557E-04],[6.63691E-04,1.33070E-04],[5.86190E-04,1.33557E-04],[5.30395E-04,1.37446E-04],[5.47917E-04,1.60453E-04]],[[1.45580E-03,1.42720E-04],[1.44796E-03,1.35886E-04],[1.43288E-03,1.37257E-04],[1.41947E-03,1.38561E-04],[1.39471E-03,1.34787E-04],[1.36611E-03,1.34138E-04],[1.33292E-03,1.36565E-04],[1.28911E-03,1.34284E-04],[1.24850E-03,1.35666E-04],[1.19694E-03,1.36723E-04],[1.14009E-03,1.33217E-04],[1.08110E-03,1.32850E-04],[1.01695E-03,1.36538E-04],[9.47136E-04,1.36086E-04],[8.73273E-04,1.33949E-04],[7.98562E-04,1.33960E-04],[7.19003E-04,1.35289E-04],[6.39162E-04,1.32501E-04],[5.63935E-04,1.34158E-04],[5.08694E-04,1.36444E-04],[5.27335E-04,1.57185E-04]],[[1.38734E-03,1.43060E-04],[1.38334E-03,1.39096E-04],[1.36782E-03,1.34346E-04],[1.35210E-03,1.34523E-04],[1.33033E-03,1.37292E-04],[1.30320E-03,1.34635E-04],[1.27186E-03,1.35031E-04],[1.23369E-03,1.32416E-04],[1.18843E-03,1.33578E-04],[1.14010E-03,1.33414E-04],[1.08731E-03,1.31675E-04],[1.03500E-03,1.29159E-04],[9.70652E-04,1.33979E-04],[9.02530E-04,1.37520E-04],[8.33523E-04,1.34355E-04],[7.60851E-04,1.31985E-04],[6.85340E-04,1.35096E-04],[6.06699E-04,1.35427E-04],[5.36472E-04,1.36059E-04],[4.85360E-04,1.37629E-04],[5.03141E-04,1.56184E-04]],[[1.31329E-03,1.43967E-04],[1.31203E-03,1.37973E-04],[1.30004E-03,1.36280E-04],[1.28025E-03,1.35192E-04],[1.26184E-03,1.34033E-04],[1.23571E-03,1.35340E-04],[1.20235E-03,1.34026E-04],[1.16738E-03,1.35113E-04],[1.12637E-03,1.31936E-04],[1.08330E-03,1.31627E-04],[1.03340E-03,1.32176E-04],[9.77811E-04,1.31314E-04],[9.17832E-04,1.33882E-04],[8.56475E-04,1.33853E-04],[7.90101E-04,1.32851E-04],[7.20571E-04,1.31286E-04],[6.49804E-04,1.33671E-04],[5.77874E-04,1.35457E-04],[5.08288E-04,1.38340E-04],[4.59414E-04,1.37765E-04],[4.76169E-04,1.54490E-04]],[[1.23805E-03,1.48418E-04],[1.23247E-03,1.35764E-04],[1.22505E-03,1.36568E-04],[1.20523E-03,1.34263E-04],[1.18912E-03,1.34216E-04],[1.16347E-03,1.37227E-04],[1.13226E-03,1.35650E-04],[1.10220E-03,1.34729E-04],[1.05969E-03,1.35013E-04],[1.01669E-03,1.33179E-04],[9.70230E-04,1.31640E-04],[9.19855E-04,1.35915E-04],[8.66693E-04,1.33133E-04],[8.05239E-04,1.35798E-04],[7.45008E-04,1.33975E-04],[6.77405E-04,1.32964E-04],[6.12327E-04,1.35856E-04],[5.42693E-04,1.33510E-04],[4.78190E-04,1.35715E-04],[4.32810E-04,1.37170E-04],[4.46572E-04,1.53837E-04]],[[1.15339E-03,1.47283E-04],[1.15245E-03,1.36082E-04],[1.14223E-03,1.34817E-04],[1.12723E-03,1.36080E-04],[1.10853E-03,1.34540E-04],[1.08298E-03,1.35432E-04],[1.05878E-03,1.33282E-04],[1.02497E-03,1.35799E-04],[9.88318E-04,1.33149E-04],[9.50842E-04,1.33890E-04],[9.08949E-04,1.32274E-04],[8.57636E-04,1.35112E-04],[8.06198E-04,1.34013E-04],[7.50789E-04,1.35787E-04],[6.91785E-04,1.36115E-04],[6.31843E-04,1.35834E-04],[5.69810E-04,1.34533E-04],[5.06133E-04,1.37248E-04],[4.45570E-04,1.38157E-04],[4.03640E-04,1.36534E-04],[4.16266E-04,1.54742E-04]],[[1.06474E-03,