{
  "seed":398667511,
  "pop":10000,
  "Inactive_Cycles":1200,
  "Active_Cycles":2500,
  "Total_CPU_Time":4.83039E+04,
  "Total_Transport_Time":1.06188E+03,
  "Time_Per_Integration":1.72851E-09,
  "Clock_Time":1.34179E+03,
  "keff":{
    "keff":[1.01541E+00,7.70814E-05]
  },
  "fissionRate":{
    "fissionRate":[[[1.76437E-03,1.17825E-04],[1.75879E-03,1.11452E-04],[1.74478E-03,1.12655E-04],[1.72580E-03,1.10528E-04],[1.69204E-03,1.10018E-04],[1.66085E-03,1.10448E-04],[1.62051E-03,1.12433E-04],[1.56602E-03,1.09126E-04],[1.51301E-03,1.09369E-04],[1.45336E-03,1.07777E-04],[1.38314E-03,1.08971E-04],[1.31254E-03,1.09731E-04],[1.23552E-03,1.07669E-04],[1.14965E-03,1.06649E-04],[1.06062E-03,1.09320E-04],[9.68326E-04,1.08820E-04],[8.70867E-04,1.09147E-04],[7.73500E-04,1.10120E-04],[6.82826E-04,1.08947E-04],[6.17594E-04,1.12486E-04],[6.41363E-04,1.34329E-04]],[[1.76204E-03,1.12104E-04],[1.75362E-03,1.10511E-04],[1.74249E-03,1.07982E-04],[1.71884E-03,1.08858E-04],[1.69226E-03,1.07539E-04],[1.65483E-03,1.05974E-04],[1.61397E-03,1.06538E-04],[1.56260E-03,1.06785E-04],[1.50643E-03,1.06714E-04],[1.45029E-03,1.06873E-04],[1.38103E-03,1.04803E-04],[1.30613E-03,1.04490E-04],[1.22880E-03,1.04587E-04],[1.14687E-03,1.05851E-04],[1.05937E-03,1.04750E-04],[9.63172E-04,1.06092E-04],[8.66906E-04,1.06474E-04],[7.69176E-04,1.04333E-04],[6.78774E-04,1.06278E-04],[6.15129E-04,1.08398E-04],[6.38823E-04,1.27254E-04]],[[1.74841E-03,1.13312E-04],[1.73832E-03,1.09618E-04],[1.72815E-03,1.08498E-04],[1.70479E-03,1.07489E-04],[1.67733E-03,1.05877E-04],[1.64061E-03,1.05139E-04],[1.60006E-03,1.05232E-04],[1.54893E-03,1.05641E-04],[1.49536E-03,1.03854E-04],[1.43634E-03,1.03328E-04],[1.37184E-03,1.03487E-04],[1.29520E-03,1.05778E-04],[1.21672E-03,1.05243E-04],[1.13270E-03,1.05504E-04],[1.04892E-03,1.02596E-04],[9.52526E-04,1.05745E-04],[8.57547E-04,1.05760E-04],[7.63589E-04,1.04823E-04],[6.73341E-04,1.05804E-04],[6.10625E-04,1.08488E-04],[6.34776E-04,1.24357E-04]],[[1.72624E-03,1.13043E-04],[1.71932E-03,1.08255E-04],[1.70682E-03,1.06517E-04],[1.68623E-03,1.07228E-04],[1.65667E-03,1.05967E-04],[1.62412E-03,1.04105E-04],[1.57953E-03,1.04714E-04],[1.53212E-03,1.03953E-04],[1.47628E-03,1.04329E-04],[1.41751E-03,1.05020E-04],[1.35363E-03,1.04124E-04],[1.28058E-03,1.04610E-04],[1.20527E-03,1.04969E-04],[1.12134E-03,1.04734E-04],[1.03411E-03,1.04724E-04],[9.40107E-04,1.03622E-04],[8.45103E-04,1.04890E-04],[7.53485E-04,1.04839E-04],[6.66224E-04,1.06213E-04],[6.02980E-04,1.07764E-04],[6.27211E-04,1.22816E-04]],[[1.69514E-03,1.10756E-04],[1.69085E-03,1.07383E-04],[1.67613E-03,1.04808E-04],[1.65673E-03,1.05789E-04],[1.63095E-03,1.03994E-04],[1.59318E-03,1.04053E-04],[1.55255E-03,1.04226E-04],[1.50951E-03,1.03618E-04],[1.45319E-03,1.02824E-04],[1.39427E-03,1.03602E-04],[1.33052E-03,1.04450E-04],[1.25906E-03,1.05293E-04],[1.18304E-03,1.03738E-04],[1.10207E-03,1.04802E-04],[1.01451E-03,1.05085E-04],[9.28417E-04,1.04554E-04],[8.34852E-04,1.04573E-04],[7.41248E-04,1.03021E-04],[6.54215E-04,1.04707E-04],[5.91749E-04,1.07465E-04],[6.16059E-04,1.23627E-04]],[[1.66153E-03,1.11240E-04],[1.65406E-03,1.07436E-04],[1.64230E-03,1.05567E-04],[1.62253E-03,1.07469E-04],[1.59630E-03,1.04966E-04],[1.55750E-03,1.07107E-04],[1.52191E-03,1.05191E-04],[1.47704E-03,1.04528E-04],[1.42406E-03,1.03702E-04],[1.36551E-03,1.03419E-04],[1.30112E-03,1.01678E-04],[1.23485E-03,1.03836E-04],[1.16103E-03,1.04234E-04],[1.08057E-03,1.03580E-04],[9.96976E-04,1.04551E-04],[9.08864E-04,1.04912E-04],[8.16600E-04,1.04114E-04],[7.24887E-04,1.04864E-04],[6.41622E-04,1.03914E-04],[5.80223E-04,1.07197E-04],[6.03136E-04,1.27239E-04]],[[1.61954E-03,1.08450E-04],[1.61437E-03,1.06588E-04],[1.59823E-03,1.06344E-04],[1.58226E-03,1.06656E-04],[1.55233E-03,1.06344E-04],[1.51983E-03,1.04799E-04],[1.48197E-03,1.05848E-04],[1.43975E-03,1.05932E-04],[1.38547E-03,1.04961E-04],[1.33346E-03,1.03149E-04],[1.27412E-03,1.03439E-04],[1.20201E-03,1.03849E-04],[1.13081E-03,1.03116E-04],[1.04877E-03,1.04160E-04],[9.70644E-04,1.04404E-04],[8.86690E-04,1.04271E-04],[7.98158E-04,1.03054E-04],[7.07087E-04,1.03580E-04],[6.24049E-04,1.05867E-04],[5.66408E-04,1.07361E-04],[5.88229E-04,1.25461E-04]],[[1.56777E-03,1.11376E-04],[1.56292E-03,1.07482E-04],[1.55182E-03,1.06610E-04],[1.53341E-03,1.05350E-04],[1.50684E-03,1.05008E-04],[1.47662E-03,1.04006E-04],[1.43784E-03,1.04346E-04],[1.39465E-03,1.03650E-04],[1.34645E-03,1.04597E-04],[1.29172E-03,1.04626E-04],[1.23019E-03,1.02253E-04],[1.16615E-03,1.03070E-04],[1.09619E-03,1.03726E-04],[1.02033E-03,1.03078E-04],[9.41349E-04,1.05536E-04],[8.59533E-04,1.03736E-04],[7.73361E-04,1.05253E-04],[6.87257E-04,1.03546E-04],[6.06311E-04,1.05122E-04],[5.47364E-04,1.06232E-04],[5.70209E-04,1.22765E-04]],[[1.51673E-03,1.11470E-04],[1.50822E-03,1.06742E-04],[1.49626E-03,1.05572E-04],[1.48157E-03,1.06034E-04],[1.45154E-03,1.06423E-04],[1.42408E-03,1.05531E-04],[1.38857E-03,1.06364E-04],[1.34694E-03,1.04190E-04],[1.30112E-03,1.05010E-04],[1.24508E-03,1.05293E-04],[1.18595E-03,1.05283E-04],[1.12351E-03,1.04548E-04],[1.05834E-03,1.03583E-04],[9.84180E-04,1.04224E-04],[9.09303E-04,1.03612E-04],[8.30012E-04,1.05025E-04],[7.44989E-04,1.04741E-04],[6.61520E-04,1.04400E-04],[5.84473E-04,1.04513E-04],[5.29438E-04,1.07738E-04],[5.49105E-04,1.25633E-04]],[[1.45630E-03,1.11864E-04],[1.44717E-03,1.06135E-04],[1.43261E-03,1.04793E-04],[1.42116E-03,1.04981E-04],[1.39457E-03,1.05930E-04],[1.36392E-03,1.04172E-04],[1.33049E-03,1.04743E-04],[1.29321E-03,1.05610E-04],[1.24244E-03,1.04387E-04],[1.19803E-03,1.04778E-04],[1.13930E-03,1.05375E-04],[1.08042E-03,1.03629E-04],[1.01540E-03,1.05123E-04],[9.46773E-04,1.05724E-04],[8.70893E-04,1.03785E-04],[7.93760E-04,1.03969E-04],[7.16041E-04,1.03482E-04],[6.34631E-04,1.05589E-04],[5.61405E-04,1.07318E-04],[5.07001E-04,1.08933E-04],[5.24472E-04,1.25129E-04]],[[1.38809E-03,1.10552E-04],[1.38020E-03,1.08327E-04],[1.36848E-03,1.06439E-04],[1.35315E-03,1.05596E-04],[1.32853E-03,1.06745E-04],[1.30159E-03,1.04689E-04],[1.27018E-03,1.04820E-04],[1.23017E-03,1.05552E-04],[1.18915E-03,1.04941E-04],[1.13991E-03,1.04798E-04],[1.08526E-03,1.04158E-04],[1.03041E-03,1.03124E-04],[9.66957E-04,1.05719E-04],[9.01218E-04,1.04871E-04],[8.32789E-04,1.04077E-04],[7.57526E-04,1.05499E-04],[6.82711E-04,1.06351E-04],[6.05972E-04,1.04760E-04],[5.35891E-04,1.05843E-04],[4.83480E-04,1.07734E-04],[5.02594E-04,1.24944E-04]],[[1.31138E-03,1.09737E-04],[1.30974E-03,1.08364E-04],[1.29717E-03,1.06855E-04],[1.28040E-03,1.06466E-04],[1.25945E-03,1.07661E-04],[1.23467E-03,1.07479E-04],[1.20406E-03,1.05970E-04],[1.16579E-03,1.04699E-04],[1.12493E-03,1.04744E-04],[1.07921E-03,1.04106E-04],[1.02859E-03,1.05280E-04],[9.74401E-04,1.04080E-04],[9.17970E-04,1.03857E-04],[8.53515E-04,1.05088E-04],[7.88651E-04,1.05157E-04],[7.18907E-04,1.04795E-04],[6.45814E-04,1.05467E-04],[5.75565E-04,1.06967E-04],[5.08180E-04,1.04821E-04],[4.60054E-04,1.09038E-04],[4.77006E-04,1.24830E-04]],[[1.23133E-03,1.11511E-04],[1.22920E-03,1.07464E-04],[1.22139E-03,1.06433E-04],[1.20588E-03,1.07013E-04],[1.18371E-03,1.05514E-04],[1.16210E-03,1.05674E-04],[1.13081E-03,1.06633E-04],[1.09831E-03,1.05233E-04],[1.05618E-03,1.05270E-04],[1.01480E-03,1.06723E-04],[9.69643E-04,1.05315E-04],[9.16551E-04,1.04586E-04],[8.61403E-04,1.04007E-04],[8.01618E-04,1.03797E-04],[7.40516E-04,1.02940E-04],[6.75766E-04,1.04974E-04],[6.07508E-04,1.05660E-04],[5.40441E-04,1.06875E-04],[4.77156E-04,1.06338E-04],[4.31063E-04,1.09572E-04],[4.49663E-04,1.23913E-04]],[[1.15241E-03,1.11265E-04],[1.14563E-03,1.08012E-04],[1.13485E-03,1.06016E-04],[1.12537E-03,1.06625E-04],[1.10280E-03,1.07180E-04],[1.08317E-03,1.05894E-04],[1.05648E-03,1.06489E-04],[1.02391E-03,1.05667E-04],[9.87285E-04,1.05793E-04],[9.45271E-04,1.06724E-04],[9.03155E-04,1.04841E-04],[8.56264E-04,1.05514E-04],[8.03532E-04,1.04001E-04],[7.49529E-04,1.04537E-04],[6.91677E-04,1.06003E-04],[6.31000E-04,1.05599E-04],[5.68617E-04,1.04404E-04],[5.04501E-04,1.06075E-04],[4.46284E-04,1.08029E-04],[4.03114E-04,1.08719E-04],[4.17946E-04,1.24539E-04]],[[1.06091E-03,