{
  "seed":-858220428,
  "pop":6500,
  "Inactive_Cycles":1200,
  "Active_Cycles":2500,
  "Total_CPU_Time":4.35063E+04,
  "Total_Transport_Time":5.32135E+02,
  "Time_Per_Integration":1.34074E-09,
  "Clock_Time":5.75368E+02,
  "keff":{
    "keff":[1.01558E+00,1.01383E-04]
  },
  "fissionRate":{
    "fissionRate":[[[1.76876E-03,1.60125E-04],[1.76445E-03,1.47903E-04],[1.75020E-03,1.48418E-04],[1.72917E-03,1.46232E-04],[1.70390E-03,1.46828E-04],[1.66008E-03,1.44475E-04],[1.61367E-03,1.51445E-04],[1.56847E-03,1.45939E-04],[1.51722E-03,1.44815E-04],[1.45130E-03,1.42600E-04],[1.38653E-03,1.43912E-04],[1.31747E-03,1.44177E-04],[1.23532E-03,1.43166E-04],[1.15100E-03,1.43730E-04],[1.06347E-03,1.42527E-04],[9.68273E-04,1.39997E-04],[8.74102E-04,1.41866E-04],[7.74584E-04,1.43086E-04],[6.85873E-04,1.44195E-04],[6.19726E-04,1.48544E-04],[6.40927E-04,1.66824E-04]],[[1.76579E-03,1.53531E-04],[1.75386E-03,1.42129E-04],[1.73770E-03,1.40518E-04],[1.72006E-03,1.37668E-04],[1.69247E-03,1.37225E-04],[1.65641E-03,1.36929E-04],[1.61393E-03,1.37126E-04],[1.56281E-03,1.36396E-04],[1.51111E-03,1.38360E-04],[1.44651E-03,1.35796E-04],[1.38205E-03,1.32393E-04],[1.30918E-03,1.35285E-04],[1.22890E-03,1.36179E-04],[1.14807E-03,1.35167E-04],[1.06108E-03,1.33365E-04],[9.67308E-04,1.34886E-04],[8.69139E-04,1.33839E-04],[7.73933E-04,1.35840E-04],[6.82015E-04,1.38948E-04],[6.16467E-04,1.41492E-04],[6.36235E-04,1.61579E-04]],[[1.75187E-03,1.46404E-04],[1.74283E-03,1.36520E-04],[1.72212E-03,1.38746E-04],[1.70644E-03,1.39264E-04],[1.67721E-03,1.39494E-04],[1.64199E-03,1.38439E-04],[1.59872E-03,1.35549E-04],[1.55261E-03,1.38511E-04],[1.49822E-03,1.36519E-04],[1.43895E-03,1.37580E-04],[1.37335E-03,1.34839E-04],[1.29846E-03,1.34431E-04],[1.22166E-03,1.35906E-04],[1.13932E-03,1.37499E-04],[1.04993E-03,1.32740E-04],[9.58323E-04,1.36482E-04],[8.62187E-04,1.33703E-04],[7.67934E-04,1.34544E-04],[6.78977E-04,1.35080E-04],[6.09387E-04,1.36058E-04],[6.28863E-04,1.57898E-04]],[[1.72421E-03,1.42152E-04],[1.71595E-03,1.36656E-04],[1.70764E-03,1.38078E-04],[1.68537E-03,1.37172E-04],[1.65490E-03,1.35440E-04],[1.61951E-03,1.37412E-04],[1.57707E-03,1.33147E-04],[1.53230E-03,1.37058E-04],[1.47930E-03,1.36445E-04],[1.41751E-03,1.33867E-04],[1.35462E-03,1.34232E-04],[1.28591E-03,1.33709E-04],[1.20637E-03,1.33596E-04],[1.12560E-03,1.32457E-04],[1.03663E-03,1.32980E-04],[9.44552E-04,1.34242E-04],[8.51442E-04,1.33436E-04],[7.58160E-04,1.34189E-04],[6.68413E-04,1.35976E-04],[6.04149E-04,1.38289E-04],[6.21020E-04,1.59867E-04]],[[1.69747E-03,1.47269E-04],[1.69310E-03,1.36040E-04],[1.67688E-03,1.32420E-04],[1.65432E-03,1.33768E-04],[1.63639E-03,1.36405E-04],[1.60122E-03,1.35393E-04],[1.55375E-03,1.35520E-04],[1.50464E-03,1.33169E-04],[1.45530E-03,1.34692E-04],[1.39563E-03,1.35463E-04],[1.33517E-03,1.34271E-04],[1.26291E-03,1.34073E-04],[1.19020E-03,1.33354E-04],[1.10338E-03,1.33573E-04],[1.01877E-03,1.33309E-04],[9.30348E-04,1.33863E-04],[8.37933E-04,1.33244E-04],[7.46710E-04,1.33918E-04],[6.56584E-04,1.33335E-04],[5.93014E-04,1.36775E-04],[6.10077E-04,1.58306E-04]],[[1.66184E-03,1.44635E-04],[1.65933E-03,1.35315E-04],[1.64449E-03,1.32995E-04],[1.62308E-03,1.34138E-04],[1.60098E-03,1.35074E-04],[1.56276E-03,1.35500E-04],[1.52112E-03,1.34885E-04],[1.47811E-03,1.31804E-04],[1.42426E-03,1.35584E-04],[1.36917E-03,1.34612E-04],[1.30579E-03,1.36618E-04],[1.23250E-03,1.34000E-04],[1.16282E-03,1.31410E-04],[1.08377E-03,1.34096E-04],[9.98271E-04,1.36529E-04],[9.11979E-04,1.35020E-04],[8.22250E-04,1.37192E-04],[7.31090E-04,1.34016E-04],[6.44265E-04,1.39203E-04],[5.82038E-04,1.37916E-04],[5.99905E-04,1.57606E-04]],[[1.62314E-03,1.42577E-04],[1.61144E-03,1.37754E-04],[1.59975E-03,1.33934E-04],[1.58556E-03,1.35696E-04],[1.55800E-03,1.33921E-04],[1.52210E-03,1.35037E-04],[1.48789E-03,1.33108E-04],[1.43862E-03,1.34642E-04],[1.38929E-03,1.36134E-04],[1.33197E-03,1.33708E-04],[1.27135E-03,1.34831E-04],[1.20318E-03,1.34512E-04],[1.12986E-03,1.35535E-04],[1.05579E-03,1.36015E-04],[9.74730E-04,1.33129E-04],[8.89210E-04,1.35105E-04],[8.00596E-04,1.36778E-04],[7.12815E-04,1.35047E-04],[6.27220E-04,1.36348E-04],[5.67172E-04,1.39536E-04],[5.87282E-04,1.62867E-04]],[[1.57234E-03,1.44938E-04],[1.56337E-03,1.35795E-04],[1.54995E-03,1.35822E-04],[1.53647E-03,1.33939E-04],[1.50834E-03,1.35074E-04],[1.47571E-03,1.37138E-04],[1.44141E-03,1.34965E-04],[1.39063E-03,1.34124E-04],[1.34391E-03,1.36150E-04],[1.28904E-03,1.36709E-04],[1.23120E-03,1.34510E-04],[1.16949E-03,1.35337E-04],[1.09994E-03,1.34544E-04],[1.02539E-03,1.32546E-04],[9.46822E-04,1.35966E-04],[8.61387E-04,1.37346E-04],[7.77476E-04,1.37830E-04],[6.90688E-04,1.36215E-04],[6.09719E-04,1.36755E-04],[5.50073E-04,1.38842E-04],[5.69951E-04,1.58665E-04]],[[1.51540E-03,1.43135E-04],[1.50748E-03,1.35163E-04],[1.49586E-03,1.33829E-04],[1.47841E-03,1.34161E-04],[1.45953E-03,1.36048E-04],[1.42544E-03,1.37974E-04],[1.38868E-03,1.34750E-04],[1.34659E-03,1.35488E-04],[1.29504E-03,1.35332E-04],[1.24578E-03,1.34789E-04],[1.18892E-03,1.34668E-04],[1.12448E-03,1.34933E-04],[1.05858E-03,1.37137E-04],[9.89338E-04,1.35585E-04],[9.13398E-04,1.33932E-04],[8.32906E-04,1.34917E-04],[7.49998E-04,1.35997E-04],[6.65652E-04,1.37136E-04],[5.89776E-04,1.36752E-04],[5.33083E-04,1.37875E-04],[5.50790E-04,1.58820E-04]],[[1.45429E-03,1.43223E-04],[1.44681E-03,1.33933E-04],[1.43860E-03,1.34356E-04],[1.41924E-03,1.35058E-04],[1.40112E-03,1.35287E-04],[1.36949E-03,1.36765E-04],[1.33176E-03,1.34210E-04],[1.29118E-03,1.34744E-04],[1.24495E-03,1.35374E-04],[1.19553E-03,1.37000E-04],[1.14498E-03,1.33366E-04],[1.08070E-03,1.32579E-04],[1.01956E-03,1.33437E-04],[9.47442E-04,1.33709E-04],[8.77469E-04,1.33513E-04],[7.99430E-04,1.35654E-04],[7.20158E-04,1.35942E-04],[6.40140E-04,1.36896E-04],[5.64917E-04,1.36729E-04],[5.09484E-04,1.37593E-04],[5.28699E-04,1.58654E-04]],[[1.38824E-03,1.44208E-04],[1.38361E-03,1.36806E-04],[1.37104E-03,1.36742E-04],[1.35293E-03,1.36105E-04],[1.33288E-03,1.35805E-04],[1.30512E-03,1.34743E-04],[1.27311E-03,1.34902E-04],[1.23147E-03,1.33132E-04],[1.19008E-03,1.33393E-04],[1.14376E-03,1.33679E-04],[1.08911E-03,1.35319E-04],[1.02967E-03,1.33221E-04],[9.72335E-04,1.33531E-04],[9.05238E-04,1.33160E-04],[8.34520E-04,1.33209E-04],[7.63405E-04,1.33327E-04],[6.88037E-04,1.35583E-04],[6.09437E-04,1.35179E-04],[5.39162E-04,1.36531E-04],[4.86755E-04,1.38843E-04],[5.04649E-04,1.56507E-04]],[[1.31445E-03,1.46900E-04],[1.31013E-03,1.38564E-04],[1.29610E-03,1.32993E-04],[1.27932E-03,1.33774E-04],[1.26280E-03,1.32654E-04],[1.23687E-03,1.34811E-04],[1.20372E-03,1.36970E-04],[1.16770E-03,1.36627E-04],[1.12525E-03,1.34447E-04],[1.08402E-03,1.34901E-04],[1.02989E-03,1.36975E-04],[9.77378E-04,1.31936E-04],[9.19033E-04,1.33450E-04],[8.56452E-04,1.33878E-04],[7.95039E-04,1.32336E-04],[7.22953E-04,1.32698E-04],[6.50824E-04,1.36601E-04],[5.78550E-04,1.37670E-04],[5.09992E-04,1.36236E-04],[4.61425E-04,1.38310E-04],[4.74215E-04,1.60453E-04]],[[1.23236E-03,1.43780E-04],[1.23029E-03,1.39429E-04],[1.21945E-03,1.37062E-04],[1.20531E-03,1.33900E-04],[1.18678E-03,1.37744E-04],[1.15864E-03,1.37370E-04],[1.13247E-03,1.36662E-04],[1.10091E-03,1.34264E-04],[1.05936E-03,1.35033E-04],[1.01497E-03,1.37369E-04],[9.68657E-04,1.39011E-04],[9.14934E-04,1.33277E-04],[8.64012E-04,1.34465E-04],[8.06744E-04,1.32978E-04],[7.41417E-04,1.34021E-04],[6.81299E-04,1.35647E-04],[6.12745E-04,1.35168E-04],[5.44552E-04,1.35868E-04],[4.80588E-04,1.34626E-04],[4.33890E-04,1.37324E-04],[4.47685E-04,1.58608E-04]],[[1.15079E-03,1.45208E-04],[1.14425E-03,1.40144E-04],[1.13907E-03,1.36138E-04],[1.12079E-03,1.34240E-04],[1.10383E-03,1.36893E-04],[1.08773E-03,1.39955E-04],[1.05846E-03,1.35656E-04],[1.02151E-03,1.36087E-04],[9.86199E-04,1.37189E-04],[9.46667E-04,1.35588E-04],[9.03648E-04,1.36697E-04],[8.54597E-04,1.33430E-04],[8.07241E-04,1.34750E-04],[7.51063E-04,1.34785E-04],[6.90888E-04,1.32405E-04],[6.34052E-04,1.33103E-04],[5.71069E-04,1.35413E-04],[5.07038E-04,1.37863E-04],[4.48298E-04,1.36435E-04],[4.04611E-04,1.38067E-04],[4.18480E-04,1.57109E-04]],[[1.06263E-03,