{
  "seed":1994053021,
  "pop":6500,
  "Inactive_Cycles":1200,
  "Active_Cycles":2500,
  "Total_CPU_Time":1.73097E+05,
  "Total_Transport_Time":2.15196E+03,
  "Time_Per_Integration":5.38816E-09,
  "Clock_Time":2.29062E+03,
  "keff":{
    "keff":[1.01639E+00,1.37562E-04]
  },
  "fissionRate":{
    "fissionRate":[[[1.77777E-03,2.26806E-04],[1.76647E-03,2.14314E-04],[1.75279E-03,2.13996E-04],[1.72981E-03,2.08004E-04],[1.69644E-03,2.03487E-04],[1.66001E-03,1.98437E-04],[1.61981E-03,1.96292E-04],[1.56690E-03,1.96291E-04],[1.51352E-03,1.96374E-04],[1.45444E-03,1.93715E-04],[1.38794E-03,1.94047E-04],[1.31236E-03,1.96621E-04],[1.23780E-03,1.85965E-04],[1.15249E-03,1.82056E-04],[1.06508E-03,1.85601E-04],[9.69681E-04,1.86961E-04],[8.73227E-04,1.91485E-04],[7.75315E-04,1.82868E-04],[6.83006E-04,1.76513E-04],[6.17725E-04,1.76981E-04],[6.40810E-04,2.04867E-04]],[[1.76460E-03,2.07202E-04],[1.75469E-03,1.96855E-04],[1.73822E-03,1.93741E-04],[1.72517E-03,1.95699E-04],[1.69869E-03,1.85877E-04],[1.65509E-03,1.92460E-04],[1.61297E-03,1.90605E-04],[1.56527E-03,1.86560E-04],[1.50734E-03,1.89763E-04],[1.44642E-03,1.84438E-04],[1.38387E-03,1.87029E-04],[1.31071E-03,1.84535E-04],[1.22894E-03,1.76431E-04],[1.14630E-03,1.75313E-04],[1.06389E-03,1.77784E-04],[9.65173E-04,1.76155E-04],[8.67707E-04,1.77036E-04],[7.70370E-04,1.75079E-04],[6.82346E-04,1.79720E-04],[6.18299E-04,1.69257E-04],[6.37747E-04,1.97566E-04]],[[1.75642E-03,1.98042E-04],[1.73798E-03,1.89986E-04],[1.72514E-03,1.85209E-04],[1.71000E-03,1.87535E-04],[1.68461E-03,1.81000E-04],[1.64241E-03,1.81013E-04],[1.59609E-03,1.83189E-04],[1.54928E-03,1.85538E-04],[1.49758E-03,1.85747E-04],[1.43986E-03,1.80805E-04],[1.37002E-03,1.78947E-04],[1.30303E-03,1.80427E-04],[1.22257E-03,1.77705E-04],[1.14192E-03,1.75589E-04],[1.05327E-03,1.72167E-04],[9.59726E-04,1.74752E-04],[8.60588E-04,1.79126E-04],[7.66339E-04,1.72962E-04],[6.77411E-04,1.77100E-04],[6.09006E-04,1.74246E-04],[6.30415E-04,1.91485E-04]],[[1.73138E-03,1.93198E-04],[1.72135E-03,1.83556E-04],[1.70204E-03,1.83470E-04],[1.68204E-03,1.82473E-04],[1.65905E-03,1.79943E-04],[1.62477E-03,1.79981E-04],[1.57933E-03,1.81469E-04],[1.53181E-03,1.80917E-04],[1.47873E-03,1.81888E-04],[1.41925E-03,1.76920E-04],[1.35352E-03,1.75612E-04],[1.28127E-03,1.76481E-04],[1.20956E-03,1.77537E-04],[1.13100E-03,1.77307E-04],[1.04068E-03,1.73204E-04],[9.48222E-04,1.74585E-04],[8.50220E-04,1.76248E-04],[7.57185E-04,1.74783E-04],[6.68287E-04,1.76519E-04],[6.00183E-04,1.77365E-04],[6.22459E-04,1.92221E-04]],[[1.70386E-03,1.84697E-04],[1.68985E-03,1.80820E-04],[1.67822E-03,1.83854E-04],[1.65857E-03,1.82444E-04],[1.62489E-03,1.82309E-04],[1.59406E-03,1.77599E-04],[1.55553E-03,1.82370E-04],[1.50750E-03,1.79115E-04],[1.45509E-03,1.76650E-04],[1.39897E-03,1.70683E-04],[1.33327E-03,1.73507E-04],[1.25948E-03,1.71951E-04],[1.18472E-03,1.74224E-04],[1.10737E-03,1.73882E-04],[1.02070E-03,1.72875E-04],[9.35464E-04,1.69718E-04],[8.39179E-04,1.73227E-04],[7.46905E-04,1.71182E-04],[6.58600E-04,1.73104E-04],[5.93753E-04,1.74374E-04],[6.12907E-04,1.94015E-04]],[[1.66567E-03,1.85541E-04],[1.65762E-03,1.83036E-04],[1.64308E-03,1.79973E-04],[1.61878E-03,1.77761E-04],[1.59864E-03,1.81592E-04],[1.56147E-03,1.77690E-04],[1.52596E-03,1.79413E-04],[1.47436E-03,1.78680E-04],[1.43120E-03,1.72121E-04],[1.37103E-03,1.69247E-04],[1.30470E-03,1.70587E-04],[1.23728E-03,1.67546E-04],[1.15964E-03,1.71301E-04],[1.08544E-03,1.70388E-04],[9.99443E-04,1.68644E-04],[9.10751E-04,1.70434E-04],[8.20135E-04,1.68701E-04],[7.28464E-04,1.68587E-04],[6.42172E-04,1.70653E-04],[5.79701E-04,1.71329E-04],[5.95911E-04,1.97845E-04]],[[1.62122E-03,1.89439E-04],[1.61513E-03,1.78864E-04],[1.60137E-03,1.77415E-04],[1.58666E-03,1.75844E-04],[1.55490E-03,1.75443E-04],[1.52576E-03,1.78836E-04],[1.48320E-03,1.81158E-04],[1.44698E-03,1.76548E-04],[1.39013E-03,1.70567E-04],[1.33365E-03,1.68904E-04],[1.27092E-03,1.68340E-04],[1.20406E-03,1.63329E-04],[1.13326E-03,1.63888E-04],[1.06012E-03,1.66176E-04],[9.74376E-04,1.66142E-04],[8.90330E-04,1.66532E-04],[7.99858E-04,1.66523E-04],[7.09474E-04,1.67702E-04],[6.25551E-04,1.66439E-04],[5.67090E-04,1.73644E-04],[5.87158E-04,1.94872E-04]],[[1.57611E-03,1.81406E-04],[1.56676E-03,1.77168E-04],[1.55856E-03,1.79482E-04],[1.53517E-03,1.76877E-04],[1.50353E-03,1.75315E-04],[1.48030E-03,1.72184E-04],[1.44234E-03,1.76174E-04],[1.39637E-03,1.72183E-04],[1.34723E-03,1.70877E-04],[1.29422E-03,1.66636E-04],[1.23397E-03,1.67318E-04],[1.16909E-03,1.64842E-04],[1.09805E-03,1.64600E-04],[1.02057E-03,1.62892E-04],[9.46571E-04,1.69360E-04],[8.63576E-04,1.67306E-04],[7.77450E-04,1.69232E-04],[6.86777E-04,1.71414E-04],[6.07066E-04,1.72067E-04],[5.49027E-04,1.74027E-04],[5.70200E-04,1.93661E-04]],[[1.51843E-03,1.84060E-04],[1.51532E-03,1.76750E-04],[1.50067E-03,1.75960E-04],[1.47849E-03,1.72582E-04],[1.45948E-03,1.66180E-04],[1.42986E-03,1.70625E-04],[1.38961E-03,1.67744E-04],[1.35200E-03,1.66108E-04],[1.30680E-03,1.62124E-04],[1.24797E-03,1.62804E-04],[1.19197E-03,1.65914E-04],[1.13215E-03,1.63406E-04],[1.06343E-03,1.67974E-04],[9.87104E-04,1.66282E-04],[9.07422E-04,1.65009E-04],[8.32818E-04,1.69060E-04],[7.50024E-04,1.66461E-04],[6.65141E-04,1.70886E-04],[5.88954E-04,1.70960E-04],[5.30370E-04,1.71245E-04],[5.49903E-04,1.87838E-04]],[[1.45819E-03,1.81014E-04],[1.44945E-03,1.73509E-04],[1.43474E-03,1.73312E-04],[1.42378E-03,1.66365E-04],[1.39912E-03,1.67787E-04],[1.36722E-03,1.67108E-04],[1.33523E-03,1.66166E-04],[1.29790E-03,1.65027E-04],[1.24818E-03,1.61702E-04],[1.20174E-03,1.60536E-04],[1.14652E-03,1.63779E-04],[1.08466E-03,1.65280E-04],[1.01715E-03,1.65537E-04],[9.47102E-04,1.66878E-04],[8.77016E-04,1.64735E-04],[7.99386E-04,1.65776E-04],[7.18760E-04,1.66998E-04],[6.39211E-04,1.69416E-04],[5.64568E-04,1.69347E-04],[5.08333E-04,1.69213E-04],[5.27996E-04,1.86119E-04]],[[1.39007E-03,1.80178E-04],[1.37745E-03,1.75767E-04],[1.37751E-03,1.70853E-04],[1.35511E-03,1.68359E-04],[1.33957E-03,1.65615E-04],[1.30936E-03,1.65963E-04],[1.27004E-03,1.68018E-04],[1.23505E-03,1.65120E-04],[1.19084E-03,1.67623E-04],[1.14460E-03,1.62233E-04],[1.09227E-03,1.62979E-04],[1.03330E-03,1.63884E-04],[9.68481E-04,1.66315E-04],[9.03560E-04,1.64398E-04],[8.33725E-04,1.63633E-04],[7.63395E-04,1.63610E-04],[6.85473E-04,1.66200E-04],[6.10802E-04,1.70104E-04],[5.38976E-04,1.69836E-04],[4.87939E-04,1.72043E-04],[5.04545E-04,1.93211E-04]],[[1.31180E-03,1.81993E-04],[1.31068E-03,1.71325E-04],[1.29971E-03,1.69180E-04],[1.29065E-03,1.72142E-04],[1.26203E-03,1.67731E-04],[1.23468E-03,1.62510E-04],[1.20816E-03,1.65163E-04],[1.17059E-03,1.65986E-04],[1.13060E-03,1.66319E-04],[1.08354E-03,1.60403E-04],[1.03190E-03,1.61316E-04],[9.78309E-04,1.63436E-04],[9.17607E-04,1.64101E-04],[8.57053E-04,1.64100E-04],[7.90621E-04,1.60082E-04],[7.20812E-04,1.60616E-04],[6.50871E-04,1.65448E-04],[5.79269E-04,1.70099E-04],[5.13339E-04,1.73451E-04],[4.62429E-04,1.70593E-04],[4.78349E-04,1.93608E-04]],[[1.23817E-03,1.75718E-04],[1.23089E-03,1.70431E-04],[1.22238E-03,1.66679E-04],[1.21141E-03,1.66684E-04],[1.19021E-03,1.66353E-04],[1.16622E-03,1.60853E-04],[1.13542E-03,1.62752E-04],[1.09995E-03,1.60201E-04],[1.06501E-03,1.63781E-04],[1.02110E-03,1.61473E-04],[9.74499E-04,1.60230E-04],[9.19799E-04,1.62875E-04],[8.65325E-04,1.68089E-04],[8.06643E-04,1.69387E-04],[7.42184E-04,1.63596E-04],[6.79486E-04,1.60535E-04],[6.13308E-04,1.66049E-04],[5.43964E-04,1.68760E-04],[4.79815E-04,1.67673E-04],[4.35055E-04,1.69338E-04],[4.49936E-04,1.90861E-04]],[[1.15282E-03,1.76137E-04],[1.15065E-03,1.71051E-04],[1.14421E-03,1.66017E-04],[1.12671E-03,1.70444E-04],[1.10896E-03,1.64832E-04],[1.08648E-03,1.61335E-04],[1.05935E-03,1.62767E-04],[1.02840E-03,1.60871E-04],[9.89219E-04,1.62404E-04],[9.50810E-04,1.59459E-04],[9.06939E-04,1.61951E-04],[8.60258E-04,1.63263E-04],[8.09424E-04,1.64820E-04],[7.51780E-04,1.66107E-04],[6.93748E-04,1.65683E-04],[6.33424E-04,1.64371E-04],[5.70428E-04,1.65818E-04],[5.06403E-04,1.68370E-04],[4.48191E-04,1.65154E-04],[4.05329E-04,1.65283E-04],[4.20421E-04,1.93972E-04]],[[1.06566E-03,