{
  "seed":1747327601,
  "pop":6500,
  "Inactive_Cycles":1200,
  "Active_Cycles":2500,
  "Total_CPU_Time":1.28099E+05,
  "Total_Transport_Time":2.83013E+03,
  "Time_Per_Integration":7.05340E-09,
  "Clock_Time":3.73450E+03,
  "keff":{
    "keff":[1.01622E+00,1.04991E-04]
  },
  "fissionRate":{
    "fissionRate":[[[1.76839E-03,1.57372E-04],[1.76034E-03,1.50001E-04],[1.74671E-03,1.47563E-04],[1.72772E-03,1.44657E-04],[1.69960E-03,1.44052E-04],[1.66185E-03,1.42711E-04],[1.61699E-03,1.43603E-04],[1.57973E-03,1.43103E-04],[1.51934E-03,1.42296E-04],[1.45484E-03,1.43651E-04],[1.39286E-03,1.43171E-04],[1.32127E-03,1.42162E-04],[1.24230E-03,1.42291E-04],[1.15800E-03,1.42874E-04],[1.07015E-03,1.40966E-04],[9.74906E-04,1.41557E-04],[8.78120E-04,1.40597E-04],[7.80964E-04,1.44351E-04],[6.89510E-04,1.43431E-04],[6.22511E-04,1.47908E-04],[6.43217E-04,1.67639E-04]],[[1.76542E-03,1.51310E-04],[1.75203E-03,1.44259E-04],[1.73888E-03,1.39484E-04],[1.72331E-03,1.38482E-04],[1.69534E-03,1.37115E-04],[1.66286E-03,1.35629E-04],[1.61650E-03,1.37158E-04],[1.56746E-03,1.37590E-04],[1.50953E-03,1.35441E-04],[1.45289E-03,1.35769E-04],[1.38706E-03,1.38378E-04],[1.31316E-03,1.35806E-04],[1.23566E-03,1.35018E-04],[1.15351E-03,1.34949E-04],[1.06261E-03,1.38016E-04],[9.67939E-04,1.33901E-04],[8.72582E-04,1.36699E-04],[7.76595E-04,1.37935E-04],[6.84856E-04,1.38240E-04],[6.19162E-04,1.38664E-04],[6.43688E-04,1.59852E-04]],[[1.74947E-03,1.48836E-04],[1.74273E-03,1.39858E-04],[1.72537E-03,1.38810E-04],[1.70858E-03,1.36969E-04],[1.68176E-03,1.36033E-04],[1.65160E-03,1.34445E-04],[1.60404E-03,1.34163E-04],[1.55316E-03,1.35690E-04],[1.50065E-03,1.36144E-04],[1.43969E-03,1.36388E-04],[1.37492E-03,1.36263E-04],[1.30847E-03,1.34139E-04],[1.22414E-03,1.34054E-04],[1.14397E-03,1.32522E-04],[1.05314E-03,1.33758E-04],[9.60238E-04,1.33765E-04],[8.64041E-04,1.38138E-04],[7.66924E-04,1.37422E-04],[6.81035E-04,1.38182E-04],[6.14248E-04,1.41977E-04],[6.37641E-04,1.60157E-04]],[[1.72988E-03,1.42633E-04],[1.72207E-03,1.38515E-04],[1.70380E-03,1.38704E-04],[1.68679E-03,1.36904E-04],[1.65621E-03,1.35189E-04],[1.62448E-03,1.34054E-04],[1.58220E-03,1.34203E-04],[1.53535E-03,1.34519E-04],[1.48237E-03,1.34880E-04],[1.42334E-03,1.35903E-04],[1.35512E-03,1.36317E-04],[1.28574E-03,1.35045E-04],[1.21239E-03,1.31665E-04],[1.12809E-03,1.33370E-04],[1.04208E-03,1.34850E-04],[9.50937E-04,1.34415E-04],[8.55235E-04,1.37850E-04],[7.59072E-04,1.37089E-04],[6.72211E-04,1.34732E-04],[6.05353E-04,1.39760E-04],[6.28931E-04,1.64044E-04]],[[1.69972E-03,1.43661E-04],[1.69235E-03,1.38048E-04],[1.67467E-03,1.35540E-04],[1.65694E-03,1.37111E-04],[1.63351E-03,1.37954E-04],[1.59665E-03,1.33723E-04],[1.55877E-03,1.33636E-04],[1.51052E-03,1.34313E-04],[1.45925E-03,1.36047E-04],[1.39711E-03,1.34625E-04],[1.33749E-03,1.34128E-04],[1.26536E-03,1.33284E-04],[1.19275E-03,1.33312E-04],[1.10836E-03,1.34304E-04],[1.02464E-03,1.33197E-04],[9.34640E-04,1.33536E-04],[8.41628E-04,1.36305E-04],[7.46651E-04,1.35101E-04],[6.60320E-04,1.36159E-04],[5.95959E-04,1.39331E-04],[6.16308E-04,1.62923E-04]],[[1.66277E-03,1.45221E-04],[1.65363E-03,1.38094E-04],[1.64720E-03,1.37231E-04],[1.62601E-03,1.37386E-04],[1.59711E-03,1.36567E-04],[1.56570E-03,1.33793E-04],[1.52892E-03,1.34101E-04],[1.47970E-03,1.34581E-04],[1.42891E-03,1.35645E-04],[1.36885E-03,1.33924E-04],[1.31058E-03,1.32838E-04],[1.24020E-03,1.31970E-04],[1.16375E-03,1.32022E-04],[1.08413E-03,1.32614E-04],[1.00129E-03,1.32414E-04],[9.11530E-04,1.33547E-04],[8.23443E-04,1.35799E-04],[7.27825E-04,1.35028E-04],[6.45545E-04,1.34998E-04],[5.83846E-04,1.37948E-04],[6.02773E-04,1.62227E-04]],[[1.61872E-03,1.42038E-04],[1.61725E-03,1.35425E-04],[1.59758E-03,1.37488E-04],[1.58606E-03,1.34319E-04],[1.55794E-03,1.36332E-04],[1.52389E-03,1.34474E-04],[1.48164E-03,1.35646E-04],[1.44052E-03,1.32342E-04],[1.38999E-03,1.33835E-04],[1.33479E-03,1.34770E-04],[1.27113E-03,1.34589E-04],[1.20843E-03,1.33178E-04],[1.13484E-03,1.32767E-04],[1.05628E-03,1.34320E-04],[9.75933E-04,1.34173E-04],[8.90299E-04,1.33282E-04],[8.00518E-04,1.35015E-04],[7.13897E-04,1.32741E-04],[6.27900E-04,1.34292E-04],[5.67032E-04,1.36466E-04],[5.85587E-04,1.54431E-04]],[[1.57671E-03,1.42805E-04],[1.56731E-03,1.38697E-04],[1.55332E-03,1.36268E-04],[1.53675E-03,1.34340E-04],[1.51010E-03,1.34712E-04],[1.47634E-03,1.35068E-04],[1.44063E-03,1.35574E-04],[1.39204E-03,1.32484E-04],[1.35018E-03,1.33458E-04],[1.29448E-03,1.32698E-04],[1.23614E-03,1.33929E-04],[1.16859E-03,1.34185E-04],[1.09860E-03,1.32294E-04],[1.02392E-03,1.34087E-04],[9.42745E-04,1.33389E-04],[8.62347E-04,1.34325E-04],[7.78193E-04,1.31500E-04],[6.91502E-04,1.34662E-04],[6.09346E-04,1.35420E-04],[5.51180E-04,1.39521E-04],[5.67049E-04,1.57354E-04]],[[1.51666E-03,1.38439E-04],[1.51566E-03,1.39911E-04],[1.49916E-03,1.36213E-04],[1.47976E-03,1.38964E-04],[1.45540E-03,1.36752E-04],[1.42780E-03,1.34570E-04],[1.38979E-03,1.33524E-04],[1.34714E-03,1.30591E-04],[1.30307E-03,1.32594E-04],[1.24999E-03,1.33759E-04],[1.19320E-03,1.34099E-04],[1.12771E-03,1.32844E-04],[1.06293E-03,1.32751E-04],[9.87115E-04,1.32659E-04],[9.11937E-04,1.32464E-04],[8.31982E-04,1.34015E-04],[7.49229E-04,1.36928E-04],[6.66646E-04,1.34501E-04],[5.87316E-04,1.35584E-04],[5.31032E-04,1.38149E-04],[5.49278E-04,1.57725E-04]],[[1.45686E-03,1.43705E-04],[1.45046E-03,1.37139E-04],[1.43927E-03,1.34844E-04],[1.42287E-03,1.36110E-04],[1.39418E-03,1.34297E-04],[1.36373E-03,1.36953E-04],[1.33150E-03,1.35782E-04],[1.29588E-03,1.33607E-04],[1.24944E-03,1.33164E-04],[1.19907E-03,1.34323E-04],[1.14299E-03,1.32709E-04],[1.08277E-03,1.33449E-04],[1.01672E-03,1.33395E-04],[9.49262E-04,1.32462E-04],[8.75210E-04,1.34685E-04],[7.97255E-04,1.34414E-04],[7.17313E-04,1.37030E-04],[6.40901E-04,1.35309E-04],[5.63808E-04,1.35592E-04],[5.08296E-04,1.36817E-04],[5.25835E-04,1.56804E-04]],[[1.38682E-03,1.41696E-04],[1.37881E-03,1.40299E-04],[1.37167E-03,1.35198E-04],[1.35399E-03,1.36975E-04],[1.33197E-03,1.36471E-04],[1.30374E-03,1.37900E-04],[1.26966E-03,1.35966E-04],[1.23288E-03,1.33464E-04],[1.19223E-03,1.34038E-04],[1.14583E-03,1.33710E-04],[1.09077E-03,1.34025E-04],[1.03364E-03,1.34010E-04],[9.72021E-04,1.33421E-04],[9.05032E-04,1.34127E-04],[8.33674E-04,1.32802E-04],[7.61462E-04,1.36097E-04],[6.85325E-04,1.35495E-04],[6.07659E-04,1.34556E-04],[5.37287E-04,1.37179E-04],[4.84196E-04,1.37338E-04],[5.03010E-04,1.56953E-04]],[[1.31195E-03,1.43113E-04],[1.30430E-03,1.37227E-04],[1.29819E-03,1.36516E-04],[1.28476E-03,1.37197E-04],[1.25735E-03,1.36098E-04],[1.23474E-03,1.36621E-04],[1.20288E-03,1.35011E-04],[1.16838E-03,1.34951E-04],[1.12661E-03,1.34079E-04],[1.08129E-03,1.33748E-04],[1.03151E-03,1.33678E-04],[9.78497E-04,1.33501E-04],[9.20723E-04,1.35343E-04],[8.58892E-04,1.33227E-04],[7.91072E-04,1.30818E-04],[7.22373E-04,1.32174E-04],[6.50690E-04,1.33791E-04],[5.76388E-04,1.33651E-04],[5.07841E-04,1.34462E-04],[4.60923E-04,1.36222E-04],[4.77219E-04,1.53530E-04]],[[1.23604E-03,1.46068E-04],[1.23167E-03,1.40587E-04],[1.21742E-03,1.40655E-04],[1.20723E-03,1.36593E-04],[1.18406E-03,1.36018E-04],[1.15604E-03,1.36126E-04],[1.12831E-03,1.36732E-04],[1.09752E-03,1.35107E-04],[1.05780E-03,1.33886E-04],[1.01697E-03,1.35274E-04],[9.68124E-04,1.36700E-04],[9.19239E-04,1.34453E-04],[8.65065E-04,1.34000E-04],[8.05287E-04,1.34904E-04],[7.42548E-04,1.34226E-04],[6.77162E-04,1.33257E-04],[6.09381E-04,1.35544E-04],[5.42099E-04,1.35324E-04],[4.78923E-04,1.32694E-04],[4.32768E-04,1.38840E-04],[4.47680E-04,1.52706E-04]],[[1.15257E-03,1.45802E-04],[1.14798E-03,1.41378E-04],[1.13686E-03,1.40750E-04],[1.12325E-03,1.38049E-04],[1.10473E-03,1.34803E-04],[1.08281E-03,1.35277E-04],[1.05416E-03,1.37094E-04],[1.02198E-03,1.36960E-04],[9.87904E-04,1.35774E-04],[9.48732E-04,1.36703E-04],[9.01222E-04,1.36141E-04],[8.56635E-04,1.35614E-04],[8.05136E-04,1.35266E-04],[7.51836E-04,1.34236E-04],[6.95261E-04,1.34480E-04],[6.32213E-04,1.34252E-04],[5.70250E-04,1.35541E-04],[5.05432E-04,1.35346E-04],[4.46549E-04,1.34477E-04],[4.04411E-04,1.34579E-04],[4.17337E-04,1.50680E-04]],[[1.06412E-03,