{
  "seed":1819961712,
  "pop":6500,
  "Inactive_Cycles":1200,
  "Active_Cycles":2500,
  "Total_CPU_Time":2.47818E+04,
  "Total_Transport_Time":3.01615E+02,
  "Time_Per_Integration":7.55977E-10,
  "Clock_Time":3.27651E+02,
  "keff":{
    "keff":[1.01567E+00,1.02287E-04]
  },
  "fissionRate":{
    "fissionRate":[[[1.76599E-03,1.81139E-04],[1.75604E-03,1.60984E-04],[1.74442E-03,1.50986E-04],[1.72759E-03,1.54674E-04],[1.69505E-03,1.52372E-04],[1.66535E-03,1.50082E-04],[1.61663E-03,1.54395E-04],[1.57355E-03,1.50949E-04],[1.51476E-03,1.44673E-04],[1.45554E-03,1.45728E-04],[1.38645E-03,1.49862E-04],[1.31519E-03,1.44363E-04],[1.23574E-03,1.48093E-04],[1.15275E-03,1.47177E-04],[1.06409E-03,1.51878E-04],[9.70967E-04,1.46449E-04],[8.74115E-04,1.44517E-04],[7.77146E-04,1.44073E-04],[6.88191E-04,1.43746E-04],[6.20303E-04,1.46991E-04],[6.40810E-04,1.77404E-04]],[[1.75766E-03,1.59585E-04],[1.74590E-03,1.44570E-04],[1.73635E-03,1.46926E-04],[1.71862E-03,1.42799E-04],[1.68540E-03,1.47030E-04],[1.65079E-03,1.48206E-04],[1.60848E-03,1.49194E-04],[1.56547E-03,1.43147E-04],[1.50947E-03,1.40313E-04],[1.44349E-03,1.41419E-04],[1.38126E-03,1.36830E-04],[1.30979E-03,1.39211E-04],[1.23387E-03,1.42290E-04],[1.14936E-03,1.40405E-04],[1.05720E-03,1.39899E-04],[9.66775E-04,1.41995E-04],[8.70571E-04,1.40501E-04],[7.74487E-04,1.38352E-04],[6.83437E-04,1.36397E-04],[6.17974E-04,1.38943E-04],[6.38105E-04,1.63952E-04]],[[1.73669E-03,1.64107E-04],[1.73174E-03,1.44993E-04],[1.72203E-03,1.43498E-04],[1.70064E-03,1.39049E-04],[1.67456E-03,1.39469E-04],[1.63979E-03,1.41253E-04],[1.60162E-03,1.39791E-04],[1.55050E-03,1.40951E-04],[1.49531E-03,1.39012E-04],[1.43228E-03,1.39207E-04],[1.37133E-03,1.39108E-04],[1.29727E-03,1.37378E-04],[1.22054E-03,1.41161E-04],[1.14132E-03,1.42037E-04],[1.05232E-03,1.39771E-04],[9.62011E-04,1.41463E-04],[8.65052E-04,1.38647E-04],[7.70310E-04,1.38054E-04],[6.79608E-04,1.40956E-04],[6.13130E-04,1.40695E-04],[6.33777E-04,1.60714E-04]],[[1.72230E-03,1.57609E-04],[1.71609E-03,1.45523E-04],[1.70205E-03,1.41924E-04],[1.67802E-03,1.41683E-04],[1.65293E-03,1.37546E-04],[1.62014E-03,1.40950E-04],[1.57745E-03,1.39330E-04],[1.52814E-03,1.38823E-04],[1.47959E-03,1.39008E-04],[1.41804E-03,1.40745E-04],[1.35121E-03,1.37658E-04],[1.28219E-03,1.36960E-04],[1.20780E-03,1.39526E-04],[1.12656E-03,1.40140E-04],[1.03954E-03,1.39653E-04],[9.48500E-04,1.38566E-04],[8.54088E-04,1.39117E-04],[7.61147E-04,1.37663E-04],[6.70928E-04,1.39628E-04],[6.04328E-04,1.39098E-04],[6.26346E-04,1.59195E-04]],[[1.69654E-03,1.52327E-04],[1.68895E-03,1.41251E-04],[1.67296E-03,1.39438E-04],[1.65244E-03,1.36807E-04],[1.62674E-03,1.38728E-04],[1.59360E-03,1.38048E-04],[1.55106E-03,1.41822E-04],[1.50761E-03,1.42456E-04],[1.45606E-03,1.41449E-04],[1.39088E-03,1.37266E-04],[1.33104E-03,1.35743E-04],[1.26697E-03,1.36812E-04],[1.18455E-03,1.35129E-04],[1.10575E-03,1.36713E-04],[1.01767E-03,1.35037E-04],[9.29399E-04,1.36261E-04],[8.38621E-04,1.37554E-04],[7.46538E-04,1.36075E-04],[6.59552E-04,1.36955E-04],[5.93702E-04,1.41603E-04],[6.13324E-04,1.61180E-04]],[[1.65923E-03,1.48658E-04],[1.64955E-03,1.39337E-04],[1.64253E-03,1.41651E-04],[1.62095E-03,1.39351E-04],[1.59440E-03,1.39429E-04],[1.56065E-03,1.38777E-04],[1.52002E-03,1.38908E-04],[1.47214E-03,1.37048E-04],[1.42281E-03,1.38877E-04],[1.36776E-03,1.37732E-04],[1.30109E-03,1.38364E-04],[1.23904E-03,1.36933E-04],[1.16339E-03,1.33835E-04],[1.08379E-03,1.33847E-04],[9.97706E-04,1.35935E-04],[9.10451E-04,1.36786E-04],[8.20402E-04,1.34586E-04],[7.30799E-04,1.34070E-04],[6.45380E-04,1.35098E-04],[5.83523E-04,1.38468E-04],[6.00764E-04,1.58925E-04]],[[1.61918E-03,1.47841E-04],[1.61405E-03,1.39367E-04],[1.59991E-03,1.40227E-04],[1.57988E-03,1.38592E-04],[1.55427E-03,1.37888E-04],[1.52100E-03,1.35897E-04],[1.48086E-03,1.38563E-04],[1.43908E-03,1.36632E-04],[1.38405E-03,1.37763E-04],[1.33685E-03,1.34935E-04],[1.27106E-03,1.34629E-04],[1.20751E-03,1.35950E-04],[1.13467E-03,1.37671E-04],[1.05575E-03,1.37101E-04],[9.73689E-04,1.36897E-04],[8.88759E-04,1.35794E-04],[8.02358E-04,1.34414E-04],[7.12240E-04,1.34958E-04],[6.28585E-04,1.36035E-04],[5.69170E-04,1.38521E-04],[5.88868E-04,1.59408E-04]],[[1.57287E-03,1.49682E-04],[1.56513E-03,1.44414E-04],[1.55068E-03,1.42726E-04],[1.53197E-03,1.38841E-04],[1.50619E-03,1.39515E-04],[1.47618E-03,1.35910E-04],[1.43837E-03,1.39163E-04],[1.39473E-03,1.37727E-04],[1.34781E-03,1.34465E-04],[1.28988E-03,1.35314E-04],[1.23251E-03,1.35401E-04],[1.16628E-03,1.36206E-04],[1.09858E-03,1.35304E-04],[1.02399E-03,1.38097E-04],[9.46244E-04,1.35220E-04],[8.64292E-04,1.33911E-04],[7.78992E-04,1.35842E-04],[6.91120E-04,1.34984E-04],[6.09773E-04,1.36116E-04],[5.53040E-04,1.39873E-04],[5.70928E-04,1.60752E-04]],[[1.51121E-03,1.49084E-04],[1.50723E-03,1.43218E-04],[1.49105E-03,1.41373E-04],[1.48053E-03,1.37858E-04],[1.45321E-03,1.39243E-04],[1.42183E-03,1.34053E-04],[1.38621E-03,1.38557E-04],[1.34314E-03,1.35683E-04],[1.30212E-03,1.37347E-04],[1.24381E-03,1.34741E-04],[1.18685E-03,1.33434E-04],[1.12744E-03,1.35103E-04],[1.06099E-03,1.34392E-04],[9.87659E-04,1.35882E-04],[9.13703E-04,1.34696E-04],[8.34775E-04,1.34966E-04],[7.51416E-04,1.37154E-04],[6.65706E-04,1.35998E-04],[5.87117E-04,1.35520E-04],[5.31248E-04,1.41009E-04],[5.49534E-04,1.60729E-04]],[[1.45231E-03,1.42684E-04],[1.44410E-03,1.38185E-04],[1.43594E-03,1.39041E-04],[1.41564E-03,1.37669E-04],[1.39328E-03,1.36532E-04],[1.36530E-03,1.35523E-04],[1.32941E-03,1.35576E-04],[1.28900E-03,1.37535E-04],[1.24827E-03,1.32459E-04],[1.19833E-03,1.34162E-04],[1.14062E-03,1.35967E-04],[1.07970E-03,1.34498E-04],[1.01714E-03,1.34048E-04],[9.50354E-04,1.35399E-04],[8.74979E-04,1.34840E-04],[7.97848E-04,1.32725E-04],[7.21211E-04,1.35332E-04],[6.38524E-04,1.35761E-04],[5.64050E-04,1.35778E-04],[5.08656E-04,1.38524E-04],[5.27633E-04,1.60881E-04]],[[1.38587E-03,1.44349E-04],[1.37767E-03,1.37840E-04],[1.36681E-03,1.38940E-04],[1.35376E-03,1.37791E-04],[1.32900E-03,1.35866E-04],[1.30138E-03,1.38352E-04],[1.27270E-03,1.33838E-04],[1.23193E-03,1.36388E-04],[1.18718E-03,1.34671E-04],[1.14134E-03,1.33466E-04],[1.09072E-03,1.35803E-04],[1.03106E-03,1.34191E-04],[9.69239E-04,1.34627E-04],[9.04945E-04,1.37065E-04],[8.35302E-04,1.34999E-04],[7.60832E-04,1.33292E-04],[6.86461E-04,1.33267E-04],[6.10719E-04,1.35110E-04],[5.41185E-04,1.36719E-04],[4.86258E-04,1.41306E-04],[5.04131E-04,1.55837E-04]],[[1.31729E-03,1.45055E-04],[1.30777E-03,1.40344E-04],[1.30177E-03,1.41946E-04],[1.27983E-03,1.38918E-04],[1.25594E-03,1.36377E-04],[1.23347E-03,1.37725E-04],[1.20593E-03,1.37492E-04],[1.16542E-03,1.34028E-04],[1.12790E-03,1.35699E-04],[1.08048E-03,1.35325E-04],[1.03261E-03,1.36328E-04],[9.75760E-04,1.37325E-04],[9.18413E-04,1.33449E-04],[8.56652E-04,1.35036E-04],[7.91347E-04,1.36025E-04],[7.22018E-04,1.37258E-04],[6.48692E-04,1.34193E-04],[5.78452E-04,1.34633E-04],[5.09310E-04,1.36368E-04],[4.60595E-04,1.39559E-04],[4.76495E-04,1.58150E-04]],[[1.22959E-03,1.50828E-04],[1.22857E-03,1.41566E-04],[1.21830E-03,1.37879E-04],[1.20543E-03,1.39051E-04],[1.18416E-03,1.40559E-04],[1.15508E-03,1.40253E-04],[1.13121E-03,1.36498E-04],[1.09703E-03,1.33361E-04],[1.05628E-03,1.35002E-04],[1.01714E-03,1.35293E-04],[9.69835E-04,1.35010E-04],[9.15562E-04,1.38076E-04],[8.66187E-04,1.33627E-04],[8.07577E-04,1.34941E-04],[7.44642E-04,1.33842E-04],[6.78835E-04,1.36843E-04],[6.11687E-04,1.33683E-04],[5.44730E-04,1.36612E-04],[4.79316E-04,1.36626E-04],[4.32700E-04,1.38032E-04],[4.47022E-04,1.61821E-04]],[[1.14979E-03,1.52976E-04],[1.14571E-03,1.39972E-04],[1.13571E-03,1.42955E-04],[1.12162E-03,1.38793E-04],[1.10428E-03,1.37213E-04],[1.07948E-03,1.36740E-04],[1.05330E-03,1.36070E-04],[1.02057E-03,1.35580E-04],[9.86818E-04,1.36478E-04],[9.47315E-04,1.34709E-04],[9.04825E-04,1.35098E-04],[8.56772E-04,1.34463E-04],[8.05857E-04,1.36679E-04],[7.49288E-04,1.34817E-04],[6.93642E-04,1.35907E-04],[6.33352E-04,1.34641E-04],[5.70315E-04,1.35614E-04],[5.06366E-04,1.32798E-04],[4.48260E-04,1.35311E-04],[4.04099E-04,1.40172E-04],[4.17123E-04,1.59732E-04]],[[1.06222E-03,