{
  "seed":-1032757800,
  "pop":6500,
  "Inactive_Cycles":1200,
  "Active_Cycles":2500,
  "Total_CPU_Time":3.40068E+04,
  "Total_Transport_Time":7.05375E+02,
  "Time_Per_Integration":1.75782E-09,
  "Clock_Time":9.82897E+02,
  "keff":{
    "keff":[1.01544E+00,1.18758E-04]
  },
  "fissionRate":{
    "fissionRate":[[[1.76755E-03,1.90581E-04],[1.76351E-03,1.77683E-04],[1.75656E-03,1.75016E-04],[1.72883E-03,1.65020E-04],[1.70238E-03,1.63029E-04],[1.66007E-03,1.72241E-04],[1.62205E-03,1.70827E-04],[1.57329E-03,1.69714E-04],[1.51199E-03,1.70768E-04],[1.45527E-03,1.72615E-04],[1.38069E-03,1.72734E-04],[1.31002E-03,1.72477E-04],[1.23344E-03,1.65635E-04],[1.15159E-03,1.64724E-04],[1.06076E-03,1.68405E-04],[9.66383E-04,1.70095E-04],[8.69016E-04,1.76790E-04],[7.69478E-04,1.83417E-04],[6.83038E-04,1.76082E-04],[6.16316E-04,1.74103E-04],[6.40097E-04,1.95144E-04]],[[1.76309E-03,1.68350E-04],[1.75504E-03,1.64064E-04],[1.74593E-03,1.63543E-04],[1.72525E-03,1.57007E-04],[1.69547E-03,1.57896E-04],[1.65552E-03,1.63204E-04],[1.61301E-03,1.60616E-04],[1.56209E-03,1.60436E-04],[1.50743E-03,1.63433E-04],[1.44797E-03,1.61187E-04],[1.38187E-03,1.62821E-04],[1.30581E-03,1.65864E-04],[1.22505E-03,1.62428E-04],[1.14482E-03,1.61144E-04],[1.05302E-03,1.59930E-04],[9.60096E-04,1.59075E-04],[8.66829E-04,1.61950E-04],[7.68875E-04,1.70120E-04],[6.79051E-04,1.64853E-04],[6.15362E-04,1.69690E-04],[6.38580E-04,1.93969E-04]],[[1.74522E-03,1.71139E-04],[1.73831E-03,1.61113E-04],[1.72675E-03,1.59219E-04],[1.70164E-03,1.55188E-04],[1.68019E-03,1.54611E-04],[1.63949E-03,1.55610E-04],[1.59636E-03,1.58421E-04],[1.55299E-03,1.59412E-04],[1.49406E-03,1.62599E-04],[1.43508E-03,1.60088E-04],[1.37266E-03,1.60267E-04],[1.29871E-03,1.60823E-04],[1.21420E-03,1.60253E-04],[1.13318E-03,1.59804E-04],[1.04471E-03,1.58645E-04],[9.55978E-04,1.61212E-04],[8.59348E-04,1.61501E-04],[7.62063E-04,1.63676E-04],[6.73468E-04,1.64223E-04],[6.09030E-04,1.69836E-04],[6.32835E-04,1.88531E-04]],[[1.72835E-03,1.67468E-04],[1.70994E-03,1.62314E-04],[1.70891E-03,1.59083E-04],[1.68008E-03,1.56581E-04],[1.65283E-03,1.55036E-04],[1.61810E-03,1.61698E-04],[1.57970E-03,1.58315E-04],[1.53291E-03,1.56879E-04],[1.47519E-03,1.58147E-04],[1.42056E-03,1.58288E-04],[1.35203E-03,1.56182E-04],[1.28228E-03,1.57066E-04],[1.20444E-03,1.62530E-04],[1.12084E-03,1.63859E-04],[1.03281E-03,1.62287E-04],[9.43206E-04,1.61709E-04],[8.46898E-04,1.60443E-04],[7.54689E-04,1.57102E-04],[6.66011E-04,1.59715E-04],[6.01797E-04,1.61586E-04],[6.23163E-04,1.95123E-04]],[[1.69883E-03,1.68894E-04],[1.69048E-03,1.55722E-04],[1.67850E-03,1.55574E-04],[1.65059E-03,1.55215E-04],[1.63220E-03,1.56883E-04],[1.59454E-03,1.54594E-04],[1.55436E-03,1.50059E-04],[1.51078E-03,1.51605E-04],[1.45041E-03,1.52379E-04],[1.39431E-03,1.50755E-04],[1.32816E-03,1.50967E-04],[1.25608E-03,1.56988E-04],[1.18441E-03,1.52796E-04],[1.10409E-03,1.59029E-04],[1.01698E-03,1.61364E-04],[9.29913E-04,1.58437E-04],[8.34863E-04,1.57459E-04],[7.41809E-04,1.55839E-04],[6.52623E-04,1.53061E-04],[5.91624E-04,1.59662E-04],[6.14402E-04,1.83473E-04]],[[1.66085E-03,1.68141E-04],[1.65498E-03,1.58570E-04],[1.64189E-03,1.56395E-04],[1.61788E-03,1.53435E-04],[1.59269E-03,1.56253E-04],[1.56368E-03,1.55328E-04],[1.52364E-03,1.53896E-04],[1.48053E-03,1.49934E-04],[1.42521E-03,1.50906E-04],[1.36689E-03,1.51850E-04],[1.30106E-03,1.50847E-04],[1.23349E-03,1.58782E-04],[1.16207E-03,1.55610E-04],[1.07891E-03,1.54144E-04],[9.94068E-04,1.53915E-04],[9.05619E-04,1.54566E-04],[8.19479E-04,1.53822E-04],[7.26513E-04,1.52456E-04],[6.40777E-04,1.52286E-04],[5.81737E-04,1.57418E-04],[6.02781E-04,1.80282E-04]],[[1.62152E-03,1.56176E-04],[1.60911E-03,1.52949E-04],[1.60093E-03,1.55735E-04],[1.58335E-03,1.51980E-04],[1.55829E-03,1.53157E-04],[1.52228E-03,1.55127E-04],[1.48647E-03,1.50434E-04],[1.43854E-03,1.50326E-04],[1.38869E-03,1.50944E-04],[1.32728E-03,1.53427E-04],[1.26888E-03,1.54614E-04],[1.20325E-03,1.56866E-04],[1.12913E-03,1.52265E-04],[1.05180E-03,1.54098E-04],[9.72799E-04,1.54522E-04],[8.86210E-04,1.53707E-04],[7.97907E-04,1.53902E-04],[7.06769E-04,1.50470E-04],[6.25386E-04,1.48075E-04],[5.66166E-04,1.55291E-04],[5.85184E-04,1.75720E-04]],[[1.57681E-03,1.56464E-04],[1.56650E-03,1.53874E-04],[1.55370E-03,1.55050E-04],[1.53617E-03,1.51962E-04],[1.51271E-03,1.50159E-04],[1.47484E-03,1.51385E-04],[1.43806E-03,1.51095E-04],[1.39705E-03,1.47733E-04],[1.34570E-03,1.48622E-04],[1.28999E-03,1.51152E-04],[1.22922E-03,1.52252E-04],[1.16732E-03,1.52013E-04],[1.09655E-03,1.53149E-04],[1.01948E-03,1.53029E-04],[9.40581E-04,1.53216E-04],[8.59204E-04,1.51384E-04],[7.75212E-04,1.54053E-04],[6.86161E-04,1.52264E-04],[6.05136E-04,1.51197E-04],[5.47710E-04,1.54139E-04],[5.66794E-04,1.81301E-04]],[[1.51776E-03,1.59720E-04],[1.51041E-03,1.53244E-04],[1.49775E-03,1.54933E-04],[1.47918E-03,1.52860E-04],[1.45674E-03,1.47482E-04],[1.42591E-03,1.47657E-04],[1.38887E-03,1.52851E-04],[1.34953E-03,1.47951E-04],[1.30046E-03,1.48628E-04],[1.24679E-03,1.50524E-04],[1.18283E-03,1.48552E-04],[1.12414E-03,1.50657E-04],[1.05599E-03,1.56612E-04],[9.84729E-04,1.55290E-04],[9.08115E-04,1.54730E-04],[8.29791E-04,1.56356E-04],[7.45868E-04,1.58056E-04],[6.62681E-04,1.55434E-04],[5.85741E-04,1.52504E-04],[5.29956E-04,1.54182E-04],[5.49573E-04,1.77586E-04]],[[1.45796E-03,1.59665E-04],[1.45049E-03,1.57697E-04],[1.43766E-03,1.56544E-04],[1.41925E-03,1.53110E-04],[1.39514E-03,1.49530E-04],[1.37098E-03,1.51434E-04],[1.32938E-03,1.48755E-04],[1.29684E-03,1.47652E-04],[1.25095E-03,1.51737E-04],[1.19556E-03,1.48314E-04],[1.14252E-03,1.51353E-04],[1.07969E-03,1.55880E-04],[1.01465E-03,1.61176E-04],[9.47281E-04,1.62104E-04],[8.71919E-04,1.55548E-04],[7.97345E-04,1.58694E-04],[7.16452E-04,1.57997E-04],[6.38113E-04,1.57761E-04],[5.61060E-04,1.52381E-04],[5.08853E-04,1.55910E-04],[5.27171E-04,1.79805E-04]],[[1.39015E-03,1.59019E-04],[1.38482E-03,1.56817E-04],[1.37277E-03,1.57928E-04],[1.35461E-03,1.53547E-04],[1.33244E-03,1.48148E-04],[1.30491E-03,1.52738E-04],[1.27399E-03,1.50058E-04],[1.23402E-03,1.51044E-04],[1.18999E-03,1.51456E-04],[1.13724E-03,1.48977E-04],[1.08668E-03,1.51954E-04],[1.03000E-03,1.52675E-04],[9.67104E-04,1.57499E-04],[9.00847E-04,1.56254E-04],[8.30655E-04,1.59513E-04],[7.59144E-04,1.55262E-04],[6.82358E-04,1.59622E-04],[6.07903E-04,1.57845E-04],[5.34531E-04,1.57877E-04],[4.84858E-04,1.56744E-04],[5.03299E-04,1.78522E-04]],[[1.31488E-03,1.60178E-04],[1.31137E-03,1.56161E-04],[1.29820E-03,1.57315E-04],[1.28192E-03,1.51534E-04],[1.25883E-03,1.53221E-04],[1.23613E-03,1.50937E-04],[1.20417E-03,1.49563E-04],[1.16682E-03,1.48882E-04],[1.12684E-03,1.49714E-04],[1.08083E-03,1.47204E-04],[1.02882E-03,1.49799E-04],[9.75239E-04,1.49591E-04],[9.17478E-04,1.53714E-04],[8.56837E-04,1.57928E-04],[7.91139E-04,1.53029E-04],[7.19627E-04,1.53135E-04],[6.48823E-04,1.56333E-04],[5.75331E-04,1.55555E-04],[5.07299E-04,1.57645E-04],[4.59763E-04,1.55218E-04],[4.76230E-04,1.80520E-04]],[[1.23909E-03,1.59841E-04],[1.23490E-03,1.53300E-04],[1.22060E-03,1.52441E-04],[1.20660E-03,1.51978E-04],[1.18580E-03,1.52171E-04],[1.15971E-03,1.55017E-04],[1.13125E-03,1.50960E-04],[1.09706E-03,1.49504E-04],[1.05911E-03,1.46873E-04],[1.01514E-03,1.47785E-04],[9.67217E-04,1.48020E-04],[9.19003E-04,1.48163E-04],[8.64935E-04,1.50213E-04],[8.03864E-04,1.52330E-04],[7.40301E-04,1.51674E-04],[6.77549E-04,1.51075E-04],[6.10659E-04,1.53374E-04],[5.41444E-04,1.52139E-04],[4.77168E-04,1.54156E-04],[4.32265E-04,1.56596E-04],[4.48804E-04,1.77264E-04]],[[1.15260E-03,1.53107E-04],[1.14786E-03,1.51353E-04],[1.14213E-03,1.49412E-04],[1.12590E-03,1.49228E-04],[1.10605E-03,1.50344E-04],[1.08279E-03,1.52695E-04],[1.05336E-03,1.51634E-04],[1.02379E-03,1.50163E-04],[9.89043E-04,1.47449E-04],[9.50196E-04,1.47455E-04],[9.04253E-04,1.44740E-04],[8.55704E-04,1.47354E-04],[8.04415E-04,1.45918E-04],[7.49844E-04,1.48548E-04],[6.93435E-04,1.51495E-04],[6.30405E-04,1.47751E-04],[5.66648E-04,1.50126E-04],[5.04583E-04,1.49689E-04],[4.46158E-04,1.51526E-04],[4.01944E-04,1.51042E-04],[4.17489E-04,1.74259E-04]],[[1.06541E-03,