{
  "seed":-1534104392,
  "pop":6500,
  "Inactive_Cycles":1200,
  "Active_Cycles":2500,
  "Total_CPU_Time":1.52624E+04,
  "Total_Transport_Time":1.85310E+02,
  "Time_Per_Integration":4.64505E-10,
  "Clock_Time":2.01604E+02,
  "keff":{
    "keff":[1.01527E+00,1.02778E-04]
  },
  "fissionRate":{
    "fissionRate":[[[1.76480E-03,1.58298E-04],[1.75845E-03,1.52333E-04],[1.73999E-03,1.52052E-04],[1.72161E-03,1.52557E-04],[1.69821E-03,1.50741E-04],[1.66266E-03,1.47391E-04],[1.61920E-03,1.52191E-04],[1.57795E-03,1.43789E-04],[1.51501E-03,1.43299E-04],[1.45366E-03,1.44614E-04],[1.38891E-03,1.42824E-04],[1.31577E-03,1.46076E-04],[1.23884E-03,1.43448E-04],[1.15406E-03,1.45070E-04],[1.06672E-03,1.47066E-04],[9.68399E-04,1.46625E-04],[8.72813E-04,1.45083E-04],[7.75777E-04,1.53380E-04],[6.84959E-04,1.55805E-04],[6.18747E-04,1.55050E-04],[6.38103E-04,1.78365E-04]],[[1.76332E-03,1.53605E-04],[1.74955E-03,1.46382E-04],[1.74117E-03,1.46877E-04],[1.72011E-03,1.41517E-04],[1.68785E-03,1.40517E-04],[1.65156E-03,1.38819E-04],[1.61625E-03,1.36957E-04],[1.56962E-03,1.39859E-04],[1.51077E-03,1.41276E-04],[1.44969E-03,1.35291E-04],[1.38006E-03,1.37110E-04],[1.30771E-03,1.37288E-04],[1.23223E-03,1.35458E-04],[1.14733E-03,1.39505E-04],[1.06091E-03,1.37245E-04],[9.65775E-04,1.42682E-04],[8.71165E-04,1.42438E-04],[7.73272E-04,1.46716E-04],[6.82354E-04,1.47895E-04],[6.16295E-04,1.46822E-04],[6.39360E-04,1.65126E-04]],[[1.74641E-03,1.54209E-04],[1.74041E-03,1.44038E-04],[1.72221E-03,1.41889E-04],[1.70370E-03,1.37906E-04],[1.67282E-03,1.36250E-04],[1.63886E-03,1.38207E-04],[1.59880E-03,1.37395E-04],[1.55235E-03,1.37030E-04],[1.49488E-03,1.36074E-04],[1.44012E-03,1.36228E-04],[1.36899E-03,1.35795E-04],[1.29948E-03,1.35907E-04],[1.22219E-03,1.36867E-04],[1.13906E-03,1.38402E-04],[1.04862E-03,1.37263E-04],[9.55300E-04,1.37694E-04],[8.62843E-04,1.37662E-04],[7.66717E-04,1.41048E-04],[6.76489E-04,1.41687E-04],[6.11993E-04,1.43607E-04],[6.34285E-04,1.69291E-04]],[[1.72734E-03,1.52262E-04],[1.71334E-03,1.44717E-04],[1.70329E-03,1.43588E-04],[1.68080E-03,1.35199E-04],[1.65434E-03,1.36115E-04],[1.62158E-03,1.37411E-04],[1.57755E-03,1.37839E-04],[1.53241E-03,1.38658E-04],[1.47916E-03,1.32148E-04],[1.41871E-03,1.35323E-04],[1.35137E-03,1.35690E-04],[1.28267E-03,1.33454E-04],[1.20784E-03,1.36582E-04],[1.12398E-03,1.34868E-04],[1.03723E-03,1.35472E-04],[9.45176E-04,1.36156E-04],[8.51766E-04,1.38363E-04],[7.57547E-04,1.36558E-04],[6.68835E-04,1.37196E-04],[6.05851E-04,1.42057E-04],[6.25990E-04,1.61480E-04]],[[1.69847E-03,1.49107E-04],[1.68771E-03,1.41331E-04],[1.68052E-03,1.37207E-04],[1.65421E-03,1.36459E-04],[1.62824E-03,1.35610E-04],[1.59209E-03,1.35905E-04],[1.55762E-03,1.36879E-04],[1.50990E-03,1.37908E-04],[1.45525E-03,1.37300E-04],[1.39341E-03,1.35733E-04],[1.33123E-03,1.32264E-04],[1.26146E-03,1.33362E-04],[1.18378E-03,1.36702E-04],[1.10441E-03,1.38126E-04],[1.02153E-03,1.35657E-04],[9.32456E-04,1.34530E-04],[8.36605E-04,1.34852E-04],[7.45614E-04,1.35354E-04],[6.57489E-04,1.36879E-04],[5.95774E-04,1.38234E-04],[6.17237E-04,1.59749E-04]],[[1.66096E-03,1.53063E-04],[1.65319E-03,1.42997E-04],[1.63810E-03,1.39706E-04],[1.62133E-03,1.35814E-04],[1.59421E-03,1.37963E-04],[1.55954E-03,1.38308E-04],[1.52198E-03,1.35013E-04],[1.47418E-03,1.36530E-04],[1.42692E-03,1.36760E-04],[1.36749E-03,1.32062E-04],[1.30235E-03,1.32374E-04],[1.23722E-03,1.34849E-04],[1.16224E-03,1.37439E-04],[1.08482E-03,1.36904E-04],[1.00047E-03,1.35057E-04],[9.12630E-04,1.35495E-04],[8.18755E-04,1.31445E-04],[7.30320E-04,1.33535E-04],[6.43890E-04,1.36091E-04],[5.81983E-04,1.39418E-04],[6.04054E-04,1.60282E-04]],[[1.61835E-03,1.46296E-04],[1.61464E-03,1.41248E-04],[1.59797E-03,1.38011E-04],[1.57758E-03,1.37266E-04],[1.55614E-03,1.38654E-04],[1.51794E-03,1.36802E-04],[1.48054E-03,1.44244E-04],[1.43913E-03,1.35630E-04],[1.38822E-03,1.34397E-04],[1.33115E-03,1.35646E-04],[1.27039E-03,1.33814E-04],[1.20139E-03,1.32748E-04],[1.13403E-03,1.34404E-04],[1.05549E-03,1.34966E-04],[9.73716E-04,1.36636E-04],[8.87295E-04,1.36505E-04],[7.99061E-04,1.34156E-04],[7.10837E-04,1.34293E-04],[6.25612E-04,1.36084E-04],[5.68469E-04,1.39913E-04],[5.88580E-04,1.59307E-04]],[[1.56820E-03,1.44692E-04],[1.56376E-03,1.38397E-04],[1.54962E-03,1.37476E-04],[1.52897E-03,1.38473E-04],[1.50686E-03,1.37402E-04],[1.47336E-03,1.35031E-04],[1.43583E-03,1.34878E-04],[1.39589E-03,1.36577E-04],[1.34636E-03,1.36546E-04],[1.29300E-03,1.34113E-04],[1.23195E-03,1.36065E-04],[1.16873E-03,1.32722E-04],[1.10058E-03,1.36025E-04],[1.02353E-03,1.35226E-04],[9.44323E-04,1.36554E-04],[8.63475E-04,1.35082E-04],[7.76908E-04,1.34836E-04],[6.91816E-04,1.37507E-04],[6.09824E-04,1.36756E-04],[5.51135E-04,1.37561E-04],[5.71035E-04,1.56004E-04]],[[1.51210E-03,1.52244E-04],[1.50495E-03,1.39758E-04],[1.49312E-03,1.38166E-04],[1.47848E-03,1.36405E-04],[1.45487E-03,1.36063E-04],[1.42270E-03,1.34943E-04],[1.38595E-03,1.35491E-04],[1.34734E-03,1.34115E-04],[1.30244E-03,1.32013E-04],[1.24679E-03,1.34911E-04],[1.18743E-03,1.35518E-04],[1.12703E-03,1.34593E-04],[1.05929E-03,1.37977E-04],[9.85867E-04,1.34895E-04],[9.12818E-04,1.36246E-04],[8.33417E-04,1.36375E-04],[7.51125E-04,1.31643E-04],[6.67716E-04,1.36919E-04],[5.89809E-04,1.37492E-04],[5.33864E-04,1.39131E-04],[5.52056E-04,1.59192E-04]],[[1.45270E-03,1.49715E-04],[1.44504E-03,1.36767E-04],[1.43416E-03,1.35434E-04],[1.41831E-03,1.36191E-04],[1.39385E-03,1.34246E-04],[1.36613E-03,1.37687E-04],[1.33034E-03,1.35681E-04],[1.29064E-03,1.34514E-04],[1.24558E-03,1.35241E-04],[1.19754E-03,1.36541E-04],[1.14084E-03,1.35657E-04],[1.08127E-03,1.36575E-04],[1.01565E-03,1.35833E-04],[9.46320E-04,1.33946E-04],[8.76121E-04,1.34528E-04],[7.98299E-04,1.34165E-04],[7.18026E-04,1.34406E-04],[6.41554E-04,1.34333E-04],[5.65079E-04,1.34925E-04],[5.10803E-04,1.37422E-04],[5.28738E-04,1.59698E-04]],[[1.38682E-03,1.47692E-04],[1.37973E-03,1.39867E-04],[1.36756E-03,1.36584E-04],[1.35159E-03,1.34022E-04],[1.33073E-03,1.36257E-04],[1.30551E-03,1.33842E-04],[1.26866E-03,1.36926E-04],[1.23060E-03,1.33499E-04],[1.18881E-03,1.38186E-04],[1.13955E-03,1.34444E-04],[1.09000E-03,1.33887E-04],[1.02965E-03,1.33688E-04],[9.68738E-04,1.34337E-04],[9.02730E-04,1.35859E-04],[8.36408E-04,1.36505E-04],[7.63217E-04,1.34862E-04],[6.86316E-04,1.37372E-04],[6.10245E-04,1.32477E-04],[5.38776E-04,1.29375E-04],[4.87445E-04,1.36303E-04],[5.04379E-04,1.62239E-04]],[[1.30955E-03,1.41746E-04],[1.30931E-03,1.33265E-04],[1.29405E-03,1.33036E-04],[1.27962E-03,1.36440E-04],[1.25424E-03,1.35259E-04],[1.23267E-03,1.34568E-04],[1.20022E-03,1.34507E-04],[1.16739E-03,1.34667E-04],[1.12413E-03,1.34280E-04],[1.08304E-03,1.34587E-04],[1.02888E-03,1.33462E-04],[9.73948E-04,1.32504E-04],[9.19831E-04,1.34884E-04],[8.57805E-04,1.35420E-04],[7.90539E-04,1.32694E-04],[7.23101E-04,1.35443E-04],[6.49415E-04,1.35967E-04],[5.76403E-04,1.33003E-04],[5.10358E-04,1.35978E-04],[4.61431E-04,1.37976E-04],[4.79317E-04,1.59352E-04]],[[1.23472E-03,1.43109E-04],[1.22952E-03,1.36500E-04],[1.21874E-03,1.33401E-04],[1.20248E-03,1.34494E-04],[1.18403E-03,1.33799E-04],[1.15920E-03,1.33128E-04],[1.13307E-03,1.33455E-04],[1.09912E-03,1.34684E-04],[1.06241E-03,1.32723E-04],[1.01517E-03,1.33435E-04],[9.71204E-04,1.34026E-04],[9.17486E-04,1.36613E-04],[8.62617E-04,1.37837E-04],[8.05430E-04,1.36474E-04],[7.44453E-04,1.34721E-04],[6.77667E-04,1.34608E-04],[6.09377E-04,1.33095E-04],[5.42035E-04,1.32175E-04],[4.78115E-04,1.36592E-04],[4.34734E-04,1.38114E-04],[4.49343E-04,1.59684E-04]],[[1.14965E-03,1.45436E-04],[1.14562E-03,1.36348E-04],[1.13643E-03,1.35786E-04],[1.12590E-03,1.35707E-04],[1.10625E-03,1.32859E-04],[1.08132E-03,1.33999E-04],[1.05224E-03,1.35087E-04],[1.02174E-03,1.32435E-04],[9.85598E-04,1.34353E-04],[9.47523E-04,1.33915E-04],[9.04096E-04,1.32970E-04],[8.55262E-04,1.35655E-04],[8.03222E-04,1.35662E-04],[7.50458E-04,1.36221E-04],[6.92735E-04,1.38792E-04],[6.32080E-04,1.35829E-04],[5.67378E-04,1.33439E-04],[5.05393E-04,1.33480E-04],[4.46829E-04,1.33850E-04],[4.05137E-04,1.38969E-04],[4.19422E-04,1.56208E-04]],[[1.06208E-03,