{
  "seed":-16593922,
  "pop":6500,
  "Inactive_Cycles":1200,
  "Active_Cycles":2500,
  "Total_CPU_Time":8.43746E+04,
  "Total_Transport_Time":1.04415E+03,
  "Time_Per_Integration":2.61421E-09,
  "Clock_Time":1.11510E+03,
  "keff":{
    "keff":[1.01639E+00,1.01156E-04]
  },
  "fissionRate":{
    "fissionRate":[[[1.77214E-03,1.59566E-04],[1.76481E-03,1.52750E-04],[1.74698E-03,1.45175E-04],[1.72325E-03,1.44817E-04],[1.69837E-03,1.44449E-04],[1.66334E-03,1.45242E-04],[1.62173E-03,1.44988E-04],[1.57577E-03,1.41717E-04],[1.51747E-03,1.43018E-04],[1.45675E-03,1.43131E-04],[1.39056E-03,1.41043E-04],[1.31749E-03,1.40143E-04],[1.23788E-03,1.40552E-04],[1.15478E-03,1.41197E-04],[1.06705E-03,1.39367E-04],[9.72455E-04,1.38650E-04],[8.77645E-04,1.37030E-04],[7.78502E-04,1.41899E-04],[6.88939E-04,1.42084E-04],[6.20938E-04,1.45101E-04],[6.42297E-04,1.72304E-04]],[[1.75952E-03,1.50945E-04],[1.75631E-03,1.44161E-04],[1.73602E-03,1.38841E-04],[1.71569E-03,1.39830E-04],[1.68766E-03,1.39316E-04],[1.65573E-03,1.38687E-04],[1.61789E-03,1.40176E-04],[1.56906E-03,1.37720E-04],[1.50931E-03,1.36081E-04],[1.45171E-03,1.34790E-04],[1.38399E-03,1.34106E-04],[1.31021E-03,1.34970E-04],[1.23670E-03,1.33287E-04],[1.15179E-03,1.36321E-04],[1.06276E-03,1.36235E-04],[9.68367E-04,1.32580E-04],[8.73204E-04,1.33167E-04],[7.78776E-04,1.34879E-04],[6.85520E-04,1.35631E-04],[6.21333E-04,1.39630E-04],[6.43275E-04,1.60737E-04]],[[1.74492E-03,1.46021E-04],[1.74094E-03,1.40770E-04],[1.72634E-03,1.39572E-04],[1.70070E-03,1.38661E-04],[1.67880E-03,1.34903E-04],[1.64565E-03,1.36308E-04],[1.60324E-03,1.38732E-04],[1.55531E-03,1.34841E-04],[1.49637E-03,1.34432E-04],[1.44133E-03,1.33137E-04],[1.37357E-03,1.35157E-04],[1.30075E-03,1.31481E-04],[1.22187E-03,1.31184E-04],[1.14064E-03,1.31797E-04],[1.05456E-03,1.33298E-04],[9.60639E-04,1.32143E-04],[8.66540E-04,1.33582E-04],[7.69487E-04,1.32309E-04],[6.80957E-04,1.35957E-04],[6.14334E-04,1.39067E-04],[6.38398E-04,1.62733E-04]],[[1.72569E-03,1.41696E-04],[1.72034E-03,1.37570E-04],[1.70450E-03,1.34980E-04],[1.68736E-03,1.36699E-04],[1.65807E-03,1.35554E-04],[1.61981E-03,1.33737E-04],[1.58111E-03,1.36514E-04],[1.53475E-03,1.36488E-04],[1.47781E-03,1.34569E-04],[1.42138E-03,1.34041E-04],[1.35333E-03,1.34089E-04],[1.28414E-03,1.32298E-04],[1.20326E-03,1.32248E-04],[1.12613E-03,1.33003E-04],[1.04178E-03,1.31933E-04],[9.47797E-04,1.34027E-04],[8.53137E-04,1.33904E-04],[7.58127E-04,1.33873E-04],[6.74063E-04,1.37829E-04],[6.07484E-04,1.39506E-04],[6.29793E-04,1.60478E-04]],[[1.69891E-03,1.44145E-04],[1.68719E-03,1.37695E-04],[1.67624E-03,1.36547E-04],[1.65270E-03,1.36772E-04],[1.62689E-03,1.36892E-04],[1.59309E-03,1.37386E-04],[1.55823E-03,1.34380E-04],[1.50612E-03,1.31854E-04],[1.45278E-03,1.34005E-04],[1.39074E-03,1.31556E-04],[1.33395E-03,1.32456E-04],[1.26431E-03,1.33298E-04],[1.18779E-03,1.32362E-04],[1.10757E-03,1.31997E-04],[1.02221E-03,1.31828E-04],[9.33673E-04,1.33241E-04],[8.41655E-04,1.33991E-04],[7.46049E-04,1.36527E-04],[6.61730E-04,1.36095E-04],[5.95821E-04,1.39891E-04],[6.20784E-04,1.60131E-04]],[[1.66232E-03,1.44252E-04],[1.65581E-03,1.34922E-04],[1.63921E-03,1.35830E-04],[1.61974E-03,1.37294E-04],[1.59903E-03,1.33563E-04],[1.55943E-03,1.34917E-04],[1.51959E-03,1.35564E-04],[1.47797E-03,1.32640E-04],[1.42552E-03,1.34279E-04],[1.36571E-03,1.33870E-04],[1.30471E-03,1.33719E-04],[1.23355E-03,1.32826E-04],[1.16065E-03,1.34319E-04],[1.08358E-03,1.34237E-04],[1.00091E-03,1.33916E-04],[9.14743E-04,1.34932E-04],[8.22948E-04,1.36526E-04],[7.30353E-04,1.35860E-04],[6.45848E-04,1.36436E-04],[5.84915E-04,1.41855E-04],[6.03969E-04,1.61680E-04]],[[1.62272E-03,1.43069E-04],[1.61392E-03,1.34800E-04],[1.59949E-03,1.33382E-04],[1.58078E-03,1.37314E-04],[1.55657E-03,1.35433E-04],[1.52273E-03,1.35800E-04],[1.48162E-03,1.33560E-04],[1.44023E-03,1.33125E-04],[1.38579E-03,1.32755E-04],[1.33117E-03,1.33181E-04],[1.27362E-03,1.30864E-04],[1.20766E-03,1.31787E-04],[1.13108E-03,1.29987E-04],[1.05839E-03,1.31148E-04],[9.75484E-04,1.33170E-04],[8.89755E-04,1.33944E-04],[8.01570E-04,1.35280E-04],[7.13179E-04,1.34661E-04],[6.29682E-04,1.33624E-04],[5.69536E-04,1.39536E-04],[5.88656E-04,1.57684E-04]],[[1.56912E-03,1.42258E-04],[1.56402E-03,1.34338E-04],[1.55392E-03,1.37637E-04],[1.53363E-03,1.35623E-04],[1.50963E-03,1.35349E-04],[1.47733E-03,1.36570E-04],[1.43893E-03,1.35253E-04],[1.39460E-03,1.34190E-04],[1.34435E-03,1.34595E-04],[1.29178E-03,1.31938E-04],[1.23412E-03,1.34753E-04],[1.16972E-03,1.30949E-04],[1.10096E-03,1.34435E-04],[1.02438E-03,1.31750E-04],[9.47020E-04,1.32266E-04],[8.65480E-04,1.35456E-04],[7.78658E-04,1.32881E-04],[6.90821E-04,1.30520E-04],[6.10612E-04,1.32326E-04],[5.52343E-04,1.38404E-04],[5.72637E-04,1.59880E-04]],[[1.51127E-03,1.42857E-04],[1.50902E-03,1.37065E-04],[1.49612E-03,1.36871E-04],[1.48122E-03,1.33008E-04],[1.45339E-03,1.33212E-04],[1.42349E-03,1.35066E-04],[1.38873E-03,1.34559E-04],[1.34968E-03,1.34898E-04],[1.29889E-03,1.33224E-04],[1.24645E-03,1.32378E-04],[1.19029E-03,1.32239E-04],[1.12744E-03,1.33553E-04],[1.05985E-03,1.32667E-04],[9.87566E-04,1.34679E-04],[9.12895E-04,1.32188E-04],[8.31833E-04,1.32971E-04],[7.50467E-04,1.33664E-04],[6.67843E-04,1.35382E-04],[5.91486E-04,1.35925E-04],[5.33002E-04,1.37564E-04],[5.52144E-04,1.57197E-04]],[[1.45008E-03,1.43521E-04],[1.45105E-03,1.34999E-04],[1.43351E-03,1.34570E-04],[1.42050E-03,1.33875E-04],[1.39439E-03,1.34430E-04],[1.36819E-03,1.33035E-04],[1.33515E-03,1.34283E-04],[1.29535E-03,1.33669E-04],[1.24944E-03,1.31977E-04],[1.19769E-03,1.32194E-04],[1.14145E-03,1.33039E-04],[1.08227E-03,1.33638E-04],[1.01829E-03,1.33268E-04],[9.50940E-04,1.33791E-04],[8.78187E-04,1.34141E-04],[8.00562E-04,1.33669E-04],[7.19017E-04,1.33169E-04],[6.41804E-04,1.33351E-04],[5.65288E-04,1.35533E-04],[5.11330E-04,1.38985E-04],[5.30037E-04,1.60516E-04]],[[1.38663E-03,1.44219E-04],[1.38152E-03,1.36453E-04],[1.36957E-03,1.34470E-04],[1.35364E-03,1.33977E-04],[1.33016E-03,1.36083E-04],[1.30587E-03,1.34545E-04],[1.27016E-03,1.32270E-04],[1.23224E-03,1.31990E-04],[1.19083E-03,1.33027E-04],[1.14282E-03,1.33504E-04],[1.08805E-03,1.33369E-04],[1.03047E-03,1.33165E-04],[9.68613E-04,1.32943E-04],[9.05251E-04,1.32663E-04],[8.35817E-04,1.35741E-04],[7.60991E-04,1.34409E-04],[6.85815E-04,1.33418E-04],[6.08950E-04,1.33716E-04],[5.38034E-04,1.33212E-04],[4.86818E-04,1.37627E-04],[5.02680E-04,1.57203E-04]],[[1.31300E-03,1.41997E-04],[1.30966E-03,1.36262E-04],[1.29563E-03,1.33781E-04],[1.28279E-03,1.35672E-04],[1.25913E-03,1.34663E-04],[1.23679E-03,1.34578E-04],[1.20453E-03,1.33961E-04],[1.16759E-03,1.32996E-04],[1.12922E-03,1.30764E-04],[1.08184E-03,1.32077E-04],[1.03007E-03,1.31839E-04],[9.78032E-04,1.33505E-04],[9.17847E-04,1.33327E-04],[8.57367E-04,1.36484E-04],[7.91613E-04,1.33948E-04],[7.22344E-04,1.34589E-04],[6.51940E-04,1.35419E-04],[5.77836E-04,1.34744E-04],[5.10308E-04,1.33452E-04],[4.61018E-04,1.36824E-04],[4.76958E-04,1.56404E-04]],[[1.23696E-03,1.41770E-04],[1.23132E-03,1.37666E-04],[1.21661E-03,1.36576E-04],[1.20586E-03,1.33473E-04],[1.18583E-03,1.36073E-04],[1.16063E-03,1.35574E-04],[1.13012E-03,1.36462E-04],[1.09503E-03,1.32715E-04],[1.05721E-03,1.30683E-04],[1.01787E-03,1.30690E-04],[9.69886E-04,1.32424E-04],[9.18293E-04,1.33771E-04],[8.64481E-04,1.36572E-04],[8.06564E-04,1.33518E-04],[7.44964E-04,1.33984E-04],[6.79408E-04,1.33381E-04],[6.12806E-04,1.32751E-04],[5.43099E-04,1.33454E-04],[4.79801E-04,1.36435E-04],[4.33682E-04,1.38851E-04],[4.49162E-04,1.57291E-04]],[[1.14878E-03,1.42835E-04],[1.14415E-03,1.37435E-04],[1.13661E-03,1.36484E-04],[1.12322E-03,1.34517E-04],[1.10362E-03,1.36393E-04],[1.08203E-03,1.35181E-04],[1.05732E-03,1.35002E-04],[1.02016E-03,1.32444E-04],[9.87662E-04,1.34402E-04],[9.47704E-04,1.30905E-04],[9.03368E-04,1.32790E-04],[8.56139E-04,1.32826E-04],[8.07717E-04,1.31535E-04],[7.50455E-04,1.35374E-04],[6.95666E-04,1.34345E-04],[6.32183E-04,1.34003E-04],[5.72177E-04,1.31827E-04],[5.06196E-04,1.34787E-04],[4.47972E-04,1.34659E-04],[4.04503E-04,1.37695E-04],[4.20928E-04,1.55500E-04]],[[1.06109E-03,