{
  "seed":1679792599,
  "pop":6500,
  "Inactive_Cycles":1200,
  "Active_Cycles":2500,
  "Total_CPU_Time":8.51565E+04,
  "Total_Transport_Time":1.05436E+03,
  "Time_Per_Integration":2.64034E-09,
  "Clock_Time":1.12540E+03,
  "keff":{
    "keff":[1.01616E+00,9.80825E-05]
  },
  "fissionRate":{
    "fissionRate":[[[1.76934E-03,1.57979E-04],[1.76458E-03,1.48026E-04],[1.75043E-03,1.45565E-04],[1.73180E-03,1.44136E-04],[1.69963E-03,1.42648E-04],[1.66680E-03,1.43977E-04],[1.62308E-03,1.40843E-04],[1.57593E-03,1.40135E-04],[1.52215E-03,1.38055E-04],[1.45660E-03,1.38886E-04],[1.39042E-03,1.38677E-04],[1.31535E-03,1.35882E-04],[1.23556E-03,1.37145E-04],[1.15077E-03,1.40084E-04],[1.06127E-03,1.39144E-04],[9.70895E-04,1.37463E-04],[8.71204E-04,1.37495E-04],[7.73425E-04,1.38780E-04],[6.82342E-04,1.40555E-04],[6.15964E-04,1.45399E-04],[6.37861E-04,1.73004E-04]],[[1.76333E-03,1.49376E-04],[1.75492E-03,1.43558E-04],[1.74734E-03,1.40483E-04],[1.72001E-03,1.37073E-04],[1.69429E-03,1.35666E-04],[1.65807E-03,1.36235E-04],[1.62018E-03,1.34993E-04],[1.56915E-03,1.33514E-04],[1.51322E-03,1.33785E-04],[1.45276E-03,1.34287E-04],[1.38400E-03,1.34032E-04],[1.30834E-03,1.34143E-04],[1.22974E-03,1.32825E-04],[1.14392E-03,1.31472E-04],[1.05549E-03,1.32141E-04],[9.66090E-04,1.31929E-04],[8.68245E-04,1.31956E-04],[7.70811E-04,1.34188E-04],[6.79018E-04,1.34718E-04],[6.12984E-04,1.38394E-04],[6.33308E-04,1.59573E-04]],[[1.74976E-03,1.47203E-04],[1.74208E-03,1.37742E-04],[1.72212E-03,1.38902E-04],[1.70684E-03,1.35420E-04],[1.67840E-03,1.37531E-04],[1.64053E-03,1.35451E-04],[1.60337E-03,1.33329E-04],[1.55369E-03,1.35578E-04],[1.49676E-03,1.31260E-04],[1.43872E-03,1.32129E-04],[1.37315E-03,1.30816E-04],[1.30202E-03,1.33386E-04],[1.22313E-03,1.31884E-04],[1.13853E-03,1.34599E-04],[1.04937E-03,1.32860E-04],[9.56870E-04,1.31410E-04],[8.62007E-04,1.32867E-04],[7.63624E-04,1.34768E-04],[6.73944E-04,1.37010E-04],[6.09379E-04,1.37284E-04],[6.30969E-04,1.59219E-04]],[[1.72541E-03,1.44245E-04],[1.71915E-03,1.39809E-04],[1.70085E-03,1.39736E-04],[1.68513E-03,1.36543E-04],[1.65989E-03,1.34155E-04],[1.62100E-03,1.35072E-04],[1.58353E-03,1.33385E-04],[1.53500E-03,1.35278E-04],[1.47961E-03,1.33283E-04],[1.42286E-03,1.32470E-04],[1.35908E-03,1.33186E-04],[1.28165E-03,1.32451E-04],[1.20735E-03,1.32703E-04],[1.12419E-03,1.32716E-04],[1.03669E-03,1.29706E-04],[9.45581E-04,1.32316E-04],[8.51590E-04,1.35247E-04],[7.53972E-04,1.35172E-04],[6.66984E-04,1.36203E-04],[6.02459E-04,1.36851E-04],[6.24284E-04,1.55678E-04]],[[1.69532E-03,1.47966E-04],[1.69035E-03,1.40133E-04],[1.67625E-03,1.39512E-04],[1.65669E-03,1.39361E-04],[1.63131E-03,1.34693E-04],[1.60254E-03,1.34094E-04],[1.55803E-03,1.33430E-04],[1.51035E-03,1.34369E-04],[1.45722E-03,1.33552E-04],[1.39684E-03,1.33309E-04],[1.33265E-03,1.34545E-04],[1.26365E-03,1.31340E-04],[1.18631E-03,1.32951E-04],[1.10477E-03,1.33222E-04],[1.01965E-03,1.32170E-04],[9.30632E-04,1.34303E-04],[8.35968E-04,1.35328E-04],[7.43186E-04,1.33191E-04],[6.56423E-04,1.35360E-04],[5.91424E-04,1.38418E-04],[6.12028E-04,1.57478E-04]],[[1.66271E-03,1.48330E-04],[1.65189E-03,1.40462E-04],[1.64403E-03,1.39062E-04],[1.62144E-03,1.38357E-04],[1.59748E-03,1.36587E-04],[1.56434E-03,1.36390E-04],[1.52657E-03,1.33679E-04],[1.47725E-03,1.32303E-04],[1.42560E-03,1.31092E-04],[1.36867E-03,1.33420E-04],[1.30617E-03,1.34377E-04],[1.23949E-03,1.32811E-04],[1.16245E-03,1.32851E-04],[1.08369E-03,1.33217E-04],[9.98086E-04,1.31123E-04],[9.13689E-04,1.30266E-04],[8.21139E-04,1.34538E-04],[7.26382E-04,1.34675E-04],[6.42930E-04,1.35369E-04],[5.81524E-04,1.39752E-04],[6.01958E-04,1.57091E-04]],[[1.61994E-03,1.46704E-04],[1.61510E-03,1.39291E-04],[1.60263E-03,1.36600E-04],[1.57781E-03,1.37572E-04],[1.55463E-03,1.35068E-04],[1.52316E-03,1.34122E-04],[1.48664E-03,1.32581E-04],[1.44473E-03,1.32956E-04],[1.38896E-03,1.31969E-04],[1.33328E-03,1.30643E-04],[1.27298E-03,1.33649E-04],[1.20732E-03,1.31543E-04],[1.13426E-03,1.31549E-04],[1.05534E-03,1.33281E-04],[9.73538E-04,1.34288E-04],[8.89736E-04,1.30194E-04],[8.01091E-04,1.35297E-04],[7.11433E-04,1.35421E-04],[6.27696E-04,1.36554E-04],[5.65822E-04,1.39868E-04],[5.85725E-04,1.59323E-04]],[[1.56952E-03,1.45515E-04],[1.56633E-03,1.39325E-04],[1.55210E-03,1.37877E-04],[1.53785E-03,1.36609E-04],[1.50899E-03,1.33857E-04],[1.47933E-03,1.34154E-04],[1.44037E-03,1.33281E-04],[1.40187E-03,1.33905E-04],[1.34906E-03,1.32045E-04],[1.29613E-03,1.34121E-04],[1.23332E-03,1.33345E-04],[1.17202E-03,1.31147E-04],[1.09614E-03,1.32729E-04],[1.02211E-03,1.33398E-04],[9.41861E-04,1.33937E-04],[8.62902E-04,1.32342E-04],[7.76433E-04,1.30733E-04],[6.89200E-04,1.35540E-04],[6.10252E-04,1.36446E-04],[5.49549E-04,1.37899E-04],[5.69414E-04,1.61325E-04]],[[1.51685E-03,1.43954E-04],[1.50736E-03,1.41252E-04],[1.49827E-03,1.37484E-04],[1.48086E-03,1.35417E-04],[1.45577E-03,1.34471E-04],[1.42670E-03,1.35859E-04],[1.38985E-03,1.35144E-04],[1.35028E-03,1.33826E-04],[1.30116E-03,1.34433E-04],[1.25068E-03,1.33009E-04],[1.19244E-03,1.33315E-04],[1.12594E-03,1.33716E-04],[1.06133E-03,1.32109E-04],[9.85159E-04,1.32772E-04],[9.12772E-04,1.33781E-04],[8.32771E-04,1.33184E-04],[7.49395E-04,1.34529E-04],[6.65103E-04,1.33728E-04],[5.87617E-04,1.34823E-04],[5.31908E-04,1.35642E-04],[5.50909E-04,1.60818E-04]],[[1.45442E-03,1.44912E-04],[1.44816E-03,1.37866E-04],[1.43830E-03,1.37655E-04],[1.42084E-03,1.35462E-04],[1.39880E-03,1.36183E-04],[1.37231E-03,1.31916E-04],[1.33199E-03,1.34871E-04],[1.29131E-03,1.35524E-04],[1.24806E-03,1.33047E-04],[1.19691E-03,1.32724E-04],[1.14454E-03,1.34762E-04],[1.08504E-03,1.34651E-04],[1.01902E-03,1.30496E-04],[9.48563E-04,1.32486E-04],[8.74371E-04,1.34140E-04],[7.98676E-04,1.33025E-04],[7.20751E-04,1.33794E-04],[6.38588E-04,1.34145E-04],[5.63733E-04,1.33276E-04],[5.08682E-04,1.39557E-04],[5.29591E-04,1.55806E-04]],[[1.38845E-03,1.45407E-04],[1.38415E-03,1.40128E-04],[1.37775E-03,1.34461E-04],[1.35412E-03,1.35612E-04],[1.33173E-03,1.34809E-04],[1.30368E-03,1.33182E-04],[1.27287E-03,1.34219E-04],[1.22974E-03,1.35495E-04],[1.18717E-03,1.32892E-04],[1.14308E-03,1.31780E-04],[1.08939E-03,1.33126E-04],[1.03550E-03,1.33037E-04],[9.71368E-04,1.33393E-04],[9.06010E-04,1.36284E-04],[8.34140E-04,1.34394E-04],[7.62212E-04,1.35054E-04],[6.84885E-04,1.33730E-04],[6.09849E-04,1.33588E-04],[5.37895E-04,1.35568E-04],[4.86355E-04,1.38674E-04],[5.03408E-04,1.58457E-04]],[[1.31309E-03,1.48305E-04],[1.31258E-03,1.37031E-04],[1.30089E-03,1.36990E-04],[1.28201E-03,1.34573E-04],[1.26284E-03,1.35253E-04],[1.23266E-03,1.32664E-04],[1.20800E-03,1.33409E-04],[1.16771E-03,1.32354E-04],[1.12317E-03,1.33807E-04],[1.08297E-03,1.32873E-04],[1.03118E-03,1.33011E-04],[9.77788E-04,1.34977E-04],[9.20658E-04,1.33165E-04],[8.58405E-04,1.34959E-04],[7.90493E-04,1.33443E-04],[7.21631E-04,1.34843E-04],[6.48025E-04,1.35124E-04],[5.78284E-04,1.33168E-04],[5.09719E-04,1.35608E-04],[4.61071E-04,1.36095E-04],[4.77288E-04,1.59863E-04]],[[1.23630E-03,1.44560E-04],[1.23278E-03,1.37372E-04],[1.22162E-03,1.37785E-04],[1.20749E-03,1.37170E-04],[1.18644E-03,1.34034E-04],[1.16520E-03,1.33586E-04],[1.13410E-03,1.33611E-04],[1.09955E-03,1.33885E-04],[1.05955E-03,1.31740E-04],[1.01937E-03,1.32148E-04],[9.71108E-04,1.32046E-04],[9.18946E-04,1.33960E-04],[8.64877E-04,1.32738E-04],[8.05652E-04,1.33745E-04],[7.45830E-04,1.34754E-04],[6.79476E-04,1.33972E-04],[6.11478E-04,1.35023E-04],[5.42193E-04,1.33310E-04],[4.78641E-04,1.34162E-04],[4.34375E-04,1.38650E-04],[4.49444E-04,1.56644E-04]],[[1.15542E-03,1.42834E-04],[1.14584E-03,1.37409E-04],[1.13772E-03,1.36270E-04],[1.12503E-03,1.35877E-04],[1.10712E-03,1.33971E-04],[1.08320E-03,1.33131E-04],[1.05622E-03,1.33369E-04],[1.02699E-03,1.34138E-04],[9.88161E-04,1.33167E-04],[9.47684E-04,1.33551E-04],[9.02562E-04,1.34083E-04],[8.57837E-04,1.34659E-04],[8.08580E-04,1.33378E-04],[7.52635E-04,1.31841E-04],[6.94149E-04,1.32732E-04],[6.32391E-04,1.33553E-04],[5.70277E-04,1.34253E-04],[5.04918E-04,1.35747E-04],[4.47345E-04,1.37024E-04],[4.04650E-04,1.38278E-04],[4.20582E-04,1.61349E-04]],[[1.06355E-03,