{
  "seed":-306633922,
  "pop":6500,
  "Inactive_Cycles":1200,
  "Active_Cycles":2500,
  "Total_CPU_Time":4.32912E+04,
  "Total_Transport_Time":5.30285E+02,
  "Time_Per_Integration":1.33564E-09,
  "Clock_Time":5.72682E+02,
  "keff":{
    "keff":[1.01562E+00,9.81694E-05]
  },
  "fissionRate":{
    "fissionRate":[[[1.76420E-03,1.56902E-04],[1.75714E-03,1.50725E-04],[1.74463E-03,1.52231E-04],[1.72083E-03,1.52004E-04],[1.69813E-03,1.48371E-04],[1.66231E-03,1.48840E-04],[1.61943E-03,1.45791E-04],[1.57202E-03,1.43687E-04],[1.51418E-03,1.42658E-04],[1.44953E-03,1.39158E-04],[1.38793E-03,1.39176E-04],[1.31503E-03,1.42519E-04],[1.23533E-03,1.45563E-04],[1.15179E-03,1.43650E-04],[1.06002E-03,1.42396E-04],[9.67664E-04,1.44706E-04],[8.75041E-04,1.39627E-04],[7.74791E-04,1.44053E-04],[6.83379E-04,1.44279E-04],[6.17737E-04,1.47334E-04],[6.38887E-04,1.69931E-04]],[[1.75991E-03,1.53714E-04],[1.75397E-03,1.45086E-04],[1.74157E-03,1.43109E-04],[1.72076E-03,1.40148E-04],[1.69041E-03,1.38938E-04],[1.65285E-03,1.37931E-04],[1.61340E-03,1.37930E-04],[1.56217E-03,1.37978E-04],[1.51070E-03,1.36895E-04],[1.44711E-03,1.35748E-04],[1.38065E-03,1.33591E-04],[1.30735E-03,1.35773E-04],[1.23010E-03,1.37399E-04],[1.14439E-03,1.37048E-04],[1.06037E-03,1.40233E-04],[9.64803E-04,1.36477E-04],[8.69038E-04,1.37175E-04],[7.70967E-04,1.38031E-04],[6.79514E-04,1.39016E-04],[6.14240E-04,1.41220E-04],[6.36547E-04,1.61606E-04]],[[1.74219E-03,1.60989E-04],[1.73428E-03,1.43250E-04],[1.72547E-03,1.41250E-04],[1.69949E-03,1.40922E-04],[1.67338E-03,1.37801E-04],[1.63664E-03,1.36172E-04],[1.59735E-03,1.35617E-04],[1.54744E-03,1.36765E-04],[1.49106E-03,1.34009E-04],[1.43547E-03,1.34269E-04],[1.37026E-03,1.32962E-04],[1.29771E-03,1.32368E-04],[1.21931E-03,1.33834E-04],[1.13787E-03,1.32703E-04],[1.04932E-03,1.35426E-04],[9.56714E-04,1.34692E-04],[8.61093E-04,1.35685E-04],[7.63984E-04,1.38400E-04],[6.74526E-04,1.37600E-04],[6.10414E-04,1.40349E-04],[6.29436E-04,1.61498E-04]],[[1.72808E-03,1.50341E-04],[1.71826E-03,1.39672E-04],[1.70440E-03,1.38320E-04],[1.68362E-03,1.39342E-04],[1.65293E-03,1.37714E-04],[1.61791E-03,1.39814E-04],[1.57607E-03,1.35967E-04],[1.53334E-03,1.35153E-04],[1.47468E-03,1.33845E-04],[1.41954E-03,1.33245E-04],[1.35372E-03,1.33190E-04],[1.28176E-03,1.31928E-04],[1.20302E-03,1.36521E-04],[1.12504E-03,1.34176E-04],[1.03669E-03,1.34727E-04],[9.46743E-04,1.35907E-04],[8.50319E-04,1.36786E-04],[7.55242E-04,1.36043E-04],[6.67528E-04,1.36713E-04],[6.02062E-04,1.40043E-04],[6.22941E-04,1.62429E-04]],[[1.69074E-03,1.48038E-04],[1.68981E-03,1.39157E-04],[1.67205E-03,1.40979E-04],[1.64994E-03,1.37700E-04],[1.62776E-03,1.34774E-04],[1.59122E-03,1.36109E-04],[1.55271E-03,1.35509E-04],[1.50519E-03,1.35487E-04],[1.45225E-03,1.35698E-04],[1.39422E-03,1.35524E-04],[1.33190E-03,1.33495E-04],[1.26172E-03,1.33476E-04],[1.18504E-03,1.33919E-04],[1.10462E-03,1.38431E-04],[1.01542E-03,1.37383E-04],[9.29466E-04,1.34970E-04],[8.36188E-04,1.34350E-04],[7.45621E-04,1.36856E-04],[6.56692E-04,1.36650E-04],[5.93419E-04,1.39193E-04],[6.14509E-04,1.59955E-04]],[[1.65814E-03,1.48550E-04],[1.65166E-03,1.42291E-04],[1.64160E-03,1.45087E-04],[1.61320E-03,1.37355E-04],[1.59413E-03,1.34357E-04],[1.55618E-03,1.36173E-04],[1.52078E-03,1.34222E-04],[1.47606E-03,1.34192E-04],[1.41741E-03,1.34287E-04],[1.36458E-03,1.34282E-04],[1.30346E-03,1.33843E-04],[1.23435E-03,1.33563E-04],[1.16199E-03,1.34498E-04],[1.07945E-03,1.35467E-04],[9.97609E-04,1.35484E-04],[9.12049E-04,1.35274E-04],[8.19902E-04,1.36483E-04],[7.29021E-04,1.36273E-04],[6.42616E-04,1.37814E-04],[5.81617E-04,1.38934E-04],[5.99576E-04,1.59708E-04]],[[1.61574E-03,1.46220E-04],[1.61075E-03,1.40507E-04],[1.59740E-03,1.38653E-04],[1.57910E-03,1.36478E-04],[1.55464E-03,1.36933E-04],[1.51829E-03,1.37296E-04],[1.47901E-03,1.34244E-04],[1.43576E-03,1.32776E-04],[1.38537E-03,1.32956E-04],[1.32968E-03,1.34176E-04],[1.26749E-03,1.34634E-04],[1.20096E-03,1.33993E-04],[1.13238E-03,1.34546E-04],[1.05612E-03,1.33788E-04],[9.72235E-04,1.34674E-04],[8.89552E-04,1.35103E-04],[8.02019E-04,1.36297E-04],[7.11270E-04,1.34994E-04],[6.28972E-04,1.37557E-04],[5.67451E-04,1.39306E-04],[5.88141E-04,1.62866E-04]],[[1.57316E-03,1.48680E-04],[1.56635E-03,1.39038E-04],[1.54934E-03,1.38296E-04],[1.52734E-03,1.35470E-04],[1.50612E-03,1.33816E-04],[1.47323E-03,1.35820E-04],[1.44024E-03,1.36692E-04],[1.39329E-03,1.34063E-04],[1.34541E-03,1.32090E-04],[1.29415E-03,1.34241E-04],[1.23315E-03,1.33013E-04],[1.16811E-03,1.33640E-04],[1.09865E-03,1.34241E-04],[1.02291E-03,1.34018E-04],[9.41563E-04,1.36141E-04],[8.61432E-04,1.34120E-04],[7.78184E-04,1.36596E-04],[6.91941E-04,1.36259E-04],[6.09136E-04,1.36050E-04],[5.50333E-04,1.40362E-04],[5.68903E-04,1.67759E-04]],[[1.51174E-03,1.45502E-04],[1.50827E-03,1.37908E-04],[1.49974E-03,1.36765E-04],[1.47412E-03,1.37742E-04],[1.45115E-03,1.34819E-04],[1.42029E-03,1.38239E-04],[1.38829E-03,1.36132E-04],[1.34606E-03,1.35695E-04],[1.29881E-03,1.33410E-04],[1.24547E-03,1.33757E-04],[1.18943E-03,1.33486E-04],[1.12835E-03,1.33528E-04],[1.05855E-03,1.33523E-04],[9.89192E-04,1.32724E-04],[9.10896E-04,1.33636E-04],[8.29439E-04,1.32771E-04],[7.50964E-04,1.37070E-04],[6.66836E-04,1.34223E-04],[5.87854E-04,1.34883E-04],[5.30728E-04,1.38465E-04],[5.49296E-04,1.66086E-04]],[[1.44975E-03,1.44046E-04],[1.44996E-03,1.36969E-04],[1.43378E-03,1.36224E-04],[1.41645E-03,1.34853E-04],[1.39354E-03,1.35524E-04],[1.36638E-03,1.34949E-04],[1.33443E-03,1.33725E-04],[1.29195E-03,1.34607E-04],[1.24767E-03,1.35019E-04],[1.19692E-03,1.33971E-04],[1.14120E-03,1.33919E-04],[1.08397E-03,1.35378E-04],[1.01638E-03,1.31327E-04],[9.48327E-04,1.32473E-04],[8.74362E-04,1.34297E-04],[7.98319E-04,1.31710E-04],[7.17850E-04,1.33354E-04],[6.37605E-04,1.36147E-04],[5.65526E-04,1.37661E-04],[5.08594E-04,1.38628E-04],[5.25313E-04,1.62488E-04]],[[1.38911E-03,1.47070E-04],[1.38235E-03,1.42012E-04],[1.36727E-03,1.36360E-04],[1.35265E-03,1.35924E-04],[1.33123E-03,1.32693E-04],[1.30269E-03,1.36447E-04],[1.27006E-03,1.35027E-04],[1.23517E-03,1.33043E-04],[1.19040E-03,1.34298E-04],[1.14031E-03,1.33877E-04],[1.08721E-03,1.35286E-04],[1.03187E-03,1.33979E-04],[9.69238E-04,1.31746E-04],[9.04626E-04,1.35332E-04],[8.31524E-04,1.34610E-04],[7.63045E-04,1.34820E-04],[6.87617E-04,1.35090E-04],[6.09522E-04,1.35319E-04],[5.39111E-04,1.35041E-04],[4.87070E-04,1.37767E-04],[5.05270E-04,1.59084E-04]],[[1.31092E-03,1.48283E-04],[1.30648E-03,1.40338E-04],[1.29145E-03,1.37061E-04],[1.27981E-03,1.37122E-04],[1.26054E-03,1.34855E-04],[1.23161E-03,1.31925E-04],[1.20133E-03,1.32799E-04],[1.16763E-03,1.34007E-04],[1.12091E-03,1.33557E-04],[1.08071E-03,1.32779E-04],[1.03087E-03,1.35597E-04],[9.78133E-04,1.35397E-04],[9.18448E-04,1.35474E-04],[8.55775E-04,1.34962E-04],[7.91138E-04,1.35782E-04],[7.21849E-04,1.35502E-04],[6.51660E-04,1.37397E-04],[5.79358E-04,1.35159E-04],[5.10923E-04,1.38461E-04],[4.60979E-04,1.38166E-04],[4.80625E-04,1.61466E-04]],[[1.23277E-03,1.51203E-04],[1.22834E-03,1.41172E-04],[1.21918E-03,1.38920E-04],[1.20697E-03,1.38253E-04],[1.18133E-03,1.36240E-04],[1.16063E-03,1.36706E-04],[1.13395E-03,1.33520E-04],[1.10096E-03,1.33544E-04],[1.06171E-03,1.33478E-04],[1.01695E-03,1.33784E-04],[9.70285E-04,1.32365E-04],[9.20304E-04,1.35309E-04],[8.65211E-04,1.33890E-04],[8.05447E-04,1.37235E-04],[7.45819E-04,1.34562E-04],[6.79644E-04,1.35798E-04],[6.13573E-04,1.34363E-04],[5.44737E-04,1.37624E-04],[4.79493E-04,1.35994E-04],[4.34442E-04,1.38833E-04],[4.48394E-04,1.61763E-04]],[[1.14951E-03,1.44383E-04],[1.14706E-03,1.37849E-04],[1.13480E-03,1.37048E-04],[1.12269E-03,1.37754E-04],[1.10380E-03,1.39497E-04],[1.08048E-03,1.36085E-04],[1.05639E-03,1.36501E-04],[1.02206E-03,1.34689E-04],[9.89327E-04,1.33803E-04],[9.50863E-04,1.37135E-04],[9.05469E-04,1.33652E-04],[8.58221E-04,1.32874E-04],[8.06118E-04,1.34976E-04],[7.52851E-04,1.36664E-04],[6.94047E-04,1.33059E-04],[6.32653E-04,1.33918E-04],[5.70765E-04,1.34831E-04],[5.07551E-04,1.37668E-04],[4.48296E-04,1.36422E-04],[4.04509E-04,1.39384E-04],[4.18882E-04,1.58346E-04]],[[1.06049E-03,