{
  "seed":-1281069939,
  "pop":6500,
  "Inactive_Cycles":1200,
  "Active_Cycles":2500,
  "Total_CPU_Time":8.40388E+04,
  "Total_Transport_Time":1.03612E+03,
  "Time_Per_Integration":2.59464E-09,
  "Clock_Time":1.11030E+03,
  "keff":{
    "keff":[1.01620E+00,9.79063E-05]
  },
  "fissionRate":{
    "fissionRate":[[[1.77319E-03,1.51907E-04],[1.75766E-03,1.42899E-04],[1.75044E-03,1.41608E-04],[1.72624E-03,1.43379E-04],[1.69990E-03,1.44176E-04],[1.66182E-03,1.39996E-04],[1.62251E-03,1.41314E-04],[1.57420E-03,1.39182E-04],[1.51650E-03,1.41289E-04],[1.45368E-03,1.41453E-04],[1.38559E-03,1.40829E-04],[1.31832E-03,1.42860E-04],[1.23371E-03,1.40242E-04],[1.15171E-03,1.41776E-04],[1.06157E-03,1.40024E-04],[9.69587E-04,1.38893E-04],[8.74574E-04,1.41132E-04],[7.76020E-04,1.40223E-04],[6.84982E-04,1.41753E-04],[6.18191E-04,1.47246E-04],[6.38625E-04,1.71639E-04]],[[1.76127E-03,1.43716E-04],[1.75488E-03,1.38460E-04],[1.74401E-03,1.40774E-04],[1.71738E-03,1.40518E-04],[1.69442E-03,1.38919E-04],[1.65300E-03,1.35379E-04],[1.61462E-03,1.33912E-04],[1.56684E-03,1.34839E-04],[1.50791E-03,1.34742E-04],[1.45105E-03,1.33850E-04],[1.38233E-03,1.37997E-04],[1.30758E-03,1.36056E-04],[1.22785E-03,1.33821E-04],[1.14749E-03,1.34587E-04],[1.05853E-03,1.36000E-04],[9.65336E-04,1.34019E-04],[8.71211E-04,1.35350E-04],[7.75177E-04,1.34813E-04],[6.82107E-04,1.38220E-04],[6.15436E-04,1.37466E-04],[6.35019E-04,1.62119E-04]],[[1.74655E-03,1.40000E-04],[1.74574E-03,1.34359E-04],[1.72710E-03,1.34679E-04],[1.70787E-03,1.33150E-04],[1.67790E-03,1.32587E-04],[1.64288E-03,1.34646E-04],[1.59876E-03,1.32459E-04],[1.55278E-03,1.33340E-04],[1.49779E-03,1.33121E-04],[1.43912E-03,1.33634E-04],[1.37023E-03,1.35767E-04],[1.29936E-03,1.34474E-04],[1.22029E-03,1.33542E-04],[1.13833E-03,1.34287E-04],[1.05113E-03,1.34961E-04],[9.57697E-04,1.35342E-04],[8.60854E-04,1.35650E-04],[7.68465E-04,1.35507E-04],[6.75406E-04,1.34163E-04],[6.08827E-04,1.37422E-04],[6.29302E-04,1.60288E-04]],[[1.72420E-03,1.37146E-04],[1.71931E-03,1.32931E-04],[1.70625E-03,1.33767E-04],[1.68256E-03,1.34541E-04],[1.65495E-03,1.33931E-04],[1.62608E-03,1.35209E-04],[1.58017E-03,1.31283E-04],[1.53712E-03,1.31154E-04],[1.47992E-03,1.32315E-04],[1.42222E-03,1.31997E-04],[1.35188E-03,1.34480E-04],[1.28261E-03,1.35318E-04],[1.20470E-03,1.32617E-04],[1.12839E-03,1.34285E-04],[1.03704E-03,1.35376E-04],[9.49483E-04,1.32023E-04],[8.53109E-04,1.33067E-04],[7.57182E-04,1.32177E-04],[6.67628E-04,1.35197E-04],[6.05244E-04,1.38767E-04],[6.23372E-04,1.57143E-04]],[[1.69307E-03,1.38118E-04],[1.69377E-03,1.33160E-04],[1.67503E-03,1.32955E-04],[1.65321E-03,1.34800E-04],[1.62535E-03,1.34271E-04],[1.59573E-03,1.35191E-04],[1.55516E-03,1.32000E-04],[1.50877E-03,1.32240E-04],[1.45534E-03,1.31704E-04],[1.39529E-03,1.33758E-04],[1.33014E-03,1.34883E-04],[1.26053E-03,1.33709E-04],[1.18808E-03,1.35056E-04],[1.10737E-03,1.35110E-04],[1.02259E-03,1.33453E-04],[9.34397E-04,1.33157E-04],[8.39629E-04,1.31935E-04],[7.46190E-04,1.34027E-04],[6.57954E-04,1.32648E-04],[5.93739E-04,1.34930E-04],[6.13309E-04,1.55567E-04]],[[1.66979E-03,1.38905E-04],[1.65909E-03,1.34290E-04],[1.64752E-03,1.33661E-04],[1.61903E-03,1.32549E-04],[1.59506E-03,1.33610E-04],[1.56430E-03,1.33286E-04],[1.52441E-03,1.33480E-04],[1.47897E-03,1.33473E-04],[1.42589E-03,1.32231E-04],[1.36566E-03,1.33058E-04],[1.30703E-03,1.32483E-04],[1.23480E-03,1.34553E-04],[1.16268E-03,1.32694E-04],[1.08301E-03,1.32331E-04],[1.00048E-03,1.31480E-04],[9.11012E-04,1.32465E-04],[8.21226E-04,1.34420E-04],[7.29545E-04,1.33292E-04],[6.42421E-04,1.34785E-04],[5.81492E-04,1.36821E-04],[6.00409E-04,1.63047E-04]],[[1.62008E-03,1.41033E-04],[1.61436E-03,1.35593E-04],[1.60050E-03,1.32569E-04],[1.58251E-03,1.34012E-04],[1.55653E-03,1.35673E-04],[1.52107E-03,1.31665E-04],[1.48415E-03,1.31543E-04],[1.44017E-03,1.32231E-04],[1.38790E-03,1.31239E-04],[1.33175E-03,1.33149E-04],[1.26867E-03,1.31389E-04],[1.20353E-03,1.33149E-04],[1.13230E-03,1.33042E-04],[1.05442E-03,1.30859E-04],[9.73220E-04,1.32978E-04],[8.88136E-04,1.33547E-04],[8.02081E-04,1.33373E-04],[7.12263E-04,1.33347E-04],[6.28493E-04,1.33777E-04],[5.65691E-04,1.35535E-04],[5.85688E-04,1.61529E-04]],[[1.57250E-03,1.41157E-04],[1.57184E-03,1.35409E-04],[1.55266E-03,1.34062E-04],[1.53604E-03,1.32801E-04],[1.50963E-03,1.34517E-04],[1.47559E-03,1.34959E-04],[1.43696E-03,1.31625E-04],[1.39532E-03,1.33562E-04],[1.34528E-03,1.32925E-04],[1.29136E-03,1.33307E-04],[1.23251E-03,1.32242E-04],[1.16837E-03,1.32052E-04],[1.09676E-03,1.33590E-04],[1.02510E-03,1.30911E-04],[9.44367E-04,1.33293E-04],[8.63783E-04,1.31907E-04],[7.76438E-04,1.35580E-04],[6.90829E-04,1.33355E-04],[6.10056E-04,1.32683E-04],[5.50547E-04,1.37507E-04],[5.69445E-04,1.56812E-04]],[[1.51459E-03,1.43124E-04],[1.50782E-03,1.34657E-04],[1.50154E-03,1.33388E-04],[1.47905E-03,1.33097E-04],[1.45506E-03,1.34639E-04],[1.42691E-03,1.32194E-04],[1.38777E-03,1.31347E-04],[1.34558E-03,1.31491E-04],[1.29721E-03,1.31386E-04],[1.24814E-03,1.31754E-04],[1.19197E-03,1.31525E-04],[1.12632E-03,1.32796E-04],[1.05702E-03,1.32897E-04],[9.90017E-04,1.31599E-04],[9.11865E-04,1.32342E-04],[8.30662E-04,1.34036E-04],[7.49480E-04,1.34557E-04],[6.66659E-04,1.34425E-04],[5.88225E-04,1.34873E-04],[5.31721E-04,1.37924E-04],[5.49194E-04,1.56433E-04]],[[1.45553E-03,1.40140E-04],[1.44949E-03,1.32288E-04],[1.43903E-03,1.31641E-04],[1.41935E-03,1.32002E-04],[1.39677E-03,1.31387E-04],[1.36813E-03,1.33052E-04],[1.33271E-03,1.33270E-04],[1.28873E-03,1.32448E-04],[1.24428E-03,1.31972E-04],[1.19834E-03,1.33587E-04],[1.14069E-03,1.32191E-04],[1.07752E-03,1.31387E-04],[1.01898E-03,1.31127E-04],[9.48103E-04,1.33174E-04],[8.76010E-04,1.33135E-04],[7.98174E-04,1.33938E-04],[7.19506E-04,1.31442E-04],[6.38932E-04,1.33396E-04],[5.63825E-04,1.36135E-04],[5.09420E-04,1.36836E-04],[5.26571E-04,1.60084E-04]],[[1.38752E-03,1.40794E-04],[1.38047E-03,1.32542E-04],[1.37407E-03,1.30717E-04],[1.35537E-03,1.32287E-04],[1.33170E-03,1.34327E-04],[1.30363E-03,1.33612E-04],[1.27053E-03,1.31757E-04],[1.23069E-03,1.32662E-04],[1.18842E-03,1.31586E-04],[1.14579E-03,1.30431E-04],[1.08821E-03,1.32356E-04],[1.03022E-03,1.33429E-04],[9.70320E-04,1.33785E-04],[9.06737E-04,1.33455E-04],[8.35518E-04,1.31057E-04],[7.59641E-04,1.32691E-04],[6.88706E-04,1.32180E-04],[6.09489E-04,1.34298E-04],[5.37736E-04,1.31586E-04],[4.85564E-04,1.36737E-04],[5.02242E-04,1.56713E-04]],[[1.31659E-03,1.38881E-04],[1.30589E-03,1.34433E-04],[1.29687E-03,1.34627E-04],[1.27996E-03,1.32681E-04],[1.25882E-03,1.32768E-04],[1.23200E-03,1.30664E-04],[1.20381E-03,1.33052E-04],[1.16823E-03,1.30614E-04],[1.12577E-03,1.30487E-04],[1.08205E-03,1.32837E-04],[1.03140E-03,1.33872E-04],[9.79350E-04,1.31440E-04],[9.21967E-04,1.32644E-04],[8.59290E-04,1.33230E-04],[7.88807E-04,1.31799E-04],[7.22540E-04,1.29965E-04],[6.48072E-04,1.34932E-04],[5.76637E-04,1.35977E-04],[5.10570E-04,1.37249E-04],[4.59895E-04,1.34438E-04],[4.75106E-04,1.57075E-04]],[[1.23665E-03,1.39264E-04],[1.23061E-03,1.34875E-04],[1.22118E-03,1.33255E-04],[1.20929E-03,1.34517E-04],[1.18693E-03,1.33588E-04],[1.15841E-03,1.32173E-04],[1.13141E-03,1.29690E-04],[1.09856E-03,1.32221E-04],[1.05985E-03,1.32560E-04],[1.01624E-03,1.33345E-04],[9.69196E-04,1.31741E-04],[9.19126E-04,1.33463E-04],[8.64575E-04,1.33360E-04],[8.04623E-04,1.31467E-04],[7.41573E-04,1.35524E-04],[6.77160E-04,1.34335E-04],[6.10720E-04,1.32660E-04],[5.42118E-04,1.32543E-04],[4.79528E-04,1.33650E-04],[4.31753E-04,1.35750E-04],[4.48035E-04,1.55368E-04]],[[1.15563E-03,1.41837E-04],[1.14787E-03,1.32181E-04],[1.13489E-03,1.32262E-04],[1.12391E-03,1.33970E-04],[1.10620E-03,1.34521E-04],[1.08132E-03,1.31458E-04],[1.05138E-03,1.32889E-04],[1.02076E-03,1.33807E-04],[9.85353E-04,1.32146E-04],[9.44799E-04,1.31340E-04],[9.03984E-04,1.33039E-04],[8.56061E-04,1.32857E-04],[8.05414E-04,1.33044E-04],[7.50734E-04,1.33196E-04],[6.93608E-04,1.32418E-04],[6.33637E-04,1.33399E-04],[5.69933E-04,1.33732E-04],[5.05574E-04,1.35074E-04],[4.45256E-04,1.35449E-04],[4.02729E-04,1.35261E-04],[4.17302E-04,1.57894E-04]],[[1.06265E-03,