{
  "seed":171778206,
  "pop":6500,
  "Inactive_Cycles":1200,
  "Active_Cycles":2500,
  "Total_CPU_Time":2.58286E+04,
  "Total_Transport_Time":3.12125E+02,
  "Time_Per_Integration":7.86248E-10,
  "Clock_Time":3.41784E+02,
  "keff":{
    "keff":[1.01579E+00,9.75654E-05]
  },
  "fissionRate":{
    "fissionRate":[[[1.77118E-03,1.63241E-04],[1.76331E-03,1.48089E-04],[1.74798E-03,1.44469E-04],[1.72604E-03,1.42410E-04],[1.69510E-03,1.42977E-04],[1.67013E-03,1.44870E-04],[1.62247E-03,1.43909E-04],[1.57316E-03,1.43066E-04],[1.51939E-03,1.46877E-04],[1.45867E-03,1.44892E-04],[1.38972E-03,1.41683E-04],[1.31574E-03,1.40959E-04],[1.23663E-03,1.42925E-04],[1.15500E-03,1.43556E-04],[1.06527E-03,1.45703E-04],[9.71862E-04,1.45161E-04],[8.73930E-04,1.47955E-04],[7.79685E-04,1.46079E-04],[6.86578E-04,1.51354E-04],[6.22585E-04,1.57321E-04],[6.42281E-04,1.77533E-04]],[[1.76166E-03,1.46218E-04],[1.75328E-03,1.39024E-04],[1.73963E-03,1.36982E-04],[1.71847E-03,1.37153E-04],[1.69241E-03,1.36734E-04],[1.65557E-03,1.38324E-04],[1.61249E-03,1.36362E-04],[1.56416E-03,1.36886E-04],[1.51783E-03,1.36601E-04],[1.45421E-03,1.38061E-04],[1.38030E-03,1.37231E-04],[1.31241E-03,1.37176E-04],[1.23352E-03,1.38439E-04],[1.14892E-03,1.37156E-04],[1.06115E-03,1.38877E-04],[9.67748E-04,1.43743E-04],[8.71490E-04,1.39736E-04],[7.73651E-04,1.42339E-04],[6.84563E-04,1.43139E-04],[6.17205E-04,1.48238E-04],[6.43119E-04,1.68210E-04]],[[1.75097E-03,1.47239E-04],[1.73967E-03,1.38641E-04],[1.72823E-03,1.38974E-04],[1.70340E-03,1.35473E-04],[1.67630E-03,1.38002E-04],[1.64411E-03,1.36319E-04],[1.59843E-03,1.35118E-04],[1.55169E-03,1.34757E-04],[1.49974E-03,1.39348E-04],[1.44095E-03,1.36058E-04],[1.37125E-03,1.39124E-04],[1.29758E-03,1.37595E-04],[1.22586E-03,1.38371E-04],[1.13870E-03,1.36801E-04],[1.05267E-03,1.36399E-04],[9.61153E-04,1.39927E-04],[8.66473E-04,1.34262E-04],[7.68715E-04,1.39259E-04],[6.77419E-04,1.42395E-04],[6.14841E-04,1.45521E-04],[6.36658E-04,1.61860E-04]],[[1.73068E-03,1.50010E-04],[1.71991E-03,1.37638E-04],[1.70256E-03,1.34943E-04],[1.68759E-03,1.35147E-04],[1.65527E-03,1.36596E-04],[1.62162E-03,1.35199E-04],[1.58601E-03,1.36594E-04],[1.53507E-03,1.35181E-04],[1.47891E-03,1.36873E-04],[1.41798E-03,1.39740E-04],[1.35569E-03,1.38974E-04],[1.28656E-03,1.35410E-04],[1.20935E-03,1.35104E-04],[1.12805E-03,1.37478E-04],[1.03916E-03,1.37898E-04],[9.48572E-04,1.39716E-04],[8.55465E-04,1.36378E-04],[7.60517E-04,1.39410E-04],[6.72083E-04,1.39994E-04],[6.06326E-04,1.39847E-04],[6.27805E-04,1.64687E-04]],[[1.69583E-03,1.47493E-04],[1.69340E-03,1.37963E-04],[1.67755E-03,1.33653E-04],[1.65513E-03,1.35136E-04],[1.62773E-03,1.36668E-04],[1.59234E-03,1.35770E-04],[1.55650E-03,1.33787E-04],[1.51051E-03,1.35721E-04],[1.45805E-03,1.36379E-04],[1.39437E-03,1.36319E-04],[1.33142E-03,1.37017E-04],[1.26645E-03,1.36107E-04],[1.18587E-03,1.34429E-04],[1.10670E-03,1.36269E-04],[1.02228E-03,1.36986E-04],[9.33351E-04,1.37973E-04],[8.40484E-04,1.35964E-04],[7.46096E-04,1.35832E-04],[6.58467E-04,1.35425E-04],[5.94987E-04,1.39927E-04],[6.14901E-04,1.62535E-04]],[[1.66328E-03,1.41672E-04],[1.65804E-03,1.37671E-04],[1.64424E-03,1.36797E-04],[1.62139E-03,1.37579E-04],[1.59275E-03,1.34151E-04],[1.56356E-03,1.33896E-04],[1.52468E-03,1.36770E-04],[1.47840E-03,1.33357E-04],[1.42356E-03,1.33298E-04],[1.36642E-03,1.35710E-04],[1.30475E-03,1.34783E-04],[1.23799E-03,1.35776E-04],[1.16158E-03,1.34830E-04],[1.08718E-03,1.35324E-04],[1.00044E-03,1.36478E-04],[9.12763E-04,1.35957E-04],[8.22534E-04,1.36545E-04],[7.31161E-04,1.36532E-04],[6.45080E-04,1.37313E-04],[5.83637E-04,1.40523E-04],[6.00523E-04,1.61225E-04]],[[1.61846E-03,1.45355E-04],[1.61165E-03,1.36202E-04],[1.60048E-03,1.35899E-04],[1.57887E-03,1.35750E-04],[1.55742E-03,1.36906E-04],[1.52245E-03,1.34679E-04],[1.48535E-03,1.34311E-04],[1.43809E-03,1.35880E-04],[1.38563E-03,1.35619E-04],[1.33138E-03,1.33256E-04],[1.26835E-03,1.35581E-04],[1.20351E-03,1.36520E-04],[1.13742E-03,1.35918E-04],[1.05747E-03,1.37580E-04],[9.79857E-04,1.36164E-04],[8.92046E-04,1.40190E-04],[8.02003E-04,1.37865E-04],[7.14592E-04,1.34433E-04],[6.28104E-04,1.35842E-04],[5.68387E-04,1.42195E-04],[5.87463E-04,1.61921E-04]],[[1.57437E-03,1.46603E-04],[1.56554E-03,1.37506E-04],[1.55183E-03,1.36430E-04],[1.53666E-03,1.33810E-04],[1.50415E-03,1.35236E-04],[1.47448E-03,1.35195E-04],[1.43721E-03,1.34555E-04],[1.39905E-03,1.35540E-04],[1.34828E-03,1.31368E-04],[1.29523E-03,1.32593E-04],[1.22928E-03,1.36402E-04],[1.17266E-03,1.33740E-04],[1.10148E-03,1.33885E-04],[1.02721E-03,1.32430E-04],[9.46405E-04,1.35447E-04],[8.64634E-04,1.33492E-04],[7.77506E-04,1.36440E-04],[6.91760E-04,1.36248E-04],[6.10513E-04,1.38564E-04],[5.51302E-04,1.39625E-04],[5.68426E-04,1.59835E-04]],[[1.51423E-03,1.47903E-04],[1.50787E-03,1.39928E-04],[1.49997E-03,1.38002E-04],[1.48371E-03,1.34776E-04],[1.45714E-03,1.35067E-04],[1.42404E-03,1.37581E-04],[1.39011E-03,1.36856E-04],[1.34417E-03,1.32245E-04],[1.29777E-03,1.35179E-04],[1.24733E-03,1.32741E-04],[1.19020E-03,1.35817E-04],[1.12815E-03,1.34879E-04],[1.05871E-03,1.34098E-04],[9.89307E-04,1.34055E-04],[9.11363E-04,1.34165E-04],[8.30792E-04,1.33380E-04],[7.50213E-04,1.37539E-04],[6.66516E-04,1.36761E-04],[5.89488E-04,1.36116E-04],[5.30754E-04,1.38696E-04],[5.46204E-04,1.59121E-04]],[[1.45632E-03,1.47155E-04],[1.44685E-03,1.42211E-04],[1.43497E-03,1.41800E-04],[1.42071E-03,1.35973E-04],[1.39916E-03,1.36644E-04],[1.36687E-03,1.34430E-04],[1.33021E-03,1.37229E-04],[1.29280E-03,1.34448E-04],[1.24893E-03,1.34537E-04],[1.19457E-03,1.33442E-04],[1.14431E-03,1.36340E-04],[1.08223E-03,1.34223E-04],[1.01830E-03,1.33161E-04],[9.48381E-04,1.34668E-04],[8.75401E-04,1.34329E-04],[7.97929E-04,1.34966E-04],[7.18871E-04,1.37062E-04],[6.41333E-04,1.36162E-04],[5.63705E-04,1.36671E-04],[5.11397E-04,1.42382E-04],[5.28999E-04,1.56617E-04]],[[1.39018E-03,1.46463E-04],[1.38139E-03,1.42234E-04],[1.37209E-03,1.41003E-04],[1.35503E-03,1.40568E-04],[1.33477E-03,1.36778E-04],[1.30336E-03,1.35037E-04],[1.27230E-03,1.34345E-04],[1.23012E-03,1.37213E-04],[1.18863E-03,1.31465E-04],[1.13712E-03,1.32225E-04],[1.08500E-03,1.32711E-04],[1.03149E-03,1.32946E-04],[9.71597E-04,1.34248E-04],[9.01791E-04,1.36401E-04],[8.35608E-04,1.35961E-04],[7.60993E-04,1.36329E-04],[6.85192E-04,1.36695E-04],[6.09862E-04,1.33540E-04],[5.37615E-04,1.34417E-04],[4.85685E-04,1.41643E-04],[5.03253E-04,1.61212E-04]],[[1.31700E-03,1.45769E-04],[1.30839E-03,1.39522E-04],[1.30003E-03,1.39060E-04],[1.28808E-03,1.40524E-04],[1.26153E-03,1.38216E-04],[1.23542E-03,1.33738E-04],[1.20301E-03,1.37517E-04],[1.16505E-03,1.37757E-04],[1.12482E-03,1.36016E-04],[1.07798E-03,1.35222E-04],[1.03124E-03,1.34847E-04],[9.76725E-04,1.33812E-04],[9.19873E-04,1.31612E-04],[8.56261E-04,1.34538E-04],[7.90149E-04,1.33749E-04],[7.22276E-04,1.36743E-04],[6.47760E-04,1.35282E-04],[5.78083E-04,1.37303E-04],[5.10746E-04,1.37844E-04],[4.60838E-04,1.41341E-04],[4.76934E-04,1.56323E-04]],[[1.23248E-03,1.51870E-04],[1.23158E-03,1.37627E-04],[1.22456E-03,1.38320E-04],[1.20532E-03,1.35903E-04],[1.18225E-03,1.34800E-04],[1.15925E-03,1.35357E-04],[1.13240E-03,1.33157E-04],[1.09724E-03,1.34857E-04],[1.05958E-03,1.36171E-04],[1.01628E-03,1.35488E-04],[9.67490E-04,1.35904E-04],[9.18819E-04,1.36658E-04],[8.63312E-04,1.34558E-04],[8.05553E-04,1.32677E-04],[7.42275E-04,1.34282E-04],[6.76841E-04,1.33624E-04],[6.10285E-04,1.35177E-04],[5.42898E-04,1.37624E-04],[4.79745E-04,1.36130E-04],[4.33208E-04,1.39050E-04],[4.48361E-04,1.58323E-04]],[[1.15461E-03,1.48089E-04],[1.14899E-03,1.41110E-04],[1.13844E-03,1.37394E-04],[1.12335E-03,1.37519E-04],[1.10486E-03,1.34411E-04],[1.08028E-03,1.35049E-04],[1.05477E-03,1.33137E-04],[1.02095E-03,1.33087E-04],[9.88922E-04,1.36132E-04],[9.47923E-04,1.35433E-04],[9.03933E-04,1.35858E-04],[8.55809E-04,1.35067E-04],[8.04666E-04,1.32898E-04],[7.52164E-04,1.33116E-04],[6.93381E-04,1.33653E-04],[6.32076E-04,1.36094E-04],[5.69202E-04,1.37007E-04],[5.05884E-04,1.35623E-04],[4.47647E-04,1.37008E-04],[4.04646E-04,1.39453E-04],[4.17329E-04,1.58443E-04]],[[1.06327E-03,