{
  "seed":1556924142,
  "pop":6500,
  "Inactive_Cycles":1200,
  "Active_Cycles":2500,
  "Total_CPU_Time":2.41102E+04,
  "Total_Transport_Time":2.92658E+02,
  "Time_Per_Integration":7.33459E-10,
  "Clock_Time":3.18853E+02,
  "keff":{
    "keff":[1.01576E+00,1.00088E-04]
  },
  "fissionRate":{
    "fissionRate":[[[1.77742E-03,1.63775E-04],[1.76770E-03,1.47168E-04],[1.75366E-03,1.46480E-04],[1.72971E-03,1.43163E-04],[1.70007E-03,1.42445E-04],[1.66141E-03,1.44700E-04],[1.62337E-03,1.42949E-04],[1.57460E-03,1.42373E-04],[1.51876E-03,1.40589E-04],[1.45653E-03,1.42998E-04],[1.39115E-03,1.43291E-04],[1.31320E-03,1.42951E-04],[1.23765E-03,1.45860E-04],[1.15226E-03,1.45388E-04],[1.06310E-03,1.49242E-04],[9.75224E-04,1.48182E-04],[8.73587E-04,1.47882E-04],[7.78822E-04,1.49283E-04],[6.86113E-04,1.46855E-04],[6.21561E-04,1.50946E-04],[6.47605E-04,1.77970E-04]],[[1.75741E-03,1.44141E-04],[1.76181E-03,1.37835E-04],[1.74582E-03,1.35740E-04],[1.72018E-03,1.38848E-04],[1.69593E-03,1.35233E-04],[1.65601E-03,1.38536E-04],[1.61535E-03,1.37394E-04],[1.56459E-03,1.36043E-04],[1.51257E-03,1.38194E-04],[1.45140E-03,1.37370E-04],[1.38235E-03,1.35856E-04],[1.30910E-03,1.38407E-04],[1.23138E-03,1.35438E-04],[1.14725E-03,1.41457E-04],[1.06019E-03,1.40698E-04],[9.68881E-04,1.38849E-04],[8.71337E-04,1.39109E-04],[7.72661E-04,1.37844E-04],[6.85835E-04,1.39343E-04],[6.17537E-04,1.42826E-04],[6.39171E-04,1.66162E-04]],[[1.74887E-03,1.46747E-04],[1.73996E-03,1.37272E-04],[1.73036E-03,1.37899E-04],[1.71226E-03,1.34861E-04],[1.67846E-03,1.33649E-04],[1.64266E-03,1.35026E-04],[1.60223E-03,1.36935E-04],[1.55451E-03,1.36821E-04],[1.49851E-03,1.35119E-04],[1.43878E-03,1.35291E-04],[1.36939E-03,1.35498E-04],[1.29929E-03,1.36738E-04],[1.22172E-03,1.36369E-04],[1.14034E-03,1.39894E-04],[1.05321E-03,1.38306E-04],[9.60813E-04,1.37592E-04],[8.63881E-04,1.38578E-04],[7.69676E-04,1.36904E-04],[6.78539E-04,1.36892E-04],[6.13682E-04,1.41747E-04],[6.33352E-04,1.58589E-04]],[[1.73001E-03,1.45398E-04],[1.72217E-03,1.36212E-04],[1.70543E-03,1.37071E-04],[1.68514E-03,1.35180E-04],[1.65971E-03,1.34611E-04],[1.62573E-03,1.33622E-04],[1.57881E-03,1.36986E-04],[1.53051E-03,1.33054E-04],[1.47682E-03,1.33607E-04],[1.42045E-03,1.37122E-04],[1.35233E-03,1.32968E-04],[1.28337E-03,1.33542E-04],[1.20773E-03,1.34886E-04],[1.12515E-03,1.36713E-04],[1.03932E-03,1.37858E-04],[9.48905E-04,1.37413E-04],[8.56751E-04,1.36666E-04],[7.62870E-04,1.39511E-04],[6.71667E-04,1.40366E-04],[6.06852E-04,1.38928E-04],[6.27224E-04,1.58438E-04]],[[1.69974E-03,1.41798E-04],[1.68899E-03,1.37049E-04],[1.67753E-03,1.39024E-04],[1.65963E-03,1.33297E-04],[1.63070E-03,1.34094E-04],[1.59512E-03,1.32634E-04],[1.55588E-03,1.36555E-04],[1.50901E-03,1.33923E-04],[1.45317E-03,1.33140E-04],[1.40078E-03,1.32281E-04],[1.33190E-03,1.34344E-04],[1.26233E-03,1.36803E-04],[1.18819E-03,1.35880E-04],[1.10743E-03,1.35017E-04],[1.02178E-03,1.35963E-04],[9.31779E-04,1.34792E-04],[8.39181E-04,1.35216E-04],[7.47209E-04,1.36466E-04],[6.59785E-04,1.36930E-04],[5.97943E-04,1.40986E-04],[6.18376E-04,1.59589E-04]],[[1.65868E-03,1.41586E-04],[1.65804E-03,1.38076E-04],[1.63955E-03,1.37545E-04],[1.61928E-03,1.33776E-04],[1.59137E-03,1.33523E-04],[1.56276E-03,1.35830E-04],[1.52450E-03,1.34992E-04],[1.47684E-03,1.35581E-04],[1.42138E-03,1.34329E-04],[1.36831E-03,1.35246E-04],[1.30303E-03,1.34897E-04],[1.23844E-03,1.35213E-04],[1.16605E-03,1.32614E-04],[1.08173E-03,1.34032E-04],[9.99240E-04,1.33414E-04],[9.11641E-04,1.35194E-04],[8.23129E-04,1.33298E-04],[7.31240E-04,1.34826E-04],[6.43248E-04,1.35520E-04],[5.84100E-04,1.38186E-04],[6.03405E-04,1.62772E-04]],[[1.61738E-03,1.43946E-04],[1.61385E-03,1.39643E-04],[1.60238E-03,1.36680E-04],[1.58046E-03,1.33579E-04],[1.55467E-03,1.34078E-04],[1.52695E-03,1.34733E-04],[1.48602E-03,1.34118E-04],[1.43481E-03,1.35704E-04],[1.38815E-03,1.35720E-04],[1.33471E-03,1.37353E-04],[1.27052E-03,1.35834E-04],[1.20561E-03,1.36895E-04],[1.13133E-03,1.35255E-04],[1.05585E-03,1.35938E-04],[9.74526E-04,1.34691E-04],[8.91528E-04,1.34194E-04],[8.01800E-04,1.37466E-04],[7.12901E-04,1.37872E-04],[6.29844E-04,1.36797E-04],[5.67695E-04,1.39230E-04],[5.88205E-04,1.66576E-04]],[[1.56865E-03,1.42986E-04],[1.56298E-03,1.33912E-04],[1.55289E-03,1.36015E-04],[1.53058E-03,1.35862E-04],[1.50872E-03,1.33956E-04],[1.47727E-03,1.34526E-04],[1.43966E-03,1.35006E-04],[1.39742E-03,1.32596E-04],[1.34854E-03,1.38190E-04],[1.29416E-03,1.36041E-04],[1.23285E-03,1.37336E-04],[1.16645E-03,1.36268E-04],[1.09957E-03,1.34158E-04],[1.02486E-03,1.34375E-04],[9.45178E-04,1.35908E-04],[8.64607E-04,1.36226E-04],[7.76660E-04,1.36640E-04],[6.90509E-04,1.37050E-04],[6.10236E-04,1.36451E-04],[5.50547E-04,1.38217E-04],[5.71576E-04,1.62752E-04]],[[1.51512E-03,1.44572E-04],[1.51286E-03,1.38970E-04],[1.49180E-03,1.35583E-04],[1.47627E-03,1.37475E-04],[1.45664E-03,1.36645E-04],[1.42741E-03,1.36253E-04],[1.39180E-03,1.36937E-04],[1.34686E-03,1.34537E-04],[1.30381E-03,1.33806E-04],[1.25048E-03,1.37041E-04],[1.19219E-03,1.34535E-04],[1.12727E-03,1.34837E-04],[1.05988E-03,1.33002E-04],[9.89394E-04,1.32580E-04],[9.14625E-04,1.37232E-04],[8.34256E-04,1.40110E-04],[7.50349E-04,1.35658E-04],[6.65096E-04,1.35790E-04],[5.87809E-04,1.36350E-04],[5.32061E-04,1.41010E-04],[5.50967E-04,1.63266E-04]],[[1.45575E-03,1.47972E-04],[1.45001E-03,1.38647E-04],[1.43587E-03,1.36514E-04],[1.41612E-03,1.33277E-04],[1.39229E-03,1.35191E-04],[1.37241E-03,1.34296E-04],[1.32957E-03,1.35720E-04],[1.29086E-03,1.35998E-04],[1.24873E-03,1.35072E-04],[1.19879E-03,1.33065E-04],[1.14687E-03,1.35848E-04],[1.08258E-03,1.36951E-04],[1.01474E-03,1.36787E-04],[9.47931E-04,1.32545E-04],[8.76146E-04,1.35596E-04],[8.01578E-04,1.37745E-04],[7.20238E-04,1.35255E-04],[6.39589E-04,1.33657E-04],[5.64119E-04,1.34709E-04],[5.09848E-04,1.39929E-04],[5.27523E-04,1.63122E-04]],[[1.38730E-03,1.49810E-04],[1.38095E-03,1.38165E-04],[1.36799E-03,1.35812E-04],[1.35314E-03,1.36173E-04],[1.32770E-03,1.37958E-04],[1.30640E-03,1.37436E-04],[1.27486E-03,1.35130E-04],[1.23174E-03,1.34800E-04],[1.18953E-03,1.33155E-04],[1.14292E-03,1.37698E-04],[1.08946E-03,1.34905E-04],[1.03222E-03,1.34143E-04],[9.71190E-04,1.33796E-04],[9.04667E-04,1.35119E-04],[8.34768E-04,1.36839E-04],[7.62144E-04,1.36307E-04],[6.86423E-04,1.35399E-04],[6.08833E-04,1.36820E-04],[5.38270E-04,1.35926E-04],[4.86502E-04,1.40912E-04],[5.03853E-04,1.61841E-04]],[[1.31291E-03,1.43300E-04],[1.30918E-03,1.40758E-04],[1.29873E-03,1.35144E-04],[1.28553E-03,1.35623E-04],[1.25833E-03,1.35634E-04],[1.23306E-03,1.35146E-04],[1.20589E-03,1.32816E-04],[1.17030E-03,1.33865E-04],[1.12698E-03,1.34715E-04],[1.08132E-03,1.35527E-04],[1.03113E-03,1.33796E-04],[9.79140E-04,1.35173E-04],[9.17735E-04,1.34926E-04],[8.57514E-04,1.34318E-04],[7.90919E-04,1.32500E-04],[7.19800E-04,1.36374E-04],[6.48645E-04,1.33415E-04],[5.75395E-04,1.33754E-04],[5.08433E-04,1.35807E-04],[4.61126E-04,1.37637E-04],[4.77179E-04,1.62795E-04]],[[1.23048E-03,1.45114E-04],[1.22949E-03,1.36981E-04],[1.22448E-03,1.36985E-04],[1.20822E-03,1.38003E-04],[1.18790E-03,1.35339E-04],[1.15964E-03,1.33421E-04],[1.13302E-03,1.34977E-04],[1.09878E-03,1.34118E-04],[1.06043E-03,1.34348E-04],[1.01590E-03,1.36312E-04],[9.67844E-04,1.34899E-04],[9.20106E-04,1.34733E-04],[8.63237E-04,1.33768E-04],[8.05136E-04,1.33325E-04],[7.43855E-04,1.34843E-04],[6.78848E-04,1.34848E-04],[6.12424E-04,1.35904E-04],[5.40802E-04,1.33797E-04],[4.77981E-04,1.36283E-04],[4.33139E-04,1.35842E-04],[4.48866E-04,1.61856E-04]],[[1.15136E-03,1.46325E-04],[1.14346E-03,1.37556E-04],[1.13975E-03,1.34552E-04],[1.12563E-03,1.35547E-04],[1.10584E-03,1.35151E-04],[1.08603E-03,1.37122E-04],[1.05623E-03,1.34317E-04],[1.02528E-03,1.35942E-04],[9.88699E-04,1.36240E-04],[9.47736E-04,1.33150E-04],[9.02441E-04,1.32007E-04],[8.55914E-04,1.36561E-04],[8.06561E-04,1.34398E-04],[7.50879E-04,1.32528E-04],[6.92906E-04,1.35903E-04],[6.31483E-04,1.34930E-04],[5.69607E-04,1.33935E-04],[5.05833E-04,1.38160E-04],[4.46150E-04,1.36157E-04],[4.04198E-04,1.37635E-04],[4.19350E-04,1.65627E-04]],[[1.06293E-03,