{
  "seed":-1955237980,
  "pop":6500,
  "Inactive_Cycles":1200,
  "Active_Cycles":2500,
  "Total_CPU_Time":4.10229E+04,
  "Total_Transport_Time":5.00259E+02,
  "Time_Per_Integration":1.26038E-09,
  "Clock_Time":5.42525E+02,
  "keff":{
    "keff":[1.01565E+00,1.02578E-04]
  },
  "fissionRate":{
    "fissionRate":[[[1.77264E-03,1.57816E-04],[1.76102E-03,1.49188E-04],[1.74414E-03,1.46629E-04],[1.72914E-03,1.47381E-04],[1.69936E-03,1.45093E-04],[1.66025E-03,1.43888E-04],[1.62008E-03,1.43878E-04],[1.57054E-03,1.45057E-04],[1.51599E-03,1.44171E-04],[1.45644E-03,1.42796E-04],[1.38775E-03,1.45357E-04],[1.31634E-03,1.47743E-04],[1.23607E-03,1.51636E-04],[1.15511E-03,1.49570E-04],[1.06666E-03,1.46677E-04],[9.71074E-04,1.46333E-04],[8.75127E-04,1.45999E-04],[7.78384E-04,1.45780E-04],[6.84875E-04,1.44258E-04],[6.18715E-04,1.47265E-04],[6.37848E-04,1.78120E-04]],[[1.76354E-03,1.42017E-04],[1.75153E-03,1.41233E-04],[1.73841E-03,1.39847E-04],[1.72014E-03,1.42131E-04],[1.69026E-03,1.38385E-04],[1.65763E-03,1.37893E-04],[1.61221E-03,1.37478E-04],[1.56801E-03,1.39188E-04],[1.51186E-03,1.37824E-04],[1.44794E-03,1.39580E-04],[1.38335E-03,1.39166E-04],[1.30833E-03,1.42680E-04],[1.23272E-03,1.38989E-04],[1.14907E-03,1.40420E-04],[1.06193E-03,1.37895E-04],[9.67302E-04,1.38272E-04],[8.74489E-04,1.37928E-04],[7.73120E-04,1.36589E-04],[6.83292E-04,1.36879E-04],[6.16570E-04,1.38638E-04],[6.36736E-04,1.62746E-04]],[[1.74718E-03,1.44979E-04],[1.74397E-03,1.40500E-04],[1.72746E-03,1.39896E-04],[1.70299E-03,1.41598E-04],[1.67599E-03,1.38107E-04],[1.64636E-03,1.40048E-04],[1.59977E-03,1.39761E-04],[1.55441E-03,1.40126E-04],[1.50041E-03,1.39690E-04],[1.43618E-03,1.39158E-04],[1.37299E-03,1.43517E-04],[1.29915E-03,1.40842E-04],[1.21890E-03,1.40167E-04],[1.14031E-03,1.38610E-04],[1.05183E-03,1.38610E-04],[9.57426E-04,1.35686E-04],[8.63396E-04,1.37299E-04],[7.68419E-04,1.36089E-04],[6.77176E-04,1.39231E-04],[6.09881E-04,1.39759E-04],[6.30873E-04,1.60277E-04]],[[1.72954E-03,1.45248E-04],[1.72300E-03,1.41788E-04],[1.69907E-03,1.38302E-04],[1.68307E-03,1.37671E-04],[1.65376E-03,1.37026E-04],[1.62464E-03,1.40687E-04],[1.57921E-03,1.39098E-04],[1.53317E-03,1.38386E-04],[1.47968E-03,1.39202E-04],[1.42325E-03,1.39401E-04],[1.35486E-03,1.38987E-04],[1.28394E-03,1.38630E-04],[1.21057E-03,1.35655E-04],[1.12776E-03,1.38846E-04],[1.03666E-03,1.38127E-04],[9.49003E-04,1.36514E-04],[8.53057E-04,1.37264E-04],[7.57932E-04,1.37738E-04],[6.70189E-04,1.35610E-04],[6.03809E-04,1.37734E-04],[6.22871E-04,1.60689E-04]],[[1.69827E-03,1.43774E-04],[1.68981E-03,1.36492E-04],[1.67069E-03,1.35056E-04],[1.65628E-03,1.39304E-04],[1.62789E-03,1.37973E-04],[1.59409E-03,1.37460E-04],[1.56090E-03,1.35064E-04],[1.50753E-03,1.39405E-04],[1.45354E-03,1.37655E-04],[1.39394E-03,1.39499E-04],[1.33367E-03,1.39494E-04],[1.25660E-03,1.40437E-04],[1.18394E-03,1.40584E-04],[1.10793E-03,1.41496E-04],[1.02269E-03,1.40309E-04],[9.31664E-04,1.37669E-04],[8.39314E-04,1.38036E-04],[7.45015E-04,1.37676E-04],[6.58586E-04,1.39319E-04],[5.92508E-04,1.39307E-04],[6.13135E-04,1.58692E-04]],[[1.66521E-03,1.43609E-04],[1.65288E-03,1.37807E-04],[1.63907E-03,1.37902E-04],[1.62178E-03,1.38223E-04],[1.59793E-03,1.39587E-04],[1.55772E-03,1.39662E-04],[1.51794E-03,1.36891E-04],[1.47920E-03,1.38455E-04],[1.42664E-03,1.37809E-04],[1.36801E-03,1.39941E-04],[1.30376E-03,1.38355E-04],[1.23048E-03,1.37554E-04],[1.16010E-03,1.39073E-04],[1.08283E-03,1.35688E-04],[1.00208E-03,1.35303E-04],[9.13816E-04,1.32894E-04],[8.21928E-04,1.36512E-04],[7.30647E-04,1.38460E-04],[6.44520E-04,1.38816E-04],[5.79829E-04,1.38550E-04],[6.02328E-04,1.59192E-04]],[[1.61930E-03,1.44986E-04],[1.61284E-03,1.38325E-04],[1.59909E-03,1.39125E-04],[1.57792E-03,1.38542E-04],[1.55664E-03,1.40255E-04],[1.52448E-03,1.39983E-04],[1.47846E-03,1.38945E-04],[1.44093E-03,1.38809E-04],[1.38696E-03,1.37915E-04],[1.33293E-03,1.41313E-04],[1.27452E-03,1.38255E-04],[1.20322E-03,1.37495E-04],[1.13062E-03,1.34293E-04],[1.05514E-03,1.36157E-04],[9.74579E-04,1.35768E-04],[8.89089E-04,1.35077E-04],[7.99113E-04,1.35723E-04],[7.10854E-04,1.35470E-04],[6.26878E-04,1.38746E-04],[5.67590E-04,1.40129E-04],[5.85443E-04,1.60834E-04]],[[1.57107E-03,1.48544E-04],[1.56506E-03,1.41638E-04],[1.54965E-03,1.39759E-04],[1.53453E-03,1.38382E-04],[1.50403E-03,1.38089E-04],[1.47557E-03,1.37568E-04],[1.44026E-03,1.36714E-04],[1.39705E-03,1.36741E-04],[1.34979E-03,1.40093E-04],[1.29242E-03,1.39634E-04],[1.23238E-03,1.38484E-04],[1.16670E-03,1.36177E-04],[1.09640E-03,1.41492E-04],[1.02603E-03,1.37699E-04],[9.44386E-04,1.35919E-04],[8.63246E-04,1.34741E-04],[7.76136E-04,1.36608E-04],[6.88661E-04,1.34610E-04],[6.09559E-04,1.35690E-04],[5.51150E-04,1.38701E-04],[5.70828E-04,1.57897E-04]],[[1.51402E-03,1.51270E-04],[1.51111E-03,1.40847E-04],[1.50091E-03,1.37860E-04],[1.48165E-03,1.36873E-04],[1.45352E-03,1.37421E-04],[1.42468E-03,1.38260E-04],[1.38699E-03,1.39564E-04],[1.34611E-03,1.37625E-04],[1.29836E-03,1.39602E-04],[1.24737E-03,1.36817E-04],[1.18813E-03,1.35469E-04],[1.12574E-03,1.36100E-04],[1.05873E-03,1.35509E-04],[9.85476E-04,1.35649E-04],[9.11483E-04,1.34098E-04],[8.32577E-04,1.35001E-04],[7.50917E-04,1.38082E-04],[6.65661E-04,1.31679E-04],[5.88070E-04,1.35332E-04],[5.31297E-04,1.35214E-04],[5.50189E-04,1.60590E-04]],[[1.45426E-03,1.49316E-04],[1.44693E-03,1.37677E-04],[1.43662E-03,1.39798E-04],[1.41689E-03,1.39009E-04],[1.39696E-03,1.36102E-04],[1.36343E-03,1.37870E-04],[1.33156E-03,1.37501E-04],[1.29151E-03,1.42682E-04],[1.24544E-03,1.35427E-04],[1.19655E-03,1.34554E-04],[1.14109E-03,1.37625E-04],[1.07625E-03,1.36652E-04],[1.01789E-03,1.36748E-04],[9.44769E-04,1.38400E-04],[8.74909E-04,1.36901E-04],[7.97034E-04,1.36098E-04],[7.21034E-04,1.34189E-04],[6.38979E-04,1.35883E-04],[5.63606E-04,1.35746E-04],[5.08946E-04,1.36639E-04],[5.28428E-04,1.54748E-04]],[[1.38781E-03,1.51596E-04],[1.38280E-03,1.40563E-04],[1.37220E-03,1.38274E-04],[1.35531E-03,1.38497E-04],[1.33210E-03,1.36385E-04],[1.30043E-03,1.36860E-04],[1.26844E-03,1.41404E-04],[1.22962E-03,1.41391E-04],[1.18903E-03,1.35577E-04],[1.14047E-03,1.37988E-04],[1.08844E-03,1.40238E-04],[1.02850E-03,1.35974E-04],[9.67916E-04,1.35723E-04],[9.01720E-04,1.35462E-04],[8.34228E-04,1.33833E-04],[7.61147E-04,1.36673E-04],[6.87001E-04,1.36338E-04],[6.09704E-04,1.35695E-04],[5.37113E-04,1.34617E-04],[4.87789E-04,1.38772E-04],[5.02948E-04,1.58801E-04]],[[1.31157E-03,1.43505E-04],[1.30672E-03,1.41306E-04],[1.29766E-03,1.38978E-04],[1.28000E-03,1.40814E-04],[1.26469E-03,1.38256E-04],[1.23406E-03,1.39566E-04],[1.20088E-03,1.35722E-04],[1.16680E-03,1.36330E-04],[1.12669E-03,1.36455E-04],[1.08001E-03,1.37087E-04],[1.02866E-03,1.36512E-04],[9.76390E-04,1.37667E-04],[9.18481E-04,1.35482E-04],[8.54891E-04,1.36341E-04],[7.88496E-04,1.35610E-04],[7.20248E-04,1.36528E-04],[6.49636E-04,1.35779E-04],[5.77259E-04,1.37906E-04],[5.09488E-04,1.37088E-04],[4.59552E-04,1.39297E-04],[4.77608E-04,1.61508E-04]],[[1.23539E-03,1.43042E-04],[1.22718E-03,1.36011E-04],[1.21657E-03,1.37308E-04],[1.20436E-03,1.36659E-04],[1.18692E-03,1.38691E-04],[1.16159E-03,1.35290E-04],[1.13005E-03,1.35077E-04],[1.09704E-03,1.35944E-04],[1.06143E-03,1.32958E-04],[1.01444E-03,1.34884E-04],[9.68224E-04,1.36012E-04],[9.15698E-04,1.36787E-04],[8.61889E-04,1.39806E-04],[8.03721E-04,1.39677E-04],[7.41692E-04,1.37960E-04],[6.79097E-04,1.38135E-04],[6.10796E-04,1.39645E-04],[5.42563E-04,1.39484E-04],[4.79125E-04,1.36982E-04],[4.33263E-04,1.40600E-04],[4.48898E-04,1.62399E-04]],[[1.14981E-03,1.44276E-04],[1.14198E-03,1.37859E-04],[1.13496E-03,1.37593E-04],[1.12232E-03,1.36104E-04],[1.10504E-03,1.35271E-04],[1.08158E-03,1.37148E-04],[1.05582E-03,1.31983E-04],[1.02419E-03,1.34431E-04],[9.87592E-04,1.34653E-04],[9.44839E-04,1.33560E-04],[9.02116E-04,1.33919E-04],[8.55914E-04,1.35006E-04],[8.03658E-04,1.40811E-04],[7.47970E-04,1.40988E-04],[6.90397E-04,1.40347E-04],[6.31604E-04,1.37018E-04],[5.67757E-04,1.42970E-04],[5.04013E-04,1.37845E-04],[4.46467E-04,1.38703E-04],[4.03079E-04,1.40414E-04],[4.17832E-04,1.65084E-04]],[[1.06271E-03,