{
  "seed":-1086258496,
  "pop":6500,
  "Inactive_Cycles":1200,
  "Active_Cycles":2500,
  "Total_CPU_Time":2.45988E+04,
  "Total_Transport_Time":2.99244E+02,
  "Time_Per_Integration":7.50066E-10,
  "Clock_Time":3.25285E+02,
  "keff":{
    "keff":[1.01561E+00,9.87667E-05]
  },
  "fissionRate":{
    "fissionRate":[[[1.76882E-03,1.55445E-04],[1.76035E-03,1.45631E-04],[1.74420E-03,1.41192E-04],[1.72642E-03,1.46960E-04],[1.69905E-03,1.46240E-04],[1.65613E-03,1.46028E-04],[1.61976E-03,1.44179E-04],[1.57161E-03,1.48045E-04],[1.51854E-03,1.47657E-04],[1.45496E-03,1.49233E-04],[1.38404E-03,1.44274E-04],[1.31337E-03,1.49661E-04],[1.23536E-03,1.47903E-04],[1.15445E-03,1.50337E-04],[1.06558E-03,1.50260E-04],[9.71978E-04,1.47264E-04],[8.74531E-04,1.48994E-04],[7.77208E-04,1.50448E-04],[6.85957E-04,1.46258E-04],[6.20936E-04,1.49629E-04],[6.42040E-04,1.75943E-04]],[[1.75868E-03,1.51071E-04],[1.75271E-03,1.38499E-04],[1.74173E-03,1.41551E-04],[1.72104E-03,1.39178E-04],[1.69158E-03,1.41000E-04],[1.65866E-03,1.39927E-04],[1.61099E-03,1.37479E-04],[1.57038E-03,1.40922E-04],[1.50830E-03,1.37096E-04],[1.44965E-03,1.39676E-04],[1.37901E-03,1.39745E-04],[1.30899E-03,1.37963E-04],[1.23013E-03,1.41118E-04],[1.14534E-03,1.42976E-04],[1.05878E-03,1.42500E-04],[9.69414E-04,1.42641E-04],[8.70095E-04,1.41438E-04],[7.75013E-04,1.41050E-04],[6.82978E-04,1.42103E-04],[6.17244E-04,1.42521E-04],[6.37044E-04,1.63556E-04]],[[1.74663E-03,1.47250E-04],[1.74035E-03,1.41477E-04],[1.72101E-03,1.36537E-04],[1.70738E-03,1.36815E-04],[1.67827E-03,1.37041E-04],[1.64630E-03,1.35110E-04],[1.60135E-03,1.37241E-04],[1.55568E-03,1.35724E-04],[1.50285E-03,1.33355E-04],[1.43783E-03,1.36820E-04],[1.37538E-03,1.37372E-04],[1.30139E-03,1.36303E-04],[1.21989E-03,1.36368E-04],[1.13724E-03,1.37881E-04],[1.04994E-03,1.45246E-04],[9.59920E-04,1.43801E-04],[8.64640E-04,1.37585E-04],[7.68603E-04,1.40145E-04],[6.76879E-04,1.40228E-04],[6.13100E-04,1.40936E-04],[6.32297E-04,1.62685E-04]],[[1.72464E-03,1.50576E-04],[1.71997E-03,1.42672E-04],[1.70648E-03,1.39308E-04],[1.68694E-03,1.37535E-04],[1.65957E-03,1.37268E-04],[1.62537E-03,1.36451E-04],[1.58604E-03,1.35683E-04],[1.53454E-03,1.35244E-04],[1.48277E-03,1.35128E-04],[1.41504E-03,1.34681E-04],[1.35517E-03,1.37308E-04],[1.28336E-03,1.35691E-04],[1.20563E-03,1.35093E-04],[1.12202E-03,1.38711E-04],[1.03666E-03,1.39796E-04],[9.45902E-04,1.38950E-04],[8.54615E-04,1.38942E-04],[7.58383E-04,1.36985E-04],[6.69516E-04,1.36066E-04],[6.04167E-04,1.39059E-04],[6.23428E-04,1.60851E-04]],[[1.70043E-03,1.46098E-04],[1.68586E-03,1.39172E-04],[1.67871E-03,1.38808E-04],[1.65765E-03,1.35163E-04],[1.63081E-03,1.34853E-04],[1.59795E-03,1.36722E-04],[1.55466E-03,1.35359E-04],[1.50602E-03,1.34336E-04],[1.45807E-03,1.33403E-04],[1.39868E-03,1.33831E-04],[1.33411E-03,1.33654E-04],[1.26108E-03,1.36133E-04],[1.18510E-03,1.32939E-04],[1.10186E-03,1.37191E-04],[1.02174E-03,1.39066E-04],[9.35077E-04,1.38259E-04],[8.39575E-04,1.36329E-04],[7.45026E-04,1.37322E-04],[6.57977E-04,1.37853E-04],[5.93993E-04,1.39215E-04],[6.15940E-04,1.60315E-04]],[[1.66085E-03,1.45972E-04],[1.65830E-03,1.36965E-04],[1.64671E-03,1.39462E-04],[1.61950E-03,1.36292E-04],[1.59068E-03,1.37571E-04],[1.55537E-03,1.35808E-04],[1.52359E-03,1.33279E-04],[1.47591E-03,1.34615E-04],[1.42226E-03,1.34510E-04],[1.36980E-03,1.34168E-04],[1.30636E-03,1.34174E-04],[1.23441E-03,1.32285E-04],[1.16178E-03,1.33182E-04],[1.07974E-03,1.35872E-04],[9.99029E-04,1.38723E-04],[9.11375E-04,1.38138E-04],[8.20635E-04,1.34345E-04],[7.32008E-04,1.37014E-04],[6.44281E-04,1.36378E-04],[5.81922E-04,1.40660E-04],[6.01378E-04,1.63254E-04]],[[1.61978E-03,1.43173E-04],[1.61028E-03,1.36485E-04],[1.59738E-03,1.36102E-04],[1.57824E-03,1.36944E-04],[1.55509E-03,1.35793E-04],[1.52041E-03,1.35574E-04],[1.48035E-03,1.32889E-04],[1.44211E-03,1.33798E-04],[1.38766E-03,1.34283E-04],[1.33214E-03,1.33069E-04],[1.27142E-03,1.35167E-04],[1.20296E-03,1.37029E-04],[1.13170E-03,1.33468E-04],[1.05500E-03,1.36218E-04],[9.73851E-04,1.35165E-04],[8.92386E-04,1.35483E-04],[8.01028E-04,1.35139E-04],[7.13182E-04,1.38386E-04],[6.27740E-04,1.33920E-04],[5.67701E-04,1.37998E-04],[5.86595E-04,1.62052E-04]],[[1.56964E-03,1.40829E-04],[1.56721E-03,1.33950E-04],[1.55351E-03,1.34162E-04],[1.53264E-03,1.33827E-04],[1.51045E-03,1.32742E-04],[1.47496E-03,1.31912E-04],[1.43494E-03,1.34619E-04],[1.39259E-03,1.34033E-04],[1.34147E-03,1.33728E-04],[1.29260E-03,1.33494E-04],[1.23058E-03,1.36164E-04],[1.16464E-03,1.36675E-04],[1.09766E-03,1.37436E-04],[1.02382E-03,1.34655E-04],[9.43179E-04,1.36850E-04],[8.60888E-04,1.36186E-04],[7.76448E-04,1.35906E-04],[6.90477E-04,1.37025E-04],[6.11925E-04,1.35714E-04],[5.52163E-04,1.39951E-04],[5.70696E-04,1.62746E-04]],[[1.52219E-03,1.42358E-04],[1.51104E-03,1.36205E-04],[1.49862E-03,1.33495E-04],[1.47907E-03,1.34277E-04],[1.45638E-03,1.36594E-04],[1.42454E-03,1.31675E-04],[1.38748E-03,1.34001E-04],[1.34539E-03,1.32998E-04],[1.30024E-03,1.34361E-04],[1.24600E-03,1.34558E-04],[1.18575E-03,1.35317E-04],[1.12571E-03,1.36858E-04],[1.05927E-03,1.36269E-04],[9.88594E-04,1.35807E-04],[9.13649E-04,1.35575E-04],[8.31761E-04,1.35694E-04],[7.51156E-04,1.34834E-04],[6.65804E-04,1.38580E-04],[5.89566E-04,1.36947E-04],[5.31918E-04,1.38235E-04],[5.52599E-04,1.60408E-04]],[[1.45695E-03,1.40689E-04],[1.45281E-03,1.36993E-04],[1.43477E-03,1.35186E-04],[1.42374E-03,1.31484E-04],[1.39889E-03,1.32640E-04],[1.36333E-03,1.34082E-04],[1.33268E-03,1.35053E-04],[1.29239E-03,1.38873E-04],[1.24595E-03,1.33957E-04],[1.19769E-03,1.34536E-04],[1.14066E-03,1.32718E-04],[1.07804E-03,1.35206E-04],[1.01722E-03,1.36726E-04],[9.47421E-04,1.37087E-04],[8.74582E-04,1.37922E-04],[7.97319E-04,1.35385E-04],[7.17560E-04,1.35153E-04],[6.38404E-04,1.35958E-04],[5.65142E-04,1.34845E-04],[5.09708E-04,1.38110E-04],[5.27686E-04,1.58929E-04]],[[1.38702E-03,1.42005E-04],[1.37705E-03,1.37681E-04],[1.37010E-03,1.33600E-04],[1.35722E-03,1.33015E-04],[1.33293E-03,1.33545E-04],[1.30113E-03,1.34143E-04],[1.26843E-03,1.35983E-04],[1.23415E-03,1.35115E-04],[1.18898E-03,1.37695E-04],[1.13972E-03,1.34480E-04],[1.08840E-03,1.35422E-04],[1.03182E-03,1.37325E-04],[9.65351E-04,1.34753E-04],[9.02355E-04,1.35651E-04],[8.33425E-04,1.33285E-04],[7.61886E-04,1.33294E-04],[6.86570E-04,1.37173E-04],[6.10232E-04,1.36064E-04],[5.37157E-04,1.37835E-04],[4.85561E-04,1.39235E-04],[5.03712E-04,1.60852E-04]],[[1.30943E-03,1.45681E-04],[1.30708E-03,1.41065E-04],[1.30129E-03,1.35109E-04],[1.28242E-03,1.33990E-04],[1.26017E-03,1.33065E-04],[1.23209E-03,1.36738E-04],[1.20462E-03,1.35669E-04],[1.16888E-03,1.35087E-04],[1.12548E-03,1.32648E-04],[1.07993E-03,1.33852E-04],[1.02990E-03,1.35707E-04],[9.75261E-04,1.35766E-04],[9.15259E-04,1.34927E-04],[8.52421E-04,1.35847E-04],[7.88607E-04,1.35090E-04],[7.21168E-04,1.34476E-04],[6.48655E-04,1.32623E-04],[5.78755E-04,1.35209E-04],[5.11214E-04,1.34464E-04],[4.60264E-04,1.39805E-04],[4.76738E-04,1.56418E-04]],[[1.23908E-03,1.49391E-04],[1.23189E-03,1.41707E-04],[1.21952E-03,1.36009E-04],[1.20682E-03,1.35400E-04],[1.18524E-03,1.34020E-04],[1.16176E-03,1.34987E-04],[1.13459E-03,1.37934E-04],[1.09711E-03,1.32532E-04],[1.05978E-03,1.32423E-04],[1.01514E-03,1.32638E-04],[9.68161E-04,1.35275E-04],[9.16146E-04,1.34008E-04],[8.57728E-04,1.33878E-04],[8.03786E-04,1.34223E-04],[7.43543E-04,1.37354E-04],[6.75713E-04,1.33826E-04],[6.09202E-04,1.33280E-04],[5.43269E-04,1.34075E-04],[4.78501E-04,1.35364E-04],[4.32967E-04,1.36472E-04],[4.47865E-04,1.53782E-04]],[[1.15005E-03,1.45698E-04],[1.14649E-03,1.36091E-04],[1.13704E-03,1.37087E-04],[1.12270E-03,1.34937E-04],[1.10595E-03,1.37609E-04],[1.08374E-03,1.37020E-04],[1.05297E-03,1.35308E-04],[1.02596E-03,1.34005E-04],[9.87011E-04,1.37702E-04],[9.45780E-04,1.35196E-04],[9.02098E-04,1.32524E-04],[8.55652E-04,1.36790E-04],[8.05918E-04,1.38005E-04],[7.48576E-04,1.34591E-04],[6.92779E-04,1.35360E-04],[6.31186E-04,1.36744E-04],[5.67418E-04,1.36529E-04],[5.05161E-04,1.33963E-04],[4.46655E-04,1.35051E-04],[4.03740E-04,1.37015E-04],[4.17949E-04,1.58529E-04]],[[1.06390E-03,