{
  "seed":-1603015485,
  "pop":6500,
  "Inactive_Cycles":1200,
  "Active_Cycles":2500,
  "Total_CPU_Time":3.21998E+04,
  "Total_Transport_Time":3.93619E+02,
  "Time_Per_Integration":9.85767E-10,
  "Clock_Time":4.25477E+02,
  "keff":{
    "keff":[1.01531E+00,1.01940E-04]
  },
  "fissionRate":{
    "fissionRate":[[[1.76709E-03,1.55540E-04],[1.76052E-03,1.47334E-04],[1.74613E-03,1.44865E-04],[1.72227E-03,1.44903E-04],[1.69957E-03,1.44726E-04],[1.66419E-03,1.43890E-04],[1.62062E-03,1.43513E-04],[1.57855E-03,1.44300E-04],[1.51638E-03,1.45830E-04],[1.45376E-03,1.45655E-04],[1.38837E-03,1.44323E-04],[1.31704E-03,1.42995E-04],[1.23363E-03,1.41835E-04],[1.14970E-03,1.43151E-04],[1.06322E-03,1.45877E-04],[9.71022E-04,1.42778E-04],[8.72552E-04,1.46073E-04],[7.75970E-04,1.44571E-04],[6.85905E-04,1.43589E-04],[6.21913E-04,1.44855E-04],[6.42358E-04,1.73616E-04]],[[1.75423E-03,1.45541E-04],[1.74951E-03,1.42345E-04],[1.73632E-03,1.40696E-04],[1.71541E-03,1.38308E-04],[1.68542E-03,1.39009E-04],[1.65338E-03,1.41386E-04],[1.60855E-03,1.37942E-04],[1.56164E-03,1.40641E-04],[1.51114E-03,1.35395E-04],[1.44853E-03,1.36716E-04],[1.38137E-03,1.41172E-04],[1.30955E-03,1.41777E-04],[1.22922E-03,1.40127E-04],[1.14821E-03,1.40496E-04],[1.05861E-03,1.40518E-04],[9.64646E-04,1.38659E-04],[8.70198E-04,1.39565E-04],[7.73777E-04,1.39006E-04],[6.82061E-04,1.38982E-04],[6.16183E-04,1.40449E-04],[6.40920E-04,1.60639E-04]],[[1.74276E-03,1.43780E-04],[1.73607E-03,1.40323E-04],[1.72498E-03,1.40548E-04],[1.70588E-03,1.36379E-04],[1.67406E-03,1.38078E-04],[1.63997E-03,1.38677E-04],[1.59899E-03,1.36260E-04],[1.55397E-03,1.37261E-04],[1.49664E-03,1.38385E-04],[1.43458E-03,1.35677E-04],[1.37093E-03,1.38512E-04],[1.29833E-03,1.39234E-04],[1.22009E-03,1.39000E-04],[1.13961E-03,1.38478E-04],[1.05246E-03,1.37843E-04],[9.59759E-04,1.39837E-04],[8.64454E-04,1.38649E-04],[7.69441E-04,1.37645E-04],[6.76699E-04,1.36405E-04],[6.11543E-04,1.38141E-04],[6.36106E-04,1.58781E-04]],[[1.72293E-03,1.43344E-04],[1.71642E-03,1.39004E-04],[1.70525E-03,1.38828E-04],[1.68503E-03,1.36118E-04],[1.65695E-03,1.37060E-04],[1.62016E-03,1.39429E-04],[1.58037E-03,1.38037E-04],[1.52974E-03,1.37514E-04],[1.47991E-03,1.38104E-04],[1.42185E-03,1.36091E-04],[1.35290E-03,1.35385E-04],[1.28122E-03,1.38679E-04],[1.20407E-03,1.40365E-04],[1.12209E-03,1.39117E-04],[1.03621E-03,1.37255E-04],[9.47991E-04,1.39007E-04],[8.52115E-04,1.37464E-04],[7.57956E-04,1.39611E-04],[6.67061E-04,1.37430E-04],[6.06088E-04,1.39027E-04],[6.27494E-04,1.57121E-04]],[[1.69888E-03,1.43890E-04],[1.68953E-03,1.38335E-04],[1.67289E-03,1.40259E-04],[1.65115E-03,1.37183E-04],[1.63023E-03,1.36950E-04],[1.59469E-03,1.37052E-04],[1.55461E-03,1.36271E-04],[1.50694E-03,1.37661E-04],[1.45410E-03,1.35873E-04],[1.39548E-03,1.36895E-04],[1.32963E-03,1.37391E-04],[1.26091E-03,1.37575E-04],[1.18966E-03,1.36351E-04],[1.10661E-03,1.37627E-04],[1.01685E-03,1.38053E-04],[9.30019E-04,1.36402E-04],[8.35250E-04,1.35633E-04],[7.43643E-04,1.36674E-04],[6.57560E-04,1.38869E-04],[5.95308E-04,1.37572E-04],[6.15460E-04,1.58872E-04]],[[1.66070E-03,1.42593E-04],[1.65562E-03,1.36431E-04],[1.64350E-03,1.34482E-04],[1.62244E-03,1.34221E-04],[1.58959E-03,1.34853E-04],[1.55654E-03,1.34946E-04],[1.51927E-03,1.35559E-04],[1.47125E-03,1.33957E-04],[1.42303E-03,1.33975E-04],[1.36280E-03,1.35415E-04],[1.30433E-03,1.34804E-04],[1.23529E-03,1.33742E-04],[1.15769E-03,1.34913E-04],[1.08110E-03,1.37081E-04],[1.00073E-03,1.37947E-04],[9.10592E-04,1.33151E-04],[8.19755E-04,1.36075E-04],[7.28671E-04,1.34941E-04],[6.43466E-04,1.36636E-04],[5.83200E-04,1.38035E-04],[6.05504E-04,1.58790E-04]],[[1.62368E-03,1.40975E-04],[1.61133E-03,1.35807E-04],[1.60179E-03,1.35634E-04],[1.57405E-03,1.34588E-04],[1.54988E-03,1.32205E-04],[1.52305E-03,1.35771E-04],[1.48482E-03,1.35252E-04],[1.43401E-03,1.34374E-04],[1.38779E-03,1.34125E-04],[1.33021E-03,1.36565E-04],[1.27206E-03,1.31746E-04],[1.20294E-03,1.35683E-04],[1.13032E-03,1.36537E-04],[1.05448E-03,1.34822E-04],[9.73290E-04,1.36342E-04],[8.86181E-04,1.33972E-04],[7.97954E-04,1.33912E-04],[7.10237E-04,1.36922E-04],[6.24091E-04,1.34809E-04],[5.67330E-04,1.39195E-04],[5.90785E-04,1.55904E-04]],[[1.57551E-03,1.38933E-04],[1.56115E-03,1.34486E-04],[1.55459E-03,1.33793E-04],[1.53111E-03,1.34343E-04],[1.50578E-03,1.33912E-04],[1.47134E-03,1.35521E-04],[1.43578E-03,1.34629E-04],[1.39381E-03,1.34494E-04],[1.34675E-03,1.36406E-04],[1.29233E-03,1.33703E-04],[1.23087E-03,1.35140E-04],[1.16557E-03,1.34710E-04],[1.09509E-03,1.37967E-04],[1.02397E-03,1.36228E-04],[9.43395E-04,1.37624E-04],[8.60375E-04,1.36769E-04],[7.73420E-04,1.36382E-04],[6.88598E-04,1.35551E-04],[6.07561E-04,1.34690E-04],[5.49988E-04,1.36881E-04],[5.70244E-04,1.54488E-04]],[[1.51561E-03,1.39645E-04],[1.51409E-03,1.36731E-04],[1.49926E-03,1.33454E-04],[1.48018E-03,1.34346E-04],[1.45056E-03,1.35121E-04],[1.41961E-03,1.35571E-04],[1.38731E-03,1.34414E-04],[1.34572E-03,1.37260E-04],[1.29988E-03,1.36067E-04],[1.24418E-03,1.34436E-04],[1.18826E-03,1.33957E-04],[1.12551E-03,1.35330E-04],[1.05346E-03,1.36608E-04],[9.85530E-04,1.37081E-04],[9.09858E-04,1.38612E-04],[8.31258E-04,1.37618E-04],[7.48458E-04,1.35892E-04],[6.66139E-04,1.36799E-04],[5.86376E-04,1.35021E-04],[5.30323E-04,1.36277E-04],[5.51027E-04,1.58429E-04]],[[1.46011E-03,1.42474E-04],[1.44709E-03,1.37207E-04],[1.43907E-03,1.35141E-04],[1.41560E-03,1.33928E-04],[1.39448E-03,1.33304E-04],[1.36129E-03,1.35341E-04],[1.33033E-03,1.35067E-04],[1.29045E-03,1.35061E-04],[1.24513E-03,1.34727E-04],[1.19493E-03,1.35134E-04],[1.13794E-03,1.35192E-04],[1.07764E-03,1.35218E-04],[1.01421E-03,1.35780E-04],[9.46075E-04,1.34919E-04],[8.72242E-04,1.34899E-04],[7.95743E-04,1.36436E-04],[7.16550E-04,1.35364E-04],[6.38159E-04,1.34203E-04],[5.61997E-04,1.34175E-04],[5.08581E-04,1.36172E-04],[5.29035E-04,1.56583E-04]],[[1.38621E-03,1.44314E-04],[1.38217E-03,1.36356E-04],[1.36830E-03,1.35700E-04],[1.35166E-03,1.34145E-04],[1.32805E-03,1.35243E-04],[1.29899E-03,1.33417E-04],[1.26934E-03,1.34284E-04],[1.23265E-03,1.34268E-04],[1.18883E-03,1.34698E-04],[1.14301E-03,1.34031E-04],[1.08857E-03,1.32216E-04],[1.02896E-03,1.36292E-04],[9.68953E-04,1.34304E-04],[9.01095E-04,1.33194E-04],[8.33722E-04,1.32928E-04],[7.60435E-04,1.31946E-04],[6.83720E-04,1.34279E-04],[6.07920E-04,1.34693E-04],[5.37127E-04,1.32306E-04],[4.84176E-04,1.36203E-04],[5.03244E-04,1.58103E-04]],[[1.31062E-03,1.42575E-04],[1.30943E-03,1.38922E-04],[1.29733E-03,1.36097E-04],[1.28031E-03,1.35347E-04],[1.25811E-03,1.35787E-04],[1.23266E-03,1.32222E-04],[1.20247E-03,1.34835E-04],[1.16551E-03,1.34250E-04],[1.12609E-03,1.35455E-04],[1.07979E-03,1.37326E-04],[1.02599E-03,1.34710E-04],[9.75062E-04,1.32587E-04],[9.18026E-04,1.34561E-04],[8.55975E-04,1.34570E-04],[7.89327E-04,1.33990E-04],[7.18514E-04,1.33045E-04],[6.47592E-04,1.34351E-04],[5.75825E-04,1.32471E-04],[5.07569E-04,1.34590E-04],[4.60647E-04,1.36684E-04],[4.75002E-04,1.57741E-04]],[[1.23771E-03,1.44085E-04],[1.23189E-03,1.38817E-04],[1.21927E-03,1.36676E-04],[1.20251E-03,1.36504E-04],[1.18470E-03,1.32445E-04],[1.15786E-03,1.36031E-04],[1.13009E-03,1.37320E-04],[1.09431E-03,1.33131E-04],[1.05436E-03,1.35069E-04],[1.01234E-03,1.34412E-04],[9.68769E-04,1.34597E-04],[9.15632E-04,1.32421E-04],[8.63451E-04,1.32765E-04],[8.02013E-04,1.31746E-04],[7.41396E-04,1.33015E-04],[6.76901E-04,1.31974E-04],[6.09712E-04,1.35199E-04],[5.41885E-04,1.34654E-04],[4.78922E-04,1.34887E-04],[4.32755E-04,1.36017E-04],[4.49303E-04,1.55889E-04]],[[1.15135E-03,1.45438E-04],[1.14863E-03,1.36978E-04],[1.13922E-03,1.39233E-04],[1.12373E-03,1.32740E-04],[1.10468E-03,1.33436E-04],[1.08173E-03,1.34156E-04],[1.05470E-03,1.35955E-04],[1.02119E-03,1.33386E-04],[9.87321E-04,1.35308E-04],[9.46128E-04,1.35635E-04],[9.00298E-04,1.34804E-04],[8.55745E-04,1.34108E-04],[8.03563E-04,1.33560E-04],[7.48111E-04,1.32107E-04],[6.91242E-04,1.31977E-04],[6.31188E-04,1.33282E-04],[5.67503E-04,1.35007E-04],[5.05685E-04,1.36458E-04],[4.45815E-04,1.35637E-04],[4.03555E-04,1.36804E-04],[4.16950E-04,1.58071E-04]],[[1.06281E-03,