{
  "seed":2042557538,
  "pop":6500,
  "Inactive_Cycles":1200,
  "Active_Cycles":2500,
  "Total_CPU_Time":2.45575E+04,
  "Total_Transport_Time":2.97992E+02,
  "Time_Per_Integration":7.50605E-10,
  "Clock_Time":3.28950E+02,
  "keff":{
    "keff":[1.01575E+00,9.90036E-05]
  },
  "fissionRate":{
    "fissionRate":[[[1.77072E-03,1.68709E-04],[1.76054E-03,1.56003E-04],[1.74498E-03,1.52539E-04],[1.72730E-03,1.45994E-04],[1.69396E-03,1.43447E-04],[1.66406E-03,1.49249E-04],[1.61875E-03,1.46054E-04],[1.56922E-03,1.48488E-04],[1.51836E-03,1.49996E-04],[1.45343E-03,1.47506E-04],[1.38744E-03,1.49429E-04],[1.31653E-03,1.43884E-04],[1.23433E-03,1.41843E-04],[1.15063E-03,1.45873E-04],[1.05999E-03,1.45565E-04],[9.71368E-04,1.42274E-04],[8.76221E-04,1.45412E-04],[7.75932E-04,1.48248E-04],[6.85513E-04,1.46825E-04],[6.18692E-04,1.46273E-04],[6.38638E-04,1.68849E-04]],[[1.75950E-03,1.48894E-04],[1.76041E-03,1.47288E-04],[1.74251E-03,1.41324E-04],[1.72133E-03,1.38120E-04],[1.69176E-03,1.38891E-04],[1.65366E-03,1.40084E-04],[1.60612E-03,1.36016E-04],[1.56204E-03,1.36298E-04],[1.50481E-03,1.39399E-04],[1.44817E-03,1.35415E-04],[1.38019E-03,1.36193E-04],[1.30821E-03,1.37967E-04],[1.23398E-03,1.39495E-04],[1.14725E-03,1.36296E-04],[1.05842E-03,1.35786E-04],[9.64612E-04,1.38187E-04],[8.70161E-04,1.37239E-04],[7.72827E-04,1.40971E-04],[6.81836E-04,1.41032E-04],[6.17416E-04,1.40282E-04],[6.35837E-04,1.58996E-04]],[[1.75151E-03,1.49434E-04],[1.74086E-03,1.41726E-04],[1.72799E-03,1.39027E-04],[1.70389E-03,1.39238E-04],[1.67545E-03,1.38914E-04],[1.63963E-03,1.38456E-04],[1.60144E-03,1.36934E-04],[1.55090E-03,1.34205E-04],[1.49580E-03,1.37136E-04],[1.43622E-03,1.37626E-04],[1.37207E-03,1.35964E-04],[1.30163E-03,1.38726E-04],[1.22026E-03,1.36445E-04],[1.13777E-03,1.35287E-04],[1.05311E-03,1.35456E-04],[9.58448E-04,1.35056E-04],[8.62935E-04,1.42090E-04],[7.65857E-04,1.39593E-04],[6.76127E-04,1.39234E-04],[6.09185E-04,1.41098E-04],[6.28519E-04,1.62227E-04]],[[1.72874E-03,1.56095E-04],[1.71593E-03,1.40509E-04],[1.70546E-03,1.39397E-04],[1.68154E-03,1.36243E-04],[1.65461E-03,1.39103E-04],[1.62376E-03,1.37080E-04],[1.57958E-03,1.36472E-04],[1.53033E-03,1.36293E-04],[1.47957E-03,1.36049E-04],[1.41764E-03,1.35939E-04],[1.35842E-03,1.33906E-04],[1.28289E-03,1.34128E-04],[1.20664E-03,1.34767E-04],[1.12321E-03,1.32821E-04],[1.03845E-03,1.34377E-04],[9.45571E-04,1.37339E-04],[8.53290E-04,1.36919E-04],[7.57896E-04,1.37241E-04],[6.69748E-04,1.35859E-04],[6.03655E-04,1.38806E-04],[6.23325E-04,1.62124E-04]],[[1.69617E-03,1.53780E-04],[1.68954E-03,1.40730E-04],[1.67407E-03,1.39186E-04],[1.65853E-03,1.35913E-04],[1.62895E-03,1.37253E-04],[1.59312E-03,1.37513E-04],[1.55770E-03,1.35520E-04],[1.50502E-03,1.37224E-04],[1.45606E-03,1.36856E-04],[1.39545E-03,1.36163E-04],[1.33327E-03,1.36546E-04],[1.26137E-03,1.33623E-04],[1.18688E-03,1.32835E-04],[1.10721E-03,1.35156E-04],[1.01886E-03,1.36596E-04],[9.32705E-04,1.37778E-04],[8.40716E-04,1.37917E-04],[7.43545E-04,1.38690E-04],[6.56567E-04,1.37877E-04],[5.92712E-04,1.40834E-04],[6.10889E-04,1.66132E-04]],[[1.66395E-03,1.48418E-04],[1.65410E-03,1.40464E-04],[1.63685E-03,1.37872E-04],[1.62134E-03,1.34369E-04],[1.59509E-03,1.34089E-04],[1.56180E-03,1.33801E-04],[1.52056E-03,1.34703E-04],[1.47619E-03,1.35412E-04],[1.42434E-03,1.34787E-04],[1.37361E-03,1.34986E-04],[1.30385E-03,1.34245E-04],[1.23436E-03,1.35526E-04],[1.16016E-03,1.33166E-04],[1.08293E-03,1.34458E-04],[9.99061E-04,1.33902E-04],[9.09449E-04,1.33588E-04],[8.23083E-04,1.37148E-04],[7.29697E-04,1.36390E-04],[6.44483E-04,1.37745E-04],[5.80985E-04,1.43329E-04],[5.98372E-04,1.63147E-04]],[[1.61878E-03,1.45489E-04],[1.61406E-03,1.37359E-04],[1.59941E-03,1.38104E-04],[1.57893E-03,1.35347E-04],[1.55321E-03,1.35403E-04],[1.51849E-03,1.33161E-04],[1.48330E-03,1.36055E-04],[1.43704E-03,1.37064E-04],[1.38856E-03,1.34851E-04],[1.32979E-03,1.36467E-04],[1.27291E-03,1.36457E-04],[1.20240E-03,1.37317E-04],[1.12989E-03,1.36200E-04],[1.05262E-03,1.35577E-04],[9.72692E-04,1.35944E-04],[8.89183E-04,1.34803E-04],[8.00822E-04,1.40470E-04],[7.11919E-04,1.38512E-04],[6.29101E-04,1.40427E-04],[5.66922E-04,1.40735E-04],[5.85676E-04,1.60632E-04]],[[1.57265E-03,1.47182E-04],[1.56225E-03,1.37762E-04],[1.55536E-03,1.36900E-04],[1.53243E-03,1.36737E-04],[1.50820E-03,1.31836E-04],[1.47727E-03,1.34200E-04],[1.43762E-03,1.36467E-04],[1.39321E-03,1.34940E-04],[1.35052E-03,1.34082E-04],[1.29285E-03,1.36030E-04],[1.22953E-03,1.36763E-04],[1.16637E-03,1.35713E-04],[1.09893E-03,1.35425E-04],[1.02378E-03,1.34610E-04],[9.45351E-04,1.33383E-04],[8.61909E-04,1.38397E-04],[7.78499E-04,1.39700E-04],[6.91149E-04,1.38406E-04],[6.09742E-04,1.38687E-04],[5.50900E-04,1.39847E-04],[5.68094E-04,1.64212E-04]],[[1.51681E-03,1.44859E-04],[1.51239E-03,1.39503E-04],[1.49792E-03,1.35478E-04],[1.47772E-03,1.35254E-04],[1.45599E-03,1.33999E-04],[1.42294E-03,1.35653E-04],[1.38477E-03,1.32996E-04],[1.34615E-03,1.33534E-04],[1.29638E-03,1.34991E-04],[1.24469E-03,1.38833E-04],[1.18642E-03,1.37023E-04],[1.12479E-03,1.36650E-04],[1.05968E-03,1.33844E-04],[9.85613E-04,1.34743E-04],[9.10971E-04,1.35679E-04],[8.32204E-04,1.38110E-04],[7.50141E-04,1.37495E-04],[6.66379E-04,1.35978E-04],[5.87071E-04,1.39188E-04],[5.33298E-04,1.38646E-04],[5.50859E-04,1.63360E-04]],[[1.46155E-03,1.48057E-04],[1.44605E-03,1.38585E-04],[1.43713E-03,1.38614E-04],[1.42110E-03,1.35470E-04],[1.39669E-03,1.34520E-04],[1.36791E-03,1.33921E-04],[1.33398E-03,1.31560E-04],[1.29129E-03,1.34365E-04],[1.24603E-03,1.34273E-04],[1.19750E-03,1.34451E-04],[1.14010E-03,1.33604E-04],[1.08151E-03,1.36702E-04],[1.01821E-03,1.34654E-04],[9.48662E-04,1.36475E-04],[8.75525E-04,1.36024E-04],[7.98446E-04,1.36996E-04],[7.19640E-04,1.38571E-04],[6.41177E-04,1.39852E-04],[5.65310E-04,1.39463E-04],[5.10003E-04,1.39780E-04],[5.26576E-04,1.63700E-04]],[[1.38469E-03,1.46335E-04],[1.38279E-03,1.38217E-04],[1.36930E-03,1.37650E-04],[1.35240E-03,1.35234E-04],[1.33092E-03,1.36763E-04],[1.30056E-03,1.33757E-04],[1.27225E-03,1.32227E-04],[1.22804E-03,1.30509E-04],[1.18764E-03,1.31954E-04],[1.13768E-03,1.32572E-04],[1.08702E-03,1.37932E-04],[1.02936E-03,1.35595E-04],[9.67947E-04,1.32843E-04],[9.04413E-04,1.32394E-04],[8.33802E-04,1.34679E-04],[7.61949E-04,1.37146E-04],[6.87075E-04,1.33159E-04],[6.11180E-04,1.35516E-04],[5.37827E-04,1.36912E-04],[4.86430E-04,1.39711E-04],[5.02421E-04,1.61469E-04]],[[1.31345E-03,1.50240E-04],[1.30852E-03,1.42326E-04],[1.29784E-03,1.36743E-04],[1.28365E-03,1.37591E-04],[1.25991E-03,1.37583E-04],[1.23430E-03,1.38280E-04],[1.20325E-03,1.34139E-04],[1.16585E-03,1.34237E-04],[1.12650E-03,1.33005E-04],[1.08059E-03,1.35318E-04],[1.02988E-03,1.35163E-04],[9.76951E-04,1.36298E-04],[9.22400E-04,1.37420E-04],[8.57179E-04,1.34721E-04],[7.90262E-04,1.34563E-04],[7.22273E-04,1.36175E-04],[6.48294E-04,1.36164E-04],[5.77470E-04,1.37703E-04],[5.09392E-04,1.37362E-04],[4.61288E-04,1.39631E-04],[4.76760E-04,1.56877E-04]],[[1.23519E-03,1.50346E-04],[1.22966E-03,1.42003E-04],[1.22080E-03,1.38217E-04],[1.20367E-03,1.40734E-04],[1.18530E-03,1.39194E-04],[1.16197E-03,1.34516E-04],[1.13136E-03,1.33969E-04],[1.09467E-03,1.33740E-04],[1.05949E-03,1.34907E-04],[1.01471E-03,1.34241E-04],[9.70278E-04,1.37811E-04],[9.19064E-04,1.35424E-04],[8.64646E-04,1.33019E-04],[8.05899E-04,1.34034E-04],[7.44230E-04,1.35306E-04],[6.78482E-04,1.33109E-04],[6.10636E-04,1.31686E-04],[5.44209E-04,1.34535E-04],[4.79600E-04,1.37836E-04],[4.33262E-04,1.40543E-04],[4.46591E-04,1.59560E-04]],[[1.14683E-03,1.46455E-04],[1.14285E-03,1.43670E-04],[1.13543E-03,1.41896E-04],[1.12502E-03,1.40654E-04],[1.10674E-03,1.36567E-04],[1.08058E-03,1.35393E-04],[1.05551E-03,1.35265E-04],[1.01899E-03,1.33825E-04],[9.86228E-04,1.35508E-04],[9.44949E-04,1.34036E-04],[9.01324E-04,1.33242E-04],[8.57436E-04,1.32179E-04],[8.04696E-04,1.31458E-04],[7.52131E-04,1.36520E-04],[6.92245E-04,1.31690E-04],[6.32927E-04,1.32197E-04],[5.68949E-04,1.35038E-04],[5.06397E-04,1.34097E-04],[4.46665E-04,1.33651E-04],[4.03683E-04,1.36016E-04],[4.17023E-04,1.57074E-04]],[[1.06116E-03,