{
  "seed":1539711367,
  "pop":20000,
  "Inactive_Cycles":2000,
  "Active_Cycles":2500,
  "Total_CPU_Time":1.03277E+06,
  "Total_Transport_Time":1.25038E+04,
  "Time_Per_Integration":1.19751E-09,
  "Clock_Time":1.38562E+04,
  "keff":{
    "keff":[1.01609E+00,5.50382E-05]
  },
  "fissionRate":{
    "fissionRate":[[[1.76768E-03,3.38303E-05],[1.76117E-03,3.33888E-05],[1.74705E-03,3.33737E-05],[1.72442E-03,3.32233E-05],[1.69539E-03,3.31407E-05],[1.66200E-03,3.32112E-05],[1.61998E-03,3.32451E-05],[1.57099E-03,3.32901E-05],[1.51736E-03,3.30438E-05],[1.45581E-03,3.32016E-05],[1.38761E-03,3.32017E-05],[1.31495E-03,3.32543E-05],[1.23717E-03,3.32900E-05],[1.15283E-03,3.32859E-05],[1.06389E-03,3.32900E-05],[9.69152E-04,3.32244E-05],[8.73989E-04,3.33638E-05],[7.76723E-04,3.33852E-05],[6.86542E-04,3.34867E-05],[6.20930E-04,3.42233E-05],[6.41078E-04,3.70402E-05]],[[1.76186E-03,3.32234E-05],[1.75269E-03,3.32242E-05],[1.73924E-03,3.32024E-05],[1.71851E-03,3.30700E-05],[1.69077E-03,3.30688E-05],[1.65569E-03,3.28731E-05],[1.61366E-03,3.29156E-05],[1.56530E-03,3.30362E-05],[1.51166E-03,3.29378E-05],[1.44963E-03,3.29261E-05],[1.38267E-03,3.30091E-05],[1.31051E-03,3.29686E-05],[1.23031E-03,3.27524E-05],[1.14841E-03,3.30493E-05],[1.06031E-03,3.29905E-05],[9.67392E-04,3.29557E-05],[8.70317E-04,3.30583E-05],[7.73653E-04,3.31464E-05],[6.83420E-04,3.34610E-05],[6.18485E-04,3.39884E-05],[6.39084E-04,3.64778E-05]],[[1.74587E-03,3.32821E-05],[1.74004E-03,3.31414E-05],[1.72663E-03,3.30672E-05],[1.70434E-03,3.29321E-05],[1.67728E-03,3.28216E-05],[1.64050E-03,3.29053E-05],[1.60204E-03,3.28422E-05],[1.55234E-03,3.27239E-05],[1.49735E-03,3.28511E-05],[1.43782E-03,3.28940E-05],[1.37087E-03,3.29007E-05],[1.29889E-03,3.27709E-05],[1.22206E-03,3.29103E-05],[1.13914E-03,3.29133E-05],[1.05079E-03,3.29693E-05],[9.59094E-04,3.29629E-05],[8.63611E-04,3.31363E-05],[7.67777E-04,3.31191E-05],[6.78024E-04,3.32261E-05],[6.13237E-04,3.39707E-05],[6.34520E-04,3.64120E-05]],[[1.72350E-03,3.32697E-05],[1.71847E-03,3.31213E-05],[1.70572E-03,3.29833E-05],[1.68236E-03,3.29015E-05],[1.65629E-03,3.30943E-05],[1.62054E-03,3.29621E-05],[1.58097E-03,3.28222E-05],[1.53451E-03,3.28216E-05],[1.47922E-03,3.28841E-05],[1.41994E-03,3.29241E-05],[1.35346E-03,3.28356E-05],[1.28346E-03,3.29294E-05],[1.20557E-03,3.29731E-05],[1.12441E-03,3.28772E-05],[1.03801E-03,3.29640E-05],[9.48093E-04,3.28962E-05],[8.53069E-04,3.30415E-05],[7.57589E-04,3.29916E-05],[6.69382E-04,3.32935E-05],[6.06555E-04,3.39862E-05],[6.26297E-04,3.66436E-05]],[[1.69795E-03,3.31192E-05],[1.68974E-03,3.29189E-05],[1.67815E-03,3.28137E-05],[1.65744E-03,3.27831E-05],[1.62718E-03,3.28400E-05],[1.59474E-03,3.28941E-05],[1.55454E-03,3.29487E-05],[1.50816E-03,3.28380E-05],[1.45586E-03,3.29325E-05],[1.39637E-03,3.28421E-05],[1.33208E-03,3.29029E-05],[1.26066E-03,3.29407E-05],[1.18712E-03,3.28174E-05],[1.10621E-03,3.28667E-05],[1.02195E-03,3.29159E-05],[9.32081E-04,3.28085E-05],[8.39544E-04,3.30059E-05],[7.46128E-04,3.30555E-05],[6.58985E-04,3.34067E-05],[5.96089E-04,3.38948E-05],[6.16213E-04,3.63987E-05]],[[1.66254E-03,3.32005E-05],[1.65554E-03,3.29843E-05],[1.64374E-03,3.28719E-05],[1.62247E-03,3.30004E-05],[1.59551E-03,3.28284E-05],[1.56155E-03,3.29355E-05],[1.52241E-03,3.27959E-05],[1.47788E-03,3.29659E-05],[1.42543E-03,3.28488E-05],[1.36836E-03,3.30614E-05],[1.30453E-03,3.27982E-05],[1.23567E-03,3.29315E-05],[1.16182E-03,3.27814E-05],[1.08259E-03,3.30026E-05],[1.00092E-03,3.30294E-05],[9.12460E-04,3.30176E-05],[8.21710E-04,3.30084E-05],[7.30520E-04,3.30971E-05],[6.45065E-04,3.32315E-05],[5.83407E-04,3.38179E-05],[6.03275E-04,3.65522E-05]],[[1.62024E-03,3.31722E-05],[1.61457E-03,3.28752E-05],[1.60205E-03,3.29539E-05],[1.58048E-03,3.30241E-05],[1.55405E-03,3.27781E-05],[1.52524E-03,3.28769E-05],[1.48283E-03,3.30770E-05],[1.44076E-03,3.29281E-05],[1.38727E-03,3.29771E-05],[1.33282E-03,3.27220E-05],[1.26996E-03,3.29051E-05],[1.20608E-03,3.29576E-05],[1.13410E-03,3.28452E-05],[1.05544E-03,3.29898E-05],[9.75674E-04,3.29579E-05],[8.90260E-04,3.28512E-05],[8.00816E-04,3.30493E-05],[7.11850E-04,3.30711E-05],[6.28553E-04,3.32790E-05],[5.68698E-04,3.38290E-05],[5.87808E-04,3.66317E-05]],[[1.57131E-03,3.32192E-05],[1.56521E-03,3.29278E-05],[1.55373E-03,3.29288E-05],[1.53422E-03,3.28771E-05],[1.50768E-03,3.29709E-05],[1.47535E-03,3.29313E-05],[1.44031E-03,3.29273E-05],[1.39712E-03,3.29089E-05],[1.34689E-03,3.27676E-05],[1.29218E-03,3.30388E-05],[1.23154E-03,3.27929E-05],[1.16794E-03,3.30155E-05],[1.09855E-03,3.29113E-05],[1.02385E-03,3.28426E-05],[9.46061E-04,3.29035E-05],[8.62777E-04,3.29541E-05],[7.77128E-04,3.30313E-05],[6.89974E-04,3.30438E-05],[6.10386E-04,3.31479E-05],[5.51817E-04,3.37102E-05],[5.70655E-04,3.65276E-05]],[[1.51596E-03,3.31765E-05],[1.51102E-03,3.28577E-05],[1.49775E-03,3.29218E-05],[1.48079E-03,3.30612E-05],[1.45594E-03,3.29471E-05],[1.42496E-03,3.29836E-05],[1.39129E-03,3.28652E-05],[1.34552E-03,3.28853E-05],[1.30104E-03,3.28708E-05],[1.24820E-03,3.28699E-05],[1.19097E-03,3.27711E-05],[1.12602E-03,3.29487E-05],[1.05958E-03,3.29115E-05],[9.88493E-04,3.27587E-05],[9.12335E-04,3.28970E-05],[8.32548E-04,3.29489E-05],[7.49470E-04,3.28995E-05],[6.65634E-04,3.30826E-05],[5.88162E-04,3.32363E-05],[5.32196E-04,3.39212E-05],[5.50078E-04,3.65370E-05]],[[1.45408E-03,3.30895E-05],[1.45018E-03,3.29729E-05],[1.43857E-03,3.29068E-05],[1.42110E-03,3.29027E-05],[1.39765E-03,3.28593E-05],[1.36757E-03,3.30306E-05],[1.33336E-03,3.29096E-05],[1.29383E-03,3.29412E-05],[1.24789E-03,3.26311E-05],[1.19763E-03,3.27771E-05],[1.14260E-03,3.28154E-05],[1.08241E-03,3.29572E-05],[1.01712E-03,3.29792E-05],[9.48597E-04,3.28416E-05],[8.75274E-04,3.26327E-05],[7.99036E-04,3.29446E-05],[7.18409E-04,3.29089E-05],[6.39783E-04,3.29800E-05],[5.64061E-04,3.31008E-05],[5.10779E-04,3.38652E-05],[5.28386E-04,3.64863E-05]],[[1.38774E-03,3.30792E-05],[1.38351E-03,3.30938E-05],[1.37197E-03,3.30406E-05],[1.35656E-03,3.29441E-05],[1.33280E-03,3.27826E-05],[1.30650E-03,3.29067E-05],[1.27172E-03,3.28655E-05],[1.23397E-03,3.28834E-05],[1.18978E-03,3.28443E-05],[1.14308E-03,3.28209E-05],[1.09033E-03,3.28794E-05],[1.03265E-03,3.28632E-05],[9.70601E-04,3.27138E-05],[9.04963E-04,3.26769E-05],[8.34784E-04,3.29621E-05],[7.61975E-04,3.29695E-05],[6.86831E-04,3.28611E-05],[6.10053E-04,3.30823E-05],[5.38410E-04,3.32497E-05],[4.87551E-04,3.39024E-05],[5.03824E-04,3.65709E-05]],[[1.31409E-03,3.33950E-05],[1.31047E-03,3.28951E-05],[1.29963E-03,3.28492E-05],[1.28567E-03,3.27618E-05],[1.26378E-03,3.30225E-05],[1.23731E-03,3.29807E-05],[1.20662E-03,3.28231E-05],[1.16984E-03,3.29842E-05],[1.12869E-03,3.29597E-05],[1.08276E-03,3.28130E-05],[1.03315E-03,3.28264E-05],[9.78671E-04,3.29615E-05],[9.19294E-04,3.28641E-05],[8.56716E-04,3.29605E-05],[7.90413E-04,3.30988E-05],[7.21645E-04,3.28520E-05],[6.49555E-04,3.30020E-05],[5.77693E-04,3.30649E-05],[5.10124E-04,3.32245E-05],[4.62013E-04,3.38881E-05],[4.77741E-04,3.64537E-05]],[[1.23673E-03,3.32764E-05],[1.23110E-03,3.30567E-05],[1.22122E-03,3.29506E-05],[1.20663E-03,3.28443E-05],[1.18623E-03,3.30184E-05],[1.16369E-03,3.29036E-05],[1.13356E-03,3.29502E-05],[1.09971E-03,3.29976E-05],[1.06144E-03,3.28589E-05],[1.01827E-03,3.28431E-05],[9.69864E-04,3.29818E-05],[9.20305E-04,3.26850E-05],[8.65364E-04,3.30243E-05],[8.05261E-04,3.30295E-05],[7.43328E-04,3.29699E-05],[6.78526E-04,3.29828E-05],[6.12169E-04,3.29181E-05],[5.43152E-04,3.31136E-05],[4.79647E-04,3.31581E-05],[4.34490E-04,3.38801E-05],[4.49118E-04,3.64780E-05]],[[1.15158E-03,3.31537E-05],[1.14888E-03,3.26971E-05],[1.13840E-03,3.29114E-05],[1.12657E-03,3.29206E-05],[1.10778E-03,3.29063E-05],[1.08429E-03,3.30255E-05],[1.05602E-03,3.31607E-05],[1.02526E-03,3.30360E-05],[9.89095E-04,3.30275E-05],[9.48328E-04,3.28901E-05],[9.05327E-04,3.28797E-05],[8.57638E-04,3.29582E-05],[8.05064E-04,3.29088E-05],[7.50261E-04,3.29928E-05],[6.93054E-04,3.28912E-05],[6.32625E-04,3.30162E-05],[5.70512E-04,3.29358E-05],[5.06785E-04,3.30585E-05],[4.47685E-04,3.34155E-05],[4.05626E-04,3.39941E-05],[4.18739E-04,3.66631E-05]],[[1.06466E-03,