{
  "seed":-750691379,
  "pop":20000,
  "Inactive_Cycles":2000,
  "Active_Cycles":2500,
  "Total_CPU_Time":1.02945E+06,
  "Total_Transport_Time":1.24755E+04,
  "Time_Per_Integration":1.19486E-09,
  "Clock_Time":1.38197E+04,
  "keff":{
    "keff":[1.01636E+00,5.51656E-05]
  },
  "fissionRate":{
    "fissionRate":[[[1.76775E-03,3.35338E-05],[1.75836E-03,3.34829E-05],[1.74451E-03,3.32379E-05],[1.72465E-03,3.32910E-05],[1.69476E-03,3.31896E-05],[1.66043E-03,3.29512E-05],[1.61818E-03,3.33110E-05],[1.57065E-03,3.30397E-05],[1.51358E-03,3.30187E-05],[1.45414E-03,3.31529E-05],[1.38713E-03,3.32570E-05],[1.31382E-03,3.31917E-05],[1.23300E-03,3.33498E-05],[1.15124E-03,3.32570E-05],[1.06153E-03,3.33102E-05],[9.69112E-04,3.33303E-05],[8.73449E-04,3.33612E-05],[7.75750E-04,3.33548E-05],[6.84498E-04,3.39037E-05],[6.19677E-04,3.42599E-05],[6.39964E-04,3.68534E-05]],[[1.75988E-03,3.31515E-05],[1.75182E-03,3.30273E-05],[1.73887E-03,3.31139E-05],[1.71634E-03,3.30328E-05],[1.68838E-03,3.29040E-05],[1.65277E-03,3.31647E-05],[1.61262E-03,3.28844E-05],[1.56373E-03,3.31254E-05],[1.50889E-03,3.30109E-05],[1.44912E-03,3.30327E-05],[1.38007E-03,3.31486E-05],[1.30867E-03,3.30450E-05],[1.23186E-03,3.28618E-05],[1.14715E-03,3.28886E-05],[1.05792E-03,3.30571E-05],[9.65396E-04,3.31580E-05],[8.69743E-04,3.31682E-05],[7.73460E-04,3.32422E-05],[6.81281E-04,3.34936E-05],[6.16906E-04,3.39750E-05],[6.38182E-04,3.66988E-05]],[[1.74659E-03,3.32638E-05],[1.74028E-03,3.29399E-05],[1.72463E-03,3.27548E-05],[1.70249E-03,3.30534E-05],[1.67584E-03,3.28898E-05],[1.63939E-03,3.27995E-05],[1.59974E-03,3.30511E-05],[1.55009E-03,3.28526E-05],[1.49722E-03,3.26894E-05],[1.43641E-03,3.28574E-05],[1.36950E-03,3.28603E-05],[1.29784E-03,3.30100E-05],[1.21962E-03,3.29643E-05],[1.13781E-03,3.29128E-05],[1.05024E-03,3.30105E-05],[9.57095E-04,3.30956E-05],[8.62943E-04,3.29452E-05],[7.68088E-04,3.30821E-05],[6.77016E-04,3.34917E-05],[6.11200E-04,3.38668E-05],[6.32701E-04,3.66673E-05]],[[1.72430E-03,3.32783E-05],[1.71656E-03,3.30493E-05],[1.70287E-03,3.30759E-05],[1.68439E-03,3.28559E-05],[1.65473E-03,3.28203E-05],[1.62089E-03,3.29170E-05],[1.58059E-03,3.28042E-05],[1.53210E-03,3.29088E-05],[1.47741E-03,3.27404E-05],[1.41833E-03,3.28127E-05],[1.35234E-03,3.29082E-05],[1.28164E-03,3.29921E-05],[1.20531E-03,3.30665E-05],[1.12247E-03,3.30757E-05],[1.03689E-03,3.30227E-05],[9.46278E-04,3.30982E-05],[8.52589E-04,3.30307E-05],[7.56850E-04,3.30838E-05],[6.68181E-04,3.33984E-05],[6.04874E-04,3.39756E-05],[6.23992E-04,3.65330E-05]],[[1.69904E-03,3.31714E-05],[1.69110E-03,3.28440E-05],[1.67699E-03,3.29591E-05],[1.65714E-03,3.29629E-05],[1.62995E-03,3.27515E-05],[1.59612E-03,3.28905E-05],[1.55196E-03,3.29366E-05],[1.50806E-03,3.28419E-05],[1.45358E-03,3.28794E-05],[1.39654E-03,3.30355E-05],[1.33182E-03,3.29582E-05],[1.26158E-03,3.30142E-05],[1.18612E-03,3.29155E-05],[1.10488E-03,3.29549E-05],[1.02056E-03,3.28564E-05],[9.29516E-04,3.29910E-05],[8.37317E-04,3.32169E-05],[7.44242E-04,3.32578E-05],[6.57839E-04,3.32088E-05],[5.95605E-04,3.38814E-05],[6.15120E-04,3.64611E-05]],[[1.66330E-03,3.30525E-05],[1.65583E-03,3.28771E-05],[1.64219E-03,3.28186E-05],[1.62051E-03,3.29033E-05],[1.59406E-03,3.29316E-05],[1.56149E-03,3.27177E-05],[1.52259E-03,3.27423E-05],[1.47563E-03,3.27693E-05],[1.42438E-03,3.28021E-05],[1.36711E-03,3.28266E-05],[1.30560E-03,3.28621E-05],[1.23515E-03,3.29436E-05],[1.16190E-03,3.27329E-05],[1.08253E-03,3.28028E-05],[9.99624E-04,3.31019E-05],[9.10520E-04,3.29302E-05],[8.20186E-04,3.30496E-05],[7.29528E-04,3.30599E-05],[6.44613E-04,3.32288E-05],[5.83237E-04,3.38146E-05],[6.02423E-04,3.66798E-05]],[[1.62057E-03,3.32477E-05],[1.61178E-03,3.30963E-05],[1.60183E-03,3.29269E-05],[1.58103E-03,3.28792E-05],[1.55384E-03,3.29368E-05],[1.52054E-03,3.28573E-05],[1.48285E-03,3.28327E-05],[1.43992E-03,3.30380E-05],[1.38870E-03,3.29911E-05],[1.33261E-03,3.29192E-05],[1.27011E-03,3.29296E-05],[1.20385E-03,3.27924E-05],[1.13116E-03,3.27732E-05],[1.05569E-03,3.28632E-05],[9.73851E-04,3.29053E-05],[8.87492E-04,3.30447E-05],[8.00735E-04,3.29515E-05],[7.10623E-04,3.29722E-05],[6.28182E-04,3.31851E-05],[5.68236E-04,3.39462E-05],[5.86052E-04,3.66515E-05]],[[1.57226E-03,3.31243E-05],[1.56633E-03,3.30388E-05],[1.55333E-03,3.28139E-05],[1.53496E-03,3.28102E-05],[1.50851E-03,3.28034E-05],[1.47498E-03,3.27170E-05],[1.44006E-03,3.28460E-05],[1.39544E-03,3.28998E-05],[1.34764E-03,3.29362E-05],[1.29299E-03,3.28003E-05],[1.23261E-03,3.29115E-05],[1.16945E-03,3.28681E-05],[1.09779E-03,3.30606E-05],[1.02472E-03,3.28399E-05],[9.43727E-04,3.28129E-05],[8.61825E-04,3.30049E-05],[7.76294E-04,3.29386E-05],[6.89950E-04,3.30468E-05],[6.09098E-04,3.31312E-05],[5.50711E-04,3.38944E-05],[5.69569E-04,3.64952E-05]],[[1.51604E-03,3.32529E-05],[1.51026E-03,3.30683E-05],[1.49822E-03,3.28658E-05],[1.47842E-03,3.28359E-05],[1.45450E-03,3.30000E-05],[1.42504E-03,3.27164E-05],[1.38767E-03,3.28682E-05],[1.34864E-03,3.28077E-05],[1.30039E-03,3.27647E-05],[1.24827E-03,3.30688E-05],[1.18976E-03,3.28054E-05],[1.12713E-03,3.28711E-05],[1.06006E-03,3.29347E-05],[9.87599E-04,3.30262E-05],[9.10962E-04,3.30009E-05],[8.32413E-04,3.29198E-05],[7.48718E-04,3.29982E-05],[6.65338E-04,3.29837E-05],[5.87607E-04,3.31349E-05],[5.31731E-04,3.40227E-05],[5.49594E-04,3.64717E-05]],[[1.45403E-03,3.33138E-05],[1.45111E-03,3.31583E-05],[1.43977E-03,3.29556E-05],[1.41865E-03,3.29311E-05],[1.39585E-03,3.27793E-05],[1.36855E-03,3.30012E-05],[1.33357E-03,3.28024E-05],[1.29382E-03,3.29774E-05],[1.24846E-03,3.28828E-05],[1.19653E-03,3.27656E-05],[1.14083E-03,3.28249E-05],[1.08214E-03,3.28811E-05],[1.01675E-03,3.29539E-05],[9.48063E-04,3.29581E-05],[8.74036E-04,3.29852E-05],[7.98225E-04,3.29583E-05],[7.19136E-04,3.30978E-05],[6.38513E-04,3.29758E-05],[5.64338E-04,3.32806E-05],[5.10909E-04,3.37332E-05],[5.28034E-04,3.65556E-05]],[[1.38871E-03,3.32438E-05],[1.38433E-03,3.28880E-05],[1.37007E-03,3.29986E-05],[1.35489E-03,3.30242E-05],[1.33275E-03,3.28382E-05],[1.30483E-03,3.29587E-05],[1.27401E-03,3.28263E-05],[1.23408E-03,3.29359E-05],[1.19076E-03,3.30913E-05],[1.14233E-03,3.29012E-05],[1.08832E-03,3.28992E-05],[1.03147E-03,3.28467E-05],[9.70312E-04,3.28502E-05],[9.04470E-04,3.29314E-05],[8.34879E-04,3.29993E-05],[7.61246E-04,3.30474E-05],[6.85244E-04,3.30371E-05],[6.09680E-04,3.31316E-05],[5.37967E-04,3.33079E-05],[4.87776E-04,3.37293E-05],[5.02417E-04,3.66711E-05]],[[1.31615E-03,3.33031E-05],[1.31050E-03,3.28807E-05],[1.29962E-03,3.29359E-05],[1.28511E-03,3.28971E-05],[1.26370E-03,3.30031E-05],[1.23670E-03,3.27804E-05],[1.20511E-03,3.28740E-05],[1.16903E-03,3.28245E-05],[1.12874E-03,3.28936E-05],[1.08207E-03,3.30645E-05],[1.03215E-03,3.28484E-05],[9.78395E-04,3.29112E-05],[9.20022E-04,3.29065E-05],[8.56798E-04,3.29214E-05],[7.91262E-04,3.28460E-05],[7.21323E-04,3.29039E-05],[6.49830E-04,3.30059E-05],[5.77445E-04,3.29376E-05],[5.10500E-04,3.31777E-05],[4.61134E-04,3.37069E-05],[4.76034E-04,3.63684E-05]],[[1.23866E-03,3.31600E-05],[1.23196E-03,3.29905E-05],[1.22237E-03,3.30372E-05],[1.20772E-03,3.28619E-05],[1.18747E-03,3.28557E-05],[1.16300E-03,3.29466E-05],[1.13267E-03,3.27590E-05],[1.09666E-03,3.29386E-05],[1.06158E-03,3.28652E-05],[1.01724E-03,3.28479E-05],[9.70942E-04,3.30068E-05],[9.20537E-04,3.28924E-05],[8.65115E-04,3.29693E-05],[8.06198E-04,3.29416E-05],[7.43441E-04,3.30451E-05],[6.79868E-04,3.27922E-05],[6.11014E-04,3.30575E-05],[5.42860E-04,3.31409E-05],[4.79858E-04,3.32138E-05],[4.33730E-04,3.38550E-05],[4.48534E-04,3.67286E-05]],[[1.15245E-03,3.31811E-05],[1.14851E-03,3.28748E-05],[1.13941E-03,3.31521E-05],[1.12610E-03,3.28629E-05],[1.10746E-03,3.30438E-05],[1.08437E-03,3.28058E-05],[1.05619E-03,3.29407E-05],[1.02562E-03,3.30176E-05],[9.88008E-04,3.30314E-05],[9.49163E-04,3.30000E-05],[9.04002E-04,3.28103E-05],[8.57142E-04,3.29779E-05],[8.06178E-04,3.27850E-05],[7.51012E-04,3.30414E-05],[6.94010E-04,3.29413E-05],[6.33638E-04,3.29794E-05],[5.70635E-04,3.30439E-05],[5.06580E-04,3.30723E-05],[4.47395E-04,3.33464E-05],[4.04729E-04,3.40085E-05],[4.18388E-04,3.64785E-05]],[[1.06411E-03,