{
  "seed":-1236830351,
  "pop":20000,
  "Inactive_Cycles":2000,
  "Active_Cycles":2500,
  "Total_CPU_Time":2.25044E+05,
  "Total_Transport_Time":5.20767E+03,
  "Time_Per_Integration":4.98746E-10,
  "Clock_Time":6.13954E+03,
  "keff":{
    "keff":[1.02024E+00,4.93199E-05]
  },
  "fissionRate":{
    "fissionRate":[[[1.77397E-03,3.55770E-05],[1.76505E-03,3.52888E-05],[1.75252E-03,3.51631E-05],[1.72811E-03,3.52449E-05],[1.69978E-03,3.50864E-05],[1.66653E-03,3.51015E-05],[1.62484E-03,3.49700E-05],[1.57653E-03,3.51647E-05],[1.52153E-03,3.52209E-05],[1.45930E-03,3.49663E-05],[1.39112E-03,3.51749E-05],[1.31682E-03,3.52387E-05],[1.24044E-03,3.52964E-05],[1.15753E-03,3.53328E-05],[1.06708E-03,3.50637E-05],[9.75159E-04,3.52882E-05],[8.79750E-04,3.54275E-05],[7.82471E-04,3.54611E-05],[6.91360E-04,3.56738E-05],[6.25145E-04,3.62304E-05],[6.41012E-04,3.90708E-05]],[[1.76550E-03,3.52872E-05],[1.75790E-03,3.52290E-05],[1.74588E-03,3.49646E-05],[1.72306E-03,3.48498E-05],[1.69811E-03,3.48416E-05],[1.66108E-03,3.49291E-05],[1.61970E-03,3.47486E-05],[1.56941E-03,3.49156E-05],[1.51462E-03,3.48680E-05],[1.45403E-03,3.48249E-05],[1.38697E-03,3.48767E-05],[1.31346E-03,3.47749E-05],[1.23641E-03,3.47195E-05],[1.15179E-03,3.49822E-05],[1.06435E-03,3.50973E-05],[9.71982E-04,3.50808E-05],[8.76247E-04,3.49510E-05],[7.80380E-04,3.50885E-05],[6.88867E-04,3.54583E-05],[6.21462E-04,3.61503E-05],[6.38809E-04,3.88961E-05]],[[1.75054E-03,3.51814E-05],[1.74399E-03,3.50254E-05],[1.72944E-03,3.46876E-05],[1.70815E-03,3.50324E-05],[1.68117E-03,3.49202E-05],[1.64561E-03,3.50302E-05],[1.60510E-03,3.48627E-05],[1.55621E-03,3.48129E-05],[1.50132E-03,3.49067E-05],[1.44170E-03,3.48925E-05],[1.37431E-03,3.47887E-05],[1.30188E-03,3.49457E-05],[1.22545E-03,3.49117E-05],[1.14296E-03,3.48320E-05],[1.05621E-03,3.48622E-05],[9.62964E-04,3.50934E-05],[8.69358E-04,3.49797E-05],[7.72945E-04,3.51971E-05],[6.82618E-04,3.53088E-05],[6.16584E-04,3.60197E-05],[6.33628E-04,3.87393E-05]],[[1.73390E-03,3.50559E-05],[1.72184E-03,3.49277E-05],[1.71058E-03,3.49579E-05],[1.68938E-03,3.48541E-05],[1.66167E-03,3.48528E-05],[1.62690E-03,3.49368E-05],[1.58540E-03,3.46551E-05],[1.53827E-03,3.48424E-05],[1.48420E-03,3.49413E-05],[1.42396E-03,3.47174E-05],[1.35863E-03,3.47692E-05],[1.28581E-03,3.48915E-05],[1.21006E-03,3.49108E-05],[1.12856E-03,3.47480E-05],[1.04183E-03,3.49093E-05],[9.50837E-04,3.49195E-05],[8.58754E-04,3.50359E-05],[7.64098E-04,3.49976E-05],[6.74833E-04,3.54279E-05],[6.09236E-04,3.58432E-05],[6.25659E-04,3.86626E-05]],[[1.69967E-03,3.51930E-05],[1.69613E-03,3.48639E-05],[1.68334E-03,3.48767E-05],[1.66107E-03,3.48655E-05],[1.63489E-03,3.49104E-05],[1.60164E-03,3.48507E-05],[1.55943E-03,3.46419E-05],[1.51209E-03,3.48849E-05],[1.45945E-03,3.48060E-05],[1.39908E-03,3.49793E-05],[1.33610E-03,3.48606E-05],[1.26607E-03,3.49365E-05],[1.18967E-03,3.47543E-05],[1.11009E-03,3.51805E-05],[1.02470E-03,3.50842E-05],[9.36141E-04,3.48504E-05],[8.44751E-04,3.50741E-05],[7.50980E-04,3.49983E-05],[6.63245E-04,3.51056E-05],[5.99783E-04,3.59330E-05],[6.15499E-04,3.86091E-05]],[[1.66492E-03,3.52920E-05],[1.66070E-03,3.49186E-05],[1.64749E-03,3.48723E-05],[1.62732E-03,3.48344E-05],[1.60105E-03,3.48935E-05],[1.56429E-03,3.48759E-05],[1.52757E-03,3.50318E-05],[1.48018E-03,3.47661E-05],[1.42907E-03,3.46898E-05],[1.37020E-03,3.47512E-05],[1.30738E-03,3.49393E-05],[1.23845E-03,3.48174E-05],[1.16701E-03,3.48313E-05],[1.08732E-03,3.49385E-05],[1.00449E-03,3.50363E-05],[9.16580E-04,3.49861E-05],[8.25376E-04,3.50370E-05],[7.35068E-04,3.52530E-05],[6.49758E-04,3.53356E-05],[5.86762E-04,3.59240E-05],[6.02640E-04,3.84796E-05]],[[1.62379E-03,3.52294E-05],[1.61860E-03,3.47505E-05],[1.60677E-03,3.49813E-05],[1.58522E-03,3.47714E-05],[1.56075E-03,3.47018E-05],[1.52636E-03,3.47091E-05],[1.48638E-03,3.48846E-05],[1.44238E-03,3.48395E-05],[1.39190E-03,3.49772E-05],[1.33660E-03,3.48425E-05],[1.27440E-03,3.48239E-05],[1.20865E-03,3.47587E-05],[1.13661E-03,3.49253E-05],[1.06108E-03,3.48433E-05],[9.78329E-04,3.48602E-05],[8.93418E-04,3.47829E-05],[8.05576E-04,3.50556E-05],[7.16467E-04,3.50869E-05],[6.33282E-04,3.51987E-05],[5.72337E-04,3.56023E-05],[5.87725E-04,3.86759E-05]],[[1.57601E-03,3.51275E-05],[1.56936E-03,3.50246E-05],[1.55705E-03,3.48562E-05],[1.53693E-03,3.48933E-05],[1.50986E-03,3.49252E-05],[1.47986E-03,3.48212E-05],[1.44303E-03,3.47513E-05],[1.40249E-03,3.48754E-05],[1.34903E-03,3.50170E-05],[1.29700E-03,3.48532E-05],[1.23700E-03,3.48405E-05],[1.17304E-03,3.49050E-05],[1.10264E-03,3.48142E-05],[1.02732E-03,3.48178E-05],[9.49341E-04,3.48302E-05],[8.66901E-04,3.50224E-05],[7.81029E-04,3.51159E-05],[6.95953E-04,3.50936E-05],[6.14008E-04,3.52854E-05],[5.54889E-04,3.58083E-05],[5.70259E-04,3.86761E-05]],[[1.52235E-03,3.53278E-05],[1.51453E-03,3.51190E-05],[1.50062E-03,3.47079E-05],[1.48378E-03,3.47396E-05],[1.45898E-03,3.49340E-05],[1.42992E-03,3.48621E-05],[1.39281E-03,3.50061E-05],[1.35185E-03,3.46751E-05],[1.30373E-03,3.47203E-05],[1.25183E-03,3.47796E-05],[1.19235E-03,3.49558E-05],[1.13112E-03,3.48542E-05],[1.06365E-03,3.48070E-05],[9.92292E-04,3.48450E-05],[9.16294E-04,3.48165E-05],[8.37322E-04,3.48530E-05],[7.54884E-04,3.50035E-05],[6.70609E-04,3.49967E-05],[5.94075E-04,3.54283E-05],[5.35441E-04,3.59329E-05],[5.50412E-04,3.85451E-05]],[[1.46259E-03,3.51098E-05],[1.45401E-03,3.52014E-05],[1.44212E-03,3.48888E-05],[1.42399E-03,3.48811E-05],[1.40006E-03,3.48270E-05],[1.37210E-03,3.46730E-05],[1.33739E-03,3.49403E-05],[1.29768E-03,3.49859E-05],[1.25117E-03,3.47932E-05],[1.20122E-03,3.49760E-05],[1.14471E-03,3.49341E-05],[1.08368E-03,3.48763E-05],[1.02124E-03,3.48538E-05],[9.52035E-04,3.47360E-05],[8.80086E-04,3.50386E-05],[8.03041E-04,3.48100E-05],[7.24486E-04,3.51066E-05],[6.44176E-04,3.51769E-05],[5.69147E-04,3.53094E-05],[5.14598E-04,3.58642E-05],[5.28278E-04,3.86116E-05]],[[1.39276E-03,3.51781E-05],[1.38773E-03,3.51103E-05],[1.37506E-03,3.49841E-05],[1.35794E-03,3.49163E-05],[1.33809E-03,3.47372E-05],[1.30986E-03,3.47220E-05],[1.27460E-03,3.47874E-05],[1.23774E-03,3.45707E-05],[1.19356E-03,3.47376E-05],[1.14695E-03,3.49270E-05],[1.09278E-03,3.47691E-05],[1.03518E-03,3.50202E-05],[9.73532E-04,3.47856E-05],[9.08497E-04,3.47885E-05],[8.38368E-04,3.47283E-05],[7.65624E-04,3.49189E-05],[6.90915E-04,3.49690E-05],[6.14623E-04,3.49028E-05],[5.43198E-04,3.51517E-05],[4.90439E-04,3.57712E-05],[5.04791E-04,3.85381E-05]],[[1.31967E-03,3.52897E-05],[1.31376E-03,3.50874E-05],[1.30467E-03,3.49048E-05],[1.28664E-03,3.50119E-05],[1.26640E-03,3.49264E-05],[1.23945E-03,3.47745E-05],[1.20823E-03,3.48434E-05],[1.17317E-03,3.46974E-05],[1.13260E-03,3.49064E-05],[1.08514E-03,3.50621E-05],[1.03581E-03,3.49000E-05],[9.82326E-04,3.47695E-05],[9.21605E-04,3.50613E-05],[8.60188E-04,3.49347E-05],[7.95281E-04,3.48662E-05],[7.25750E-04,3.49343E-05],[6.54484E-04,3.49086E-05],[5.82647E-04,3.50000E-05],[5.15662E-04,3.50922E-05],[4.65639E-04,3.57335E-05],[4.78379E-04,3.87700E-05]],[[1.23979E-03,3.53241E-05],[1.23544E-03,3.48377E-05],[1.22593E-03,3.49779E-05],[1.21000E-03,3.49513E-05],[1.18931E-03,3.49757E-05],[1.16531E-03,3.48974E-05],[1.13685E-03,3.47318E-05],[1.10377E-03,3.49152E-05],[1.06381E-03,3.48617E-05],[1.02004E-03,3.50987E-05],[9.74078E-04,3.49396E-05],[9.22943E-04,3.49236E-05],[8.67639E-04,3.47762E-05],[8.09324E-04,3.48203E-05],[7.47932E-04,3.49513E-05],[6.83295E-04,3.49389E-05],[6.16187E-04,3.51118E-05],[5.46921E-04,3.51785E-05],[4.84272E-04,3.51216E-05],[4.37747E-04,3.58798E-05],[4.49437E-04,3.86496E-05]],[[1.15688E-03,3.53334E-05],[1.15366E-03,3.50525E-05],[1.14267E-03,3.47572E-05],[1.12798E-03,3.48059E-05],[1.11090E-03,3.50205E-05],[1.08730E-03,3.48906E-05],[1.06059E-03,3.49891E-05],[1.02864E-03,3.49083E-05],[9.91445E-04,3.46715E-05],[9.52127E-04,3.48021E-05],[9.07718E-04,3.50148E-05],[8.60674E-04,3.49483E-05],[8.09865E-04,3.48681E-05],[7.55546E-04,3.49715E-05],[6.97071E-04,3.49015E-05],[6.36887E-04,3.49340E-05],[5.74422E-04,3.50209E-05],[5.10895E-04,3.52046E-05],[4.52040E-04,3.54435E-05],[4.08573E-04,3.60885E-05],[4.20186E-04,3.83351E-05]],