{
  "seed":-1754090767,
  "pop":20000,
  "Inactive_Cycles":2000,
  "Active_Cycles":2500,
  "Total_CPU_Time":1.03032E+06,
  "Total_Transport_Time":1.24846E+04,
  "Time_Per_Integration":1.19571E-09,
  "Clock_Time":1.38306E+04,
  "keff":{
    "keff":[1.01623E+00,5.40313E-05]
  },
  "fissionRate":{
    "fissionRate":[[[1.76876E-03,3.35356E-05],[1.75991E-03,3.32594E-05],[1.74619E-03,3.31575E-05],[1.72585E-03,3.31878E-05],[1.69406E-03,3.31850E-05],[1.66075E-03,3.30636E-05],[1.61852E-03,3.31716E-05],[1.57053E-03,3.32076E-05],[1.51571E-03,3.31463E-05],[1.45510E-03,3.31665E-05],[1.38800E-03,3.30118E-05],[1.31428E-03,3.30239E-05],[1.23524E-03,3.33179E-05],[1.15214E-03,3.32414E-05],[1.06340E-03,3.33509E-05],[9.70609E-04,3.32981E-05],[8.73085E-04,3.33894E-05],[7.76792E-04,3.31896E-05],[6.85487E-04,3.36486E-05],[6.20627E-04,3.44643E-05],[6.40704E-04,3.68007E-05]],[[1.75918E-03,3.32681E-05],[1.75267E-03,3.30226E-05],[1.73869E-03,3.29588E-05],[1.71879E-03,3.28961E-05],[1.68844E-03,3.27623E-05],[1.65496E-03,3.29432E-05],[1.61172E-03,3.29856E-05],[1.56507E-03,3.29601E-05],[1.50747E-03,3.29966E-05],[1.44792E-03,3.28756E-05],[1.38178E-03,3.28517E-05],[1.30805E-03,3.30774E-05],[1.22905E-03,3.29341E-05],[1.14509E-03,3.30594E-05],[1.05799E-03,3.28889E-05],[9.65726E-04,3.29865E-05],[8.70109E-04,3.31849E-05],[7.72808E-04,3.31872E-05],[6.82572E-04,3.33355E-05],[6.18055E-04,3.39248E-05],[6.37680E-04,3.67156E-05]],[[1.74375E-03,3.31686E-05],[1.73883E-03,3.30092E-05],[1.72271E-03,3.30604E-05],[1.70360E-03,3.29938E-05],[1.67512E-03,3.29265E-05],[1.63951E-03,3.29333E-05],[1.59830E-03,3.29637E-05],[1.55100E-03,3.29514E-05],[1.49583E-03,3.29597E-05],[1.43599E-03,3.28480E-05],[1.37147E-03,3.28018E-05],[1.29818E-03,3.28586E-05],[1.22112E-03,3.29459E-05],[1.13738E-03,3.29294E-05],[1.05097E-03,3.29913E-05],[9.58158E-04,3.30049E-05],[8.62976E-04,3.28565E-05],[7.67545E-04,3.31854E-05],[6.76349E-04,3.33377E-05],[6.12077E-04,3.37772E-05],[6.33107E-04,3.63511E-05]],[[1.72538E-03,3.32575E-05],[1.71453E-03,3.29637E-05],[1.70306E-03,3.28406E-05],[1.67900E-03,3.30019E-05],[1.65485E-03,3.28222E-05],[1.62043E-03,3.29531E-05],[1.57871E-03,3.29446E-05],[1.53072E-03,3.29785E-05],[1.47896E-03,3.27776E-05],[1.41879E-03,3.28931E-05],[1.35355E-03,3.30978E-05],[1.28144E-03,3.29633E-05],[1.20423E-03,3.29393E-05],[1.12396E-03,3.29016E-05],[1.03754E-03,3.29829E-05],[9.46791E-04,3.29333E-05],[8.53143E-04,3.30409E-05],[7.57492E-04,3.31230E-05],[6.68931E-04,3.34296E-05],[6.04796E-04,3.39595E-05],[6.24752E-04,3.64517E-05]],[[1.69861E-03,3.31278E-05],[1.68883E-03,3.30058E-05],[1.67621E-03,3.27995E-05],[1.65484E-03,3.28970E-05],[1.63013E-03,3.29083E-05],[1.59491E-03,3.28863E-05],[1.55332E-03,3.28824E-05],[1.50677E-03,3.28218E-05],[1.45588E-03,3.29039E-05],[1.39424E-03,3.29986E-05],[1.33019E-03,3.29352E-05],[1.26142E-03,3.28941E-05],[1.18571E-03,3.28894E-05],[1.10624E-03,3.31362E-05],[1.01970E-03,3.29467E-05],[9.31371E-04,3.29266E-05],[8.39239E-04,3.29067E-05],[7.45027E-04,3.31901E-05],[6.57800E-04,3.31140E-05],[5.94627E-04,3.38719E-05],[6.15077E-04,3.64704E-05]],[[1.66242E-03,3.31642E-05],[1.65511E-03,3.29601E-05],[1.64002E-03,3.29895E-05],[1.62136E-03,3.27456E-05],[1.59327E-03,3.28952E-05],[1.56057E-03,3.28638E-05],[1.52086E-03,3.27978E-05],[1.47455E-03,3.28645E-05],[1.42399E-03,3.29921E-05],[1.36582E-03,3.29268E-05],[1.30291E-03,3.28858E-05],[1.23491E-03,3.29202E-05],[1.16097E-03,3.27543E-05],[1.08267E-03,3.28837E-05],[9.99626E-04,3.29676E-05],[9.10963E-04,3.30699E-05],[8.19888E-04,3.29988E-05],[7.29134E-04,3.31058E-05],[6.44385E-04,3.33673E-05],[5.82909E-04,3.38958E-05],[6.01809E-04,3.65914E-05]],[[1.61758E-03,3.31974E-05],[1.61392E-03,3.28938E-05],[1.60000E-03,3.28184E-05],[1.57906E-03,3.30892E-05],[1.55352E-03,3.29785E-05],[1.52033E-03,3.28405E-05],[1.48274E-03,3.29885E-05],[1.43934E-03,3.30229E-05],[1.38741E-03,3.28203E-05],[1.33195E-03,3.29975E-05],[1.26965E-03,3.30433E-05],[1.20164E-03,3.29279E-05],[1.13099E-03,3.27735E-05],[1.05400E-03,3.29579E-05],[9.74429E-04,3.30645E-05],[8.88241E-04,3.30404E-05],[8.00054E-04,3.29473E-05],[7.11198E-04,3.30239E-05],[6.28591E-04,3.32031E-05],[5.67068E-04,3.37501E-05],[5.86774E-04,3.66501E-05]],[[1.57037E-03,3.31267E-05],[1.56360E-03,3.30830E-05],[1.55046E-03,3.29900E-05],[1.53401E-03,3.27992E-05],[1.51024E-03,3.26836E-05],[1.47532E-03,3.28829E-05],[1.43731E-03,3.30584E-05],[1.39630E-03,3.26966E-05],[1.34752E-03,3.29324E-05],[1.29197E-03,3.29136E-05],[1.23091E-03,3.30242E-05],[1.16658E-03,3.28407E-05],[1.09744E-03,3.28932E-05],[1.02353E-03,3.28689E-05],[9.43305E-04,3.28837E-05],[8.62374E-04,3.29366E-05],[7.75962E-04,3.28437E-05],[6.89968E-04,3.29916E-05],[6.09545E-04,3.33225E-05],[5.51071E-04,3.38970E-05],[5.68828E-04,3.63697E-05]],[[1.51464E-03,3.32421E-05],[1.50868E-03,3.28125E-05],[1.49683E-03,3.28424E-05],[1.47896E-03,3.28554E-05],[1.45395E-03,3.29729E-05],[1.42171E-03,3.29058E-05],[1.38784E-03,3.26961E-05],[1.34649E-03,3.31282E-05],[1.29845E-03,3.29707E-05],[1.24674E-03,3.28376E-05],[1.18880E-03,3.29183E-05],[1.12582E-03,3.28325E-05],[1.05872E-03,3.29056E-05],[9.88003E-04,3.28340E-05],[9.10882E-04,3.29201E-05],[8.31756E-04,3.29781E-05],[7.48592E-04,3.29875E-05],[6.65220E-04,3.30915E-05],[5.87689E-04,3.32684E-05],[5.31530E-04,3.38627E-05],[5.49405E-04,3.65948E-05]],[[1.45411E-03,3.31944E-05],[1.44837E-03,3.29884E-05],[1.43664E-03,3.29122E-05],[1.41856E-03,3.29033E-05],[1.39455E-03,3.29579E-05],[1.36520E-03,3.28026E-05],[1.33273E-03,3.28332E-05],[1.29392E-03,3.27810E-05],[1.24770E-03,3.28085E-05],[1.19588E-03,3.29258E-05],[1.14110E-03,3.28044E-05],[1.08045E-03,3.28960E-05],[1.01623E-03,3.28841E-05],[9.46446E-04,3.30220E-05],[8.75126E-04,3.29285E-05],[7.97663E-04,3.29154E-05],[7.19201E-04,3.28741E-05],[6.39430E-04,3.32354E-05],[5.64298E-04,3.32223E-05],[5.10908E-04,3.39732E-05],[5.27173E-04,3.66856E-05]],[[1.38692E-03,3.30509E-05],[1.38157E-03,3.30575E-05],[1.37107E-03,3.30619E-05],[1.35420E-03,3.27856E-05],[1.33155E-03,3.28901E-05],[1.30360E-03,3.27970E-05],[1.27132E-03,3.29415E-05],[1.23178E-03,3.27982E-05],[1.19050E-03,3.28187E-05],[1.14004E-03,3.28305E-05],[1.08790E-03,3.30326E-05],[1.03075E-03,3.29721E-05],[9.69875E-04,3.29619E-05],[9.04376E-04,3.29388E-05],[8.34166E-04,3.30996E-05],[7.62272E-04,3.28929E-05],[6.86695E-04,3.29466E-05],[6.10244E-04,3.31964E-05],[5.38345E-04,3.33244E-05],[4.86633E-04,3.40956E-05],[5.03178E-04,3.66398E-05]],[[1.31554E-03,3.32317E-05],[1.30796E-03,3.29368E-05],[1.29924E-03,3.29329E-05],[1.28221E-03,3.28535E-05],[1.26112E-03,3.29131E-05],[1.23491E-03,3.30486E-05],[1.20348E-03,3.29066E-05],[1.16726E-03,3.29584E-05],[1.12692E-03,3.29300E-05],[1.07981E-03,3.29559E-05],[1.03126E-03,3.28363E-05],[9.76660E-04,3.30063E-05],[9.18124E-04,3.27347E-05],[8.56279E-04,3.28782E-05],[7.89043E-04,3.29242E-05],[7.21385E-04,3.28563E-05],[6.50103E-04,3.28274E-05],[5.77528E-04,3.29471E-05],[5.10248E-04,3.33870E-05],[4.61311E-04,3.38854E-05],[4.77120E-04,3.64243E-05]],[[1.23525E-03,3.32688E-05],[1.22867E-03,3.29599E-05],[1.21910E-03,3.28120E-05],[1.20653E-03,3.28572E-05],[1.18613E-03,3.29970E-05],[1.16147E-03,3.28775E-05],[1.13151E-03,3.28048E-05],[1.09648E-03,3.30982E-05],[1.05981E-03,3.29174E-05],[1.01616E-03,3.28187E-05],[9.69478E-04,3.29294E-05],[9.18307E-04,3.29150E-05],[8.63726E-04,3.30027E-05],[8.05570E-04,3.30938E-05],[7.44128E-04,3.30256E-05],[6.78618E-04,3.29977E-05],[6.10263E-04,3.29853E-05],[5.42972E-04,3.29021E-05],[4.79071E-04,3.33719E-05],[4.33823E-04,3.39048E-05],[4.48006E-04,3.67550E-05]],[[1.15194E-03,3.32463E-05],[1.14686E-03,3.30729E-05],[1.13750E-03,3.29947E-05],[1.12416E-03,3.29232E-05],[1.10562E-03,3.29965E-05],[1.08371E-03,3.28244E-05],[1.05531E-03,3.28441E-05],[1.02375E-03,3.29609E-05],[9.86380E-04,3.29485E-05],[9.48890E-04,3.29709E-05],[9.04206E-04,3.29840E-05],[8.55746E-04,3.29409E-05],[8.05583E-04,3.28418E-05],[7.50804E-04,3.28346E-05],[6.93608E-04,3.29653E-05],[6.33038E-04,3.30509E-05],[5.68582E-04,3.30254E-05],[5.06121E-04,3.30782E-05],[4.47163E-04,3.33883E-05],[4.04866E-04,3.37459E-05],[4.18819E-04,3.65002E-05]],