{
  "seed":-1623838556,
  "pop":20000,
  "Inactive_Cycles":2000,
  "Active_Cycles":2500,
  "Total_CPU_Time":4.88364E+05,
  "Total_Transport_Time":5.84593E+03,
  "Time_Per_Integration":5.59847E-10,
  "Clock_Time":6.62926E+03,
  "keff":{
    "keff":[1.01548E+00,5.56032E-05]
  },
  "fissionRate":{
    "fissionRate":[[[1.76835E-03,3.36783E-05],[1.76024E-03,3.32550E-05],[1.74687E-03,3.32614E-05],[1.72348E-03,3.32436E-05],[1.69733E-03,3.32385E-05],[1.66142E-03,3.30305E-05],[1.61855E-03,3.30852E-05],[1.57238E-03,3.31549E-05],[1.51668E-03,3.29973E-05],[1.45525E-03,3.31553E-05],[1.38728E-03,3.31197E-05],[1.31355E-03,3.30509E-05],[1.23547E-03,3.33607E-05],[1.15122E-03,3.33247E-05],[1.06283E-03,3.31745E-05],[9.69284E-04,3.32629E-05],[8.72816E-04,3.33246E-05],[7.76774E-04,3.33945E-05],[6.86040E-04,3.36371E-05],[6.20655E-04,3.41556E-05],[6.42975E-04,3.67911E-05]],[[1.75768E-03,3.33608E-05],[1.75330E-03,3.30574E-05],[1.73962E-03,3.30357E-05],[1.71807E-03,3.30644E-05],[1.69063E-03,3.30292E-05],[1.65451E-03,3.28678E-05],[1.61246E-03,3.28475E-05],[1.56484E-03,3.28808E-05],[1.50858E-03,3.29584E-05],[1.44775E-03,3.28010E-05],[1.38113E-03,3.28735E-05],[1.30730E-03,3.29273E-05],[1.22948E-03,3.30819E-05],[1.14615E-03,3.27212E-05],[1.05765E-03,3.29978E-05],[9.64766E-04,3.31977E-05],[8.69257E-04,3.30290E-05],[7.72766E-04,3.29571E-05],[6.82506E-04,3.34731E-05],[6.18452E-04,3.40350E-05],[6.40142E-04,3.65999E-05]],[[1.74551E-03,3.30912E-05],[1.73966E-03,3.28936E-05],[1.72524E-03,3.28963E-05],[1.70342E-03,3.28371E-05],[1.67303E-03,3.28994E-05],[1.64101E-03,3.28080E-05],[1.60050E-03,3.28188E-05],[1.55305E-03,3.28992E-05],[1.49463E-03,3.29559E-05],[1.43530E-03,3.28402E-05],[1.37026E-03,3.27415E-05],[1.29727E-03,3.29372E-05],[1.21998E-03,3.28809E-05],[1.13795E-03,3.29590E-05],[1.04937E-03,3.28825E-05],[9.55563E-04,3.28363E-05],[8.62425E-04,3.30972E-05],[7.66127E-04,3.31096E-05],[6.76291E-04,3.33121E-05],[6.13613E-04,3.38554E-05],[6.34920E-04,3.66174E-05]],[[1.72556E-03,3.32919E-05],[1.71654E-03,3.29418E-05],[1.70425E-03,3.28674E-05],[1.68395E-03,3.27159E-05],[1.65543E-03,3.30545E-05],[1.62264E-03,3.28544E-05],[1.57905E-03,3.29550E-05],[1.53228E-03,3.28828E-05],[1.47847E-03,3.25714E-05],[1.41914E-03,3.28331E-05],[1.35369E-03,3.29974E-05],[1.28220E-03,3.28973E-05],[1.20491E-03,3.29137E-05],[1.12256E-03,3.29567E-05],[1.03778E-03,3.29808E-05],[9.45907E-04,3.28919E-05],[8.51330E-04,3.29357E-05],[7.56914E-04,3.30421E-05],[6.68761E-04,3.32978E-05],[6.05809E-04,3.38159E-05],[6.26472E-04,3.66712E-05]],[[1.69766E-03,3.30967E-05],[1.68828E-03,3.29085E-05],[1.67644E-03,3.26673E-05],[1.65669E-03,3.28573E-05],[1.62828E-03,3.26830E-05],[1.59433E-03,3.28086E-05],[1.55507E-03,3.28118E-05],[1.50799E-03,3.28340E-05],[1.45286E-03,3.30065E-05],[1.39488E-03,3.26546E-05],[1.33272E-03,3.28664E-05],[1.26086E-03,3.27315E-05],[1.18494E-03,3.28434E-05],[1.10471E-03,3.28630E-05],[1.01995E-03,3.30358E-05],[9.29881E-04,3.29952E-05],[8.35863E-04,3.29641E-05],[7.44674E-04,3.29948E-05],[6.57332E-04,3.31147E-05],[5.95717E-04,3.38287E-05],[6.17121E-04,3.65593E-05]],[[1.65763E-03,3.30530E-05],[1.65296E-03,3.28298E-05],[1.64108E-03,3.29098E-05],[1.62173E-03,3.28013E-05],[1.59562E-03,3.27962E-05],[1.56112E-03,3.28383E-05],[1.52254E-03,3.28596E-05],[1.47362E-03,3.28924E-05],[1.42393E-03,3.29096E-05],[1.36645E-03,3.27768E-05],[1.30197E-03,3.27752E-05],[1.23529E-03,3.26809E-05],[1.16196E-03,3.29385E-05],[1.08109E-03,3.27382E-05],[9.98473E-04,3.28130E-05],[9.09917E-04,3.28530E-05],[8.19583E-04,3.32042E-05],[7.29212E-04,3.29330E-05],[6.42997E-04,3.33865E-05],[5.83401E-04,3.39289E-05],[6.03559E-04,3.65297E-05]],[[1.61886E-03,3.32683E-05],[1.61418E-03,3.27443E-05],[1.60079E-03,3.28736E-05],[1.57992E-03,3.27402E-05],[1.55373E-03,3.28682E-05],[1.52204E-03,3.29973E-05],[1.48335E-03,3.28289E-05],[1.43882E-03,3.26782E-05],[1.38937E-03,3.28440E-05],[1.33212E-03,3.28261E-05],[1.26956E-03,3.28881E-05],[1.20391E-03,3.28326E-05],[1.13061E-03,3.28601E-05],[1.05299E-03,3.26852E-05],[9.73135E-04,3.28120E-05],[8.86766E-04,3.29855E-05],[7.99067E-04,3.30851E-05],[7.10152E-04,3.31404E-05],[6.27694E-04,3.33167E-05],[5.68500E-04,3.37932E-05],[5.88313E-04,3.66424E-05]],[[1.56903E-03,3.31447E-05],[1.56291E-03,3.30175E-05],[1.55136E-03,3.28400E-05],[1.53212E-03,3.29425E-05],[1.50822E-03,3.28610E-05],[1.47706E-03,3.29359E-05],[1.43873E-03,3.28465E-05],[1.39641E-03,3.29010E-05],[1.34576E-03,3.29555E-05],[1.29154E-03,3.28308E-05],[1.23222E-03,3.28266E-05],[1.16682E-03,3.28490E-05],[1.09843E-03,3.28806E-05],[1.02299E-03,3.28121E-05],[9.43903E-04,3.27330E-05],[8.62658E-04,3.27942E-05],[7.74931E-04,3.27967E-05],[6.89505E-04,3.30233E-05],[6.08750E-04,3.32322E-05],[5.51489E-04,3.39055E-05],[5.71176E-04,3.65822E-05]],[[1.51579E-03,3.31740E-05],[1.50873E-03,3.28071E-05],[1.49595E-03,3.28273E-05],[1.47844E-03,3.29405E-05],[1.45340E-03,3.27838E-05],[1.42452E-03,3.28818E-05],[1.38696E-03,3.30313E-05],[1.34744E-03,3.27094E-05],[1.29921E-03,3.29329E-05],[1.24831E-03,3.29222E-05],[1.18961E-03,3.28475E-05],[1.12748E-03,3.29367E-05],[1.05962E-03,3.27428E-05],[9.87354E-04,3.28643E-05],[9.10091E-04,3.28248E-05],[8.31842E-04,3.29294E-05],[7.47910E-04,3.29664E-05],[6.65142E-04,3.31004E-05],[5.87930E-04,3.31589E-05],[5.31952E-04,3.38770E-05],[5.50983E-04,3.63806E-05]],[[1.45351E-03,3.32478E-05],[1.44936E-03,3.28686E-05],[1.43509E-03,3.28853E-05],[1.41984E-03,3.28677E-05],[1.39656E-03,3.27303E-05],[1.36619E-03,3.29718E-05],[1.33083E-03,3.28631E-05],[1.29294E-03,3.28098E-05],[1.24756E-03,3.26405E-05],[1.19721E-03,3.28473E-05],[1.14167E-03,3.27824E-05],[1.08211E-03,3.29266E-05],[1.01717E-03,3.27626E-05],[9.46900E-04,3.29394E-05],[8.73802E-04,3.29815E-05],[7.97465E-04,3.27820E-05],[7.18064E-04,3.30039E-05],[6.38006E-04,3.29589E-05],[5.64302E-04,3.32055E-05],[5.10950E-04,3.37373E-05],[5.29156E-04,3.65201E-05]],[[1.38745E-03,3.30870E-05],[1.38120E-03,3.28769E-05],[1.36972E-03,3.27035E-05],[1.35308E-03,3.29919E-05],[1.33145E-03,3.29815E-05],[1.30262E-03,3.27258E-05],[1.27094E-03,3.27898E-05],[1.23246E-03,3.30012E-05],[1.18950E-03,3.28092E-05],[1.14241E-03,3.29071E-05],[1.08867E-03,3.29373E-05],[1.03175E-03,3.28398E-05],[9.69299E-04,3.29165E-05],[9.03597E-04,3.27761E-05],[8.33083E-04,3.29509E-05],[7.60074E-04,3.30050E-05],[6.85199E-04,3.29612E-05],[6.09004E-04,3.30977E-05],[5.37585E-04,3.33251E-05],[4.87515E-04,3.39965E-05],[5.04835E-04,3.64573E-05]],[[1.31388E-03,3.30808E-05],[1.30787E-03,3.29019E-05],[1.29715E-03,3.27781E-05],[1.28193E-03,3.30322E-05],[1.26088E-03,3.26817E-05],[1.23432E-03,3.27038E-05],[1.20432E-03,3.27861E-05],[1.16710E-03,3.28373E-05],[1.12669E-03,3.27951E-05],[1.08132E-03,3.29117E-05],[1.02997E-03,3.27954E-05],[9.76501E-04,3.28673E-05],[9.18809E-04,3.29943E-05],[8.55305E-04,3.28676E-05],[7.90251E-04,3.28866E-05],[7.21575E-04,3.29601E-05],[6.49278E-04,3.29531E-05],[5.76429E-04,3.31038E-05],[5.09396E-04,3.33468E-05],[4.61661E-04,3.38279E-05],[4.78397E-04,3.64037E-05]],[[1.23528E-03,3.30605E-05],[1.23053E-03,3.28279E-05],[1.22058E-03,3.30371E-05],[1.20462E-03,3.30134E-05],[1.18635E-03,3.27434E-05],[1.16103E-03,3.28613E-05],[1.13265E-03,3.27329E-05],[1.09820E-03,3.29639E-05],[1.05850E-03,3.28690E-05],[1.01533E-03,3.28899E-05],[9.69222E-04,3.28851E-05],[9.17850E-04,3.28666E-05],[8.62998E-04,3.29292E-05],[8.05868E-04,3.28347E-05],[7.42549E-04,3.29671E-05],[6.78063E-04,3.29998E-05],[6.10062E-04,3.28733E-05],[5.42929E-04,3.29154E-05],[4.79549E-04,3.31123E-05],[4.34293E-04,3.37763E-05],[4.49845E-04,3.65422E-05]],[[1.15288E-03,3.32182E-05],[1.14732E-03,3.29402E-05],[1.13844E-03,3.27397E-05],[1.12320E-03,3.28761E-05],[1.10407E-03,3.30079E-05],[1.08271E-03,3.28998E-05],[1.05521E-03,3.29122E-05],[1.02289E-03,3.28445E-05],[9.86531E-04,3.29015E-05],[9.46605E-04,3.28580E-05],[9.02799E-04,3.28527E-05],[8.56178E-04,3.28737E-05],[8.04976E-04,3.28065E-05],[7.51303E-04,3.28568E-05],[6.92447E-04,3.29410E-05],[6.32144E-04,3.30617E-05],[5.69101E-04,3.29746E-05],[5.06231E-04,3.31255E-05],[4.47696E-04,3.31565E-05],[4.05210E-04,3.37963E-05],[4.19924E-04,3.67109E-05]],