{
  "seed":-1655315538,
  "pop":20000,
  "Inactive_Cycles":2000,
  "Active_Cycles":2500,
  "Total_CPU_Time":4.91613E+05,
  "Total_Transport_Time":5.88878E+03,
  "Time_Per_Integration":5.63977E-10,
  "Clock_Time":6.67155E+03,
  "keff":{
    "keff":[1.01536E+00,5.53714E-05]
  },
  "fissionRate":{
    "fissionRate":[[[1.76872E-03,3.35534E-05],[1.76323E-03,3.31967E-05],[1.74575E-03,3.34621E-05],[1.72395E-03,3.31580E-05],[1.69584E-03,3.32374E-05],[1.66025E-03,3.31677E-05],[1.61917E-03,3.33686E-05],[1.56999E-03,3.31884E-05],[1.51489E-03,3.31546E-05],[1.45388E-03,3.30400E-05],[1.38688E-03,3.30809E-05],[1.31304E-03,3.30183E-05],[1.23380E-03,3.31388E-05],[1.14963E-03,3.30617E-05],[1.06135E-03,3.33144E-05],[9.69797E-04,3.31968E-05],[8.72923E-04,3.31757E-05],[7.75021E-04,3.32495E-05],[6.84562E-04,3.36070E-05],[6.20289E-04,3.41426E-05],[6.41861E-04,3.69854E-05]],[[1.76178E-03,3.32583E-05],[1.75191E-03,3.31685E-05],[1.74005E-03,3.29647E-05],[1.71828E-03,3.28355E-05],[1.69044E-03,3.30610E-05],[1.65614E-03,3.27298E-05],[1.61298E-03,3.29558E-05],[1.56430E-03,3.28900E-05],[1.50800E-03,3.29537E-05],[1.44866E-03,3.29453E-05],[1.38178E-03,3.26941E-05],[1.30936E-03,3.28566E-05],[1.22868E-03,3.30509E-05],[1.14441E-03,3.28937E-05],[1.05761E-03,3.30000E-05],[9.64942E-04,3.29165E-05],[8.69985E-04,3.29196E-05],[7.72463E-04,3.30652E-05],[6.81497E-04,3.32659E-05],[6.18082E-04,3.38994E-05],[6.40152E-04,3.65769E-05]],[[1.74731E-03,3.32577E-05],[1.73944E-03,3.29742E-05],[1.72630E-03,3.29933E-05],[1.70295E-03,3.27820E-05],[1.67519E-03,3.28834E-05],[1.64161E-03,3.30033E-05],[1.59817E-03,3.28759E-05],[1.55033E-03,3.27680E-05],[1.49489E-03,3.28432E-05],[1.43561E-03,3.27565E-05],[1.37112E-03,3.28722E-05],[1.29689E-03,3.29332E-05],[1.21812E-03,3.28955E-05],[1.13549E-03,3.28675E-05],[1.04849E-03,3.28781E-05],[9.57653E-04,3.31162E-05],[8.61854E-04,3.29104E-05],[7.66587E-04,3.29496E-05],[6.77139E-04,3.32780E-05],[6.12804E-04,3.38632E-05],[6.34802E-04,3.65359E-05]],[[1.72538E-03,3.29756E-05],[1.71962E-03,3.27868E-05],[1.70118E-03,3.29030E-05],[1.68463E-03,3.28025E-05],[1.65610E-03,3.29089E-05],[1.62089E-03,3.28847E-05],[1.58054E-03,3.28250E-05],[1.53219E-03,3.28263E-05],[1.47867E-03,3.29459E-05],[1.41834E-03,3.28647E-05],[1.35224E-03,3.28093E-05],[1.28155E-03,3.27606E-05],[1.20441E-03,3.27827E-05],[1.12219E-03,3.28695E-05],[1.03613E-03,3.28893E-05],[9.44251E-04,3.30532E-05],[8.50784E-04,3.30190E-05],[7.56397E-04,3.29949E-05],[6.68866E-04,3.32689E-05],[6.05124E-04,3.38823E-05],[6.26905E-04,3.64214E-05]],[[1.69782E-03,3.32924E-05],[1.68973E-03,3.28786E-05],[1.67767E-03,3.29759E-05],[1.65437E-03,3.29450E-05],[1.62794E-03,3.28272E-05],[1.59550E-03,3.28218E-05],[1.55396E-03,3.28496E-05],[1.50664E-03,3.29701E-05],[1.45517E-03,3.27999E-05],[1.39554E-03,3.28363E-05],[1.32886E-03,3.29343E-05],[1.26001E-03,3.28558E-05],[1.18367E-03,3.28178E-05],[1.10413E-03,3.28546E-05],[1.01860E-03,3.28645E-05],[9.29510E-04,3.29316E-05],[8.36924E-04,3.29231E-05],[7.44683E-04,3.29500E-05],[6.57001E-04,3.34326E-05],[5.95552E-04,3.39119E-05],[6.16121E-04,3.66592E-05]],[[1.66328E-03,3.33361E-05],[1.65356E-03,3.29479E-05],[1.64047E-03,3.28722E-05],[1.62399E-03,3.27133E-05],[1.59443E-03,3.27599E-05],[1.55986E-03,3.28498E-05],[1.51969E-03,3.28246E-05],[1.47604E-03,3.27241E-05],[1.42385E-03,3.28473E-05],[1.36546E-03,3.28541E-05],[1.30285E-03,3.28982E-05],[1.23132E-03,3.29957E-05],[1.15809E-03,3.27879E-05],[1.08061E-03,3.27983E-05],[9.97498E-04,3.28442E-05],[9.09671E-04,3.28190E-05],[8.19903E-04,3.29539E-05],[7.28290E-04,3.29598E-05],[6.43492E-04,3.31693E-05],[5.83235E-04,3.38537E-05],[6.03487E-04,3.63648E-05]],[[1.61997E-03,3.31372E-05],[1.61337E-03,3.28685E-05],[1.59862E-03,3.30208E-05],[1.58139E-03,3.27152E-05],[1.55466E-03,3.28884E-05],[1.52055E-03,3.29324E-05],[1.48605E-03,3.27811E-05],[1.43973E-03,3.27653E-05],[1.38739E-03,3.28522E-05],[1.33249E-03,3.27529E-05],[1.26959E-03,3.28841E-05],[1.20220E-03,3.29023E-05],[1.13086E-03,3.28434E-05],[1.05342E-03,3.28444E-05],[9.71956E-04,3.29983E-05],[8.87628E-04,3.30086E-05],[7.98250E-04,3.31084E-05],[7.09545E-04,3.30025E-05],[6.28037E-04,3.33289E-05],[5.67566E-04,3.38190E-05],[5.88395E-04,3.66665E-05]],[[1.57006E-03,3.32119E-05],[1.56446E-03,3.29068E-05],[1.55223E-03,3.28454E-05],[1.53217E-03,3.28252E-05],[1.50775E-03,3.26776E-05],[1.47873E-03,3.27937E-05],[1.43891E-03,3.29119E-05],[1.39317E-03,3.26907E-05],[1.34527E-03,3.27493E-05],[1.29112E-03,3.27308E-05],[1.23106E-03,3.27205E-05],[1.16585E-03,3.29694E-05],[1.09769E-03,3.28965E-05],[1.02292E-03,3.28666E-05],[9.43589E-04,3.28943E-05],[8.61012E-04,3.28805E-05],[7.74611E-04,3.30658E-05],[6.89052E-04,3.29673E-05],[6.08238E-04,3.31569E-05],[5.51511E-04,3.39060E-05],[5.70878E-04,3.64451E-05]],[[1.51705E-03,3.33169E-05],[1.51013E-03,3.31110E-05],[1.49759E-03,3.29234E-05],[1.47839E-03,3.28268E-05],[1.45382E-03,3.29666E-05],[1.42482E-03,3.28475E-05],[1.38781E-03,3.29253E-05],[1.34488E-03,3.27993E-05],[1.29823E-03,3.29359E-05],[1.24559E-03,3.29208E-05],[1.18864E-03,3.28789E-05],[1.12617E-03,3.30058E-05],[1.05829E-03,3.29456E-05],[9.86569E-04,3.29524E-05],[9.10834E-04,3.27947E-05],[8.30798E-04,3.28245E-05],[7.47824E-04,3.28652E-05],[6.64999E-04,3.30865E-05],[5.86679E-04,3.33259E-05],[5.31570E-04,3.38809E-05],[5.50547E-04,3.64572E-05]],[[1.45369E-03,3.32351E-05],[1.44903E-03,3.28819E-05],[1.43598E-03,3.27419E-05],[1.41887E-03,3.27671E-05],[1.39662E-03,3.29297E-05],[1.36459E-03,3.29190E-05],[1.33165E-03,3.30410E-05],[1.29155E-03,3.27906E-05],[1.24806E-03,3.28425E-05],[1.19564E-03,3.28522E-05],[1.14071E-03,3.28679E-05],[1.07966E-03,3.28636E-05],[1.01599E-03,3.27728E-05],[9.46447E-04,3.29251E-05],[8.74829E-04,3.29428E-05],[7.97048E-04,3.28059E-05],[7.17522E-04,3.28037E-05],[6.38081E-04,3.30329E-05],[5.63587E-04,3.33291E-05],[5.10176E-04,3.39183E-05],[5.28560E-04,3.65493E-05]],[[1.38736E-03,3.31113E-05],[1.38210E-03,3.31502E-05],[1.36959E-03,3.27744E-05],[1.35194E-03,3.28252E-05],[1.32956E-03,3.29519E-05],[1.30303E-03,3.29481E-05],[1.27068E-03,3.28424E-05],[1.23061E-03,3.29818E-05],[1.18796E-03,3.29705E-05],[1.14026E-03,3.28967E-05],[1.08738E-03,3.28371E-05],[1.03028E-03,3.29537E-05],[9.69355E-04,3.29305E-05],[9.03519E-04,3.28290E-05],[8.33176E-04,3.28307E-05],[7.61350E-04,3.29993E-05],[6.85076E-04,3.29886E-05],[6.09215E-04,3.30967E-05],[5.37665E-04,3.33089E-05],[4.87054E-04,3.37349E-05],[5.04345E-04,3.65781E-05]],[[1.31366E-03,3.31652E-05],[1.30836E-03,3.30176E-05],[1.29785E-03,3.28065E-05],[1.28147E-03,3.28249E-05],[1.26048E-03,3.27752E-05],[1.23366E-03,3.29439E-05],[1.20373E-03,3.29650E-05],[1.16605E-03,3.28647E-05],[1.12580E-03,3.28431E-05],[1.08059E-03,3.28176E-05],[1.02997E-03,3.28465E-05],[9.76397E-04,3.29073E-05],[9.17988E-04,3.28837E-05],[8.55074E-04,3.29012E-05],[7.89910E-04,3.30023E-05],[7.20929E-04,3.28583E-05],[6.48960E-04,3.29774E-05],[5.76154E-04,3.30779E-05],[5.09176E-04,3.34322E-05],[4.61258E-04,3.38732E-05],[4.77130E-04,3.66377E-05]],[[1.23423E-03,3.33066E-05],[1.23064E-03,3.29177E-05],[1.21954E-03,3.29796E-05],[1.20576E-03,3.27921E-05],[1.18586E-03,3.28093E-05],[1.16121E-03,3.29735E-05],[1.13002E-03,3.28413E-05],[1.09782E-03,3.28306E-05],[1.05820E-03,3.28872E-05],[1.01626E-03,3.27764E-05],[9.68828E-04,3.28326E-05],[9.17368E-04,3.28603E-05],[8.64116E-04,3.28536E-05],[8.04783E-04,3.30110E-05],[7.42728E-04,3.29458E-05],[6.77181E-04,3.29512E-05],[6.10475E-04,3.28707E-05],[5.43039E-04,3.30764E-05],[4.79479E-04,3.32288E-05],[4.33981E-04,3.38625E-05],[4.50044E-04,3.65164E-05]],[[1.15030E-03,3.30803E-05],[1.14645E-03,3.29063E-05],[1.13786E-03,3.28160E-05],[1.12349E-03,3.28629E-05],[1.10477E-03,3.28314E-05],[1.08157E-03,3.27664E-05],[1.05472E-03,3.28573E-05],[1.02254E-03,3.28155E-05],[9.86801E-04,3.28786E-05],[9.46759E-04,3.28829E-05],[9.02134E-04,3.29273E-05],[8.55342E-04,3.28636E-05],[8.05595E-04,3.28564E-05],[7.50266E-04,3.28318E-05],[6.92006E-04,3.30272E-05],[6.31212E-04,3.30486E-05],[5.68472E-04,3.29419E-05],[5.05381E-04,3.29644E-05],[4.47004E-04,3.31825E-05],[4.04994E-04,3.36198E-05],[4.19364E-04,3.65181E-05]],