{
  "seed":1168139182,
  "pop":20000,
  "Inactive_Cycles":2000,
  "Active_Cycles":2500,
  "Total_CPU_Time":4.92257E+05,
  "Total_Transport_Time":5.90187E+03,
  "Time_Per_Integration":5.65261E-10,
  "Clock_Time":6.68505E+03,
  "keff":{
    "keff":[1.01536E+00,5.46997E-05]
  },
  "fissionRate":{
    "fissionRate":[[[1.76837E-03,3.35326E-05],[1.76079E-03,3.34191E-05],[1.74495E-03,3.32898E-05],[1.72511E-03,3.32951E-05],[1.69799E-03,3.29283E-05],[1.66165E-03,3.31209E-05],[1.61818E-03,3.32175E-05],[1.56942E-03,3.31552E-05],[1.51381E-03,3.32468E-05],[1.45451E-03,3.30738E-05],[1.38665E-03,3.31581E-05],[1.31404E-03,3.31226E-05],[1.23491E-03,3.30129E-05],[1.15100E-03,3.32144E-05],[1.06144E-03,3.32105E-05],[9.67442E-04,3.32136E-05],[8.70563E-04,3.31943E-05],[7.74453E-04,3.32992E-05],[6.84365E-04,3.35377E-05],[6.20472E-04,3.40172E-05],[6.41618E-04,3.68888E-05]],[[1.76048E-03,3.33161E-05],[1.75429E-03,3.30379E-05],[1.73846E-03,3.29045E-05],[1.71600E-03,3.29989E-05],[1.69159E-03,3.28567E-05],[1.65649E-03,3.28966E-05],[1.61254E-03,3.27573E-05],[1.56463E-03,3.29231E-05],[1.50941E-03,3.29397E-05],[1.44723E-03,3.30397E-05],[1.38036E-03,3.28933E-05],[1.30998E-03,3.30205E-05],[1.23107E-03,3.29852E-05],[1.14600E-03,3.29769E-05],[1.05852E-03,3.29346E-05],[9.65432E-04,3.28794E-05],[8.68770E-04,3.29462E-05],[7.71917E-04,3.30514E-05],[6.81577E-04,3.33576E-05],[6.18142E-04,3.39322E-05],[6.40052E-04,3.65560E-05]],[[1.74639E-03,3.33445E-05],[1.73712E-03,3.29487E-05],[1.72212E-03,3.28735E-05],[1.70455E-03,3.28278E-05],[1.67459E-03,3.30107E-05],[1.64381E-03,3.29178E-05],[1.59915E-03,3.28831E-05],[1.55316E-03,3.29233E-05],[1.49631E-03,3.29436E-05],[1.43659E-03,3.28739E-05],[1.36941E-03,3.29379E-05],[1.29647E-03,3.28279E-05],[1.21927E-03,3.26520E-05],[1.13769E-03,3.29664E-05],[1.04910E-03,3.28561E-05],[9.56680E-04,3.30391E-05],[8.60348E-04,3.30668E-05],[7.66103E-04,3.30474E-05],[6.76386E-04,3.33200E-05],[6.12655E-04,3.38898E-05],[6.34707E-04,3.66575E-05]],[[1.72508E-03,3.33679E-05],[1.71828E-03,3.28270E-05],[1.70299E-03,3.30432E-05],[1.68340E-03,3.27946E-05],[1.65586E-03,3.29128E-05],[1.62261E-03,3.29161E-05],[1.58105E-03,3.29031E-05],[1.53142E-03,3.30462E-05],[1.47748E-03,3.26893E-05],[1.41775E-03,3.28429E-05],[1.35298E-03,3.28691E-05],[1.28217E-03,3.27068E-05],[1.20432E-03,3.28852E-05],[1.12208E-03,3.27919E-05],[1.03596E-03,3.28547E-05],[9.44319E-04,3.30334E-05],[8.50910E-04,3.29500E-05],[7.57192E-04,3.30551E-05],[6.68567E-04,3.32882E-05],[6.04821E-04,3.38297E-05],[6.27327E-04,3.67806E-05]],[[1.69561E-03,3.32427E-05],[1.68864E-03,3.29782E-05],[1.67548E-03,3.29751E-05],[1.65631E-03,3.27430E-05],[1.62856E-03,3.27701E-05],[1.59349E-03,3.29327E-05],[1.55318E-03,3.29284E-05],[1.50738E-03,3.28269E-05],[1.45462E-03,3.29767E-05],[1.39570E-03,3.26763E-05],[1.32962E-03,3.28750E-05],[1.26077E-03,3.30200E-05],[1.18582E-03,3.27644E-05],[1.10332E-03,3.29294E-05],[1.01957E-03,3.29334E-05],[9.29423E-04,3.28874E-05],[8.38112E-04,3.31309E-05],[7.43875E-04,3.30351E-05],[6.57366E-04,3.32464E-05],[5.95417E-04,3.38118E-05],[6.17452E-04,3.65673E-05]],[[1.65927E-03,3.32172E-05],[1.65320E-03,3.28751E-05],[1.64073E-03,3.27976E-05],[1.62016E-03,3.27152E-05],[1.59494E-03,3.27999E-05],[1.56226E-03,3.27798E-05],[1.52136E-03,3.27857E-05],[1.47441E-03,3.28515E-05],[1.42500E-03,3.29076E-05],[1.36796E-03,3.29634E-05],[1.30406E-03,3.28394E-05],[1.23434E-03,3.27410E-05],[1.15923E-03,3.28484E-05],[1.08035E-03,3.28793E-05],[9.97864E-04,3.27010E-05],[9.10939E-04,3.28856E-05],[8.19440E-04,3.28839E-05],[7.28898E-04,3.29601E-05],[6.43343E-04,3.31222E-05],[5.82689E-04,3.38911E-05],[6.03288E-04,3.65150E-05]],[[1.61865E-03,3.29951E-05],[1.61283E-03,3.28379E-05],[1.59785E-03,3.27703E-05],[1.57866E-03,3.28613E-05],[1.55498E-03,3.28899E-05],[1.52254E-03,3.28688E-05],[1.48367E-03,3.28064E-05],[1.43865E-03,3.27659E-05],[1.38756E-03,3.27107E-05],[1.33404E-03,3.30051E-05],[1.26890E-03,3.29682E-05],[1.20266E-03,3.28560E-05],[1.13030E-03,3.28543E-05],[1.05296E-03,3.28001E-05],[9.72805E-04,3.28049E-05],[8.88370E-04,3.29686E-05],[7.98743E-04,3.29160E-05],[7.10483E-04,3.28731E-05],[6.27055E-04,3.33090E-05],[5.67370E-04,3.39282E-05],[5.88202E-04,3.66821E-05]],[[1.57052E-03,3.30298E-05],[1.56235E-03,3.28806E-05],[1.55065E-03,3.29018E-05],[1.53089E-03,3.28002E-05],[1.50795E-03,3.28447E-05],[1.47566E-03,3.28002E-05],[1.43875E-03,3.29860E-05],[1.39541E-03,3.28272E-05],[1.34435E-03,3.29677E-05],[1.29189E-03,3.29148E-05],[1.23140E-03,3.29867E-05],[1.16711E-03,3.28745E-05],[1.09596E-03,3.30132E-05],[1.02191E-03,3.29441E-05],[9.43051E-04,3.30069E-05],[8.59918E-04,3.29271E-05],[7.74314E-04,3.31402E-05],[6.87371E-04,3.31962E-05],[6.07424E-04,3.34556E-05],[5.50540E-04,3.39653E-05],[5.71105E-04,3.65661E-05]],[[1.51465E-03,3.31607E-05],[1.50770E-03,3.28820E-05],[1.49675E-03,3.30681E-05],[1.47612E-03,3.28992E-05],[1.45415E-03,3.28618E-05],[1.42396E-03,3.28672E-05],[1.38809E-03,3.30410E-05],[1.34626E-03,3.28879E-05],[1.29860E-03,3.29095E-05],[1.24733E-03,3.27482E-05],[1.18917E-03,3.29707E-05],[1.12626E-03,3.28194E-05],[1.05687E-03,3.27354E-05],[9.86427E-04,3.28779E-05],[9.09063E-04,3.28753E-05],[8.30504E-04,3.29750E-05],[7.47152E-04,3.29328E-05],[6.64482E-04,3.31320E-05],[5.86734E-04,3.32836E-05],[5.32106E-04,3.37678E-05],[5.50081E-04,3.64698E-05]],[[1.45181E-03,3.30684E-05],[1.44798E-03,3.26386E-05],[1.43568E-03,3.28716E-05],[1.41747E-03,3.29470E-05],[1.39471E-03,3.29073E-05],[1.36601E-03,3.26772E-05],[1.33081E-03,3.29132E-05],[1.29179E-03,3.28863E-05],[1.24741E-03,3.28568E-05],[1.19595E-03,3.28616E-05],[1.14237E-03,3.27845E-05],[1.07990E-03,3.28345E-05],[1.01545E-03,3.27421E-05],[9.46558E-04,3.29466E-05],[8.72067E-04,3.29180E-05],[7.96039E-04,3.29283E-05],[7.18322E-04,3.27373E-05],[6.36709E-04,3.31954E-05],[5.63178E-04,3.32220E-05],[5.09925E-04,3.38438E-05],[5.28134E-04,3.64314E-05]],[[1.38660E-03,3.29110E-05],[1.38019E-03,3.28917E-05],[1.36814E-03,3.28922E-05],[1.35253E-03,3.28259E-05],[1.33004E-03,3.29281E-05],[1.30286E-03,3.28631E-05],[1.26961E-03,3.28572E-05],[1.23130E-03,3.28820E-05],[1.18801E-03,3.27911E-05],[1.14006E-03,3.27905E-05],[1.08646E-03,3.29968E-05],[1.03048E-03,3.28669E-05],[9.68653E-04,3.28535E-05],[9.02581E-04,3.28576E-05],[8.33007E-04,3.27830E-05],[7.60165E-04,3.27494E-05],[6.84705E-04,3.28551E-05],[6.08115E-04,3.31027E-05],[5.36465E-04,3.32104E-05],[4.87146E-04,3.39623E-05],[5.04022E-04,3.64598E-05]],[[1.31387E-03,3.31299E-05],[1.30768E-03,3.28797E-05],[1.29774E-03,3.28863E-05],[1.28187E-03,3.28868E-05],[1.26053E-03,3.28576E-05],[1.23418E-03,3.29016E-05],[1.20295E-03,3.28132E-05],[1.16759E-03,3.29446E-05],[1.12624E-03,3.27002E-05],[1.08088E-03,3.28496E-05],[1.02996E-03,3.29174E-05],[9.76658E-04,3.28187E-05],[9.17947E-04,3.28019E-05],[8.54975E-04,3.29359E-05],[7.89244E-04,3.29776E-05],[7.20287E-04,3.28811E-05],[6.48418E-04,3.29469E-05],[5.77269E-04,3.29799E-05],[5.09652E-04,3.32728E-05],[4.61713E-04,3.40572E-05],[4.77884E-04,3.66520E-05]],[[1.23417E-03,3.32013E-05],[1.23064E-03,3.30749E-05],[1.22047E-03,3.29522E-05],[1.20368E-03,3.28177E-05],[1.18428E-03,3.30589E-05],[1.16022E-03,3.28240E-05],[1.13125E-03,3.28292E-05],[1.09681E-03,3.28298E-05],[1.05854E-03,3.29402E-05],[1.01573E-03,3.28860E-05],[9.69541E-04,3.27694E-05],[9.18841E-04,3.29475E-05],[8.63836E-04,3.28145E-05],[8.05010E-04,3.29126E-05],[7.42578E-04,3.29622E-05],[6.77836E-04,3.27727E-05],[6.10330E-04,3.30626E-05],[5.42893E-04,3.29591E-05],[4.79139E-04,3.32613E-05],[4.33939E-04,3.38989E-05],[4.49838E-04,3.65301E-05]],[[1.15022E-03,3.31454E-05],[1.14499E-03,3.28386E-05],[1.13704E-03,3.30977E-05],[1.12114E-03,3.27819E-05],[1.10552E-03,3.28291E-05],[1.08109E-03,3.28401E-05],[1.05428E-03,3.29063E-05],[1.02396E-03,3.28260E-05],[9.85832E-04,3.28291E-05],[9.47399E-04,3.29311E-05],[9.02994E-04,3.28475E-05],[8.56927E-04,3.29266E-05],[8.04241E-04,3.29975E-05],[7.50593E-04,3.29664E-05],[6.91878E-04,3.29670E-05],[6.31078E-04,3.30336E-05],[5.69664E-04,3.30632E-05],[5.05894E-04,3.29013E-05],[4.46275E-04,3.33328E-05],[4.04998E-04,3.39431E-05],[4.19163E-04,3.66229E-05]],[[1.06088E-03,