{
  "seed":1888295932,
  "pop":20000,
  "Inactive_Cycles":2000,
  "Active_Cycles":2500,
  "Total_CPU_Time":1.48205E+05,
  "Total_Transport_Time":1.55436E+03,
  "Time_Per_Integration":1.48867E-10,
  "Clock_Time":2.30944E+03,
  "keff":{
    "keff":[1.02033E+00,5.02734E-05]
  },
  "fissionRate":{
    "fissionRate":[[[1.77290E-03,3.58139E-05],[1.76656E-03,3.52372E-05],[1.74983E-03,3.51221E-05],[1.73000E-03,3.50559E-05],[1.70136E-03,3.52341E-05],[1.66566E-03,3.50199E-05],[1.62128E-03,3.50998E-05],[1.57625E-03,3.52417E-05],[1.51895E-03,3.50824E-05],[1.45686E-03,3.51570E-05],[1.39089E-03,3.51283E-05],[1.31946E-03,3.52224E-05],[1.24014E-03,3.53114E-05],[1.15683E-03,3.51059E-05],[1.06810E-03,3.51884E-05],[9.74982E-04,3.51330E-05],[8.78819E-04,3.53611E-05],[7.81482E-04,3.53542E-05],[6.90805E-04,3.56591E-05],[6.23933E-04,3.61908E-05],[6.40758E-04,3.88603E-05]],[[1.76428E-03,3.53622E-05],[1.75700E-03,3.51651E-05],[1.74508E-03,3.49974E-05],[1.72205E-03,3.48387E-05],[1.69328E-03,3.50024E-05],[1.65875E-03,3.47861E-05],[1.61734E-03,3.49633E-05],[1.56776E-03,3.49447E-05],[1.51229E-03,3.49272E-05],[1.45063E-03,3.48234E-05],[1.38646E-03,3.48336E-05],[1.31160E-03,3.50143E-05],[1.23442E-03,3.50818E-05],[1.15060E-03,3.49614E-05],[1.06391E-03,3.50511E-05],[9.71710E-04,3.50096E-05],[8.76072E-04,3.50066E-05],[7.78699E-04,3.51365E-05],[6.88704E-04,3.53832E-05],[6.21753E-04,3.60563E-05],[6.37731E-04,3.88316E-05]],[[1.75143E-03,3.53017E-05],[1.74383E-03,3.49976E-05],[1.72875E-03,3.48700E-05],[1.70687E-03,3.47697E-05],[1.68109E-03,3.48246E-05],[1.64433E-03,3.49132E-05],[1.60336E-03,3.47349E-05],[1.55439E-03,3.48299E-05],[1.50042E-03,3.48372E-05],[1.44011E-03,3.46454E-05],[1.37393E-03,3.48926E-05],[1.30148E-03,3.48661E-05],[1.22482E-03,3.47994E-05],[1.14308E-03,3.49515E-05],[1.05542E-03,3.50561E-05],[9.63434E-04,3.49402E-05],[8.68659E-04,3.50105E-05],[7.73242E-04,3.50123E-05],[6.82546E-04,3.54469E-05],[6.16914E-04,3.58230E-05],[6.32976E-04,3.88050E-05]],[[1.73035E-03,3.52272E-05],[1.72081E-03,3.49079E-05],[1.70863E-03,3.49237E-05],[1.68906E-03,3.47776E-05],[1.66116E-03,3.49210E-05],[1.62696E-03,3.50111E-05],[1.58264E-03,3.49331E-05],[1.53710E-03,3.49483E-05],[1.48049E-03,3.47890E-05],[1.42332E-03,3.48005E-05],[1.35748E-03,3.48267E-05],[1.28683E-03,3.47366E-05],[1.21000E-03,3.48114E-05],[1.12794E-03,3.47854E-05],[1.04230E-03,3.49135E-05],[9.52435E-04,3.48733E-05],[8.57669E-04,3.49340E-05],[7.62956E-04,3.49475E-05],[6.74510E-04,3.53056E-05],[6.08740E-04,3.58020E-05],[6.25953E-04,3.85275E-05]],[[1.70168E-03,3.50778E-05],[1.69476E-03,3.48768E-05],[1.67955E-03,3.48452E-05],[1.66000E-03,3.47583E-05],[1.63200E-03,3.48626E-05],[1.59944E-03,3.49016E-05],[1.55585E-03,3.49397E-05],[1.51240E-03,3.49045E-05],[1.45841E-03,3.48630E-05],[1.39895E-03,3.48500E-05],[1.33636E-03,3.46852E-05],[1.26527E-03,3.49814E-05],[1.18849E-03,3.47752E-05],[1.11008E-03,3.48471E-05],[1.02341E-03,3.49577E-05],[9.35602E-04,3.48763E-05],[8.43854E-04,3.50165E-05],[7.50214E-04,3.51273E-05],[6.63703E-04,3.51580E-05],[5.98434E-04,3.59613E-05],[6.14792E-04,3.88523E-05]],[[1.66674E-03,3.51250E-05],[1.65753E-03,3.49002E-05],[1.64604E-03,3.49685E-05],[1.62547E-03,3.46710E-05],[1.59596E-03,3.49065E-05],[1.56506E-03,3.47754E-05],[1.52424E-03,3.49165E-05],[1.48043E-03,3.47659E-05],[1.42769E-03,3.50013E-05],[1.37117E-03,3.47471E-05],[1.30855E-03,3.48432E-05],[1.23817E-03,3.48710E-05],[1.16432E-03,3.47654E-05],[1.08588E-03,3.47711E-05],[1.00271E-03,3.48527E-05],[9.15885E-04,3.49594E-05],[8.26396E-04,3.48926E-05],[7.35423E-04,3.49299E-05],[6.49753E-04,3.51724E-05],[5.86315E-04,3.59609E-05],[6.01937E-04,3.86076E-05]],[[1.62379E-03,3.50006E-05],[1.61776E-03,3.49856E-05],[1.60328E-03,3.52362E-05],[1.58422E-03,3.50510E-05],[1.55823E-03,3.48504E-05],[1.52459E-03,3.47427E-05],[1.48849E-03,3.48519E-05],[1.44247E-03,3.48085E-05],[1.39173E-03,3.48056E-05],[1.33406E-03,3.49938E-05],[1.27381E-03,3.48521E-05],[1.20786E-03,3.47459E-05],[1.13567E-03,3.48669E-05],[1.05959E-03,3.50682E-05],[9.78306E-04,3.50363E-05],[8.91228E-04,3.50217E-05],[8.05728E-04,3.49262E-05],[7.17326E-04,3.50992E-05],[6.33648E-04,3.50177E-05],[5.71966E-04,3.58511E-05],[5.87434E-04,3.86275E-05]],[[1.57487E-03,3.51923E-05],[1.56929E-03,3.50204E-05],[1.55591E-03,3.48445E-05],[1.53691E-03,3.48039E-05],[1.51181E-03,3.46352E-05],[1.48076E-03,3.50061E-05],[1.44220E-03,3.48067E-05],[1.39916E-03,3.47568E-05],[1.35096E-03,3.49872E-05],[1.29540E-03,3.47088E-05],[1.23638E-03,3.48225E-05],[1.17117E-03,3.49529E-05],[1.10205E-03,3.49932E-05],[1.02763E-03,3.49936E-05],[9.48868E-04,3.48185E-05],[8.66328E-04,3.49146E-05],[7.80320E-04,3.49779E-05],[6.95605E-04,3.51460E-05],[6.14599E-04,3.51532E-05],[5.54665E-04,3.59337E-05],[5.69066E-04,3.87853E-05]],[[1.52026E-03,3.51418E-05],[1.51346E-03,3.49688E-05],[1.50173E-03,3.49370E-05],[1.48343E-03,3.48796E-05],[1.45898E-03,3.48479E-05],[1.43020E-03,3.48235E-05],[1.39276E-03,3.47528E-05],[1.35102E-03,3.48097E-05],[1.30293E-03,3.47391E-05],[1.25135E-03,3.48502E-05],[1.19225E-03,3.49318E-05],[1.13004E-03,3.47604E-05],[1.06353E-03,3.49720E-05],[9.91849E-04,3.47918E-05],[9.15190E-04,3.49416E-05],[8.36607E-04,3.49428E-05],[7.53399E-04,3.48948E-05],[6.70628E-04,3.51231E-05],[5.93277E-04,3.53665E-05],[5.35997E-04,3.57666E-05],[5.49652E-04,3.86455E-05]],[[1.45801E-03,3.51539E-05],[1.45159E-03,3.49532E-05],[1.44210E-03,3.49483E-05],[1.42211E-03,3.48905E-05],[1.40093E-03,3.47669E-05],[1.37165E-03,3.47875E-05],[1.33634E-03,3.50369E-05],[1.29715E-03,3.46860E-05],[1.25205E-03,3.48842E-05],[1.20329E-03,3.47471E-05],[1.14406E-03,3.49148E-05],[1.08656E-03,3.49638E-05],[1.02083E-03,3.48586E-05],[9.49601E-04,3.48743E-05],[8.78054E-04,3.50358E-05],[8.01573E-04,3.50976E-05],[7.23137E-04,3.48753E-05],[6.43621E-04,3.52047E-05],[5.69133E-04,3.54701E-05],[5.14011E-04,3.58393E-05],[5.27077E-04,3.86504E-05]],[[1.39330E-03,3.51324E-05],[1.38634E-03,3.48573E-05],[1.37675E-03,3.48442E-05],[1.35933E-03,3.48011E-05],[1.33737E-03,3.48598E-05],[1.30889E-03,3.49317E-05],[1.27672E-03,3.49250E-05],[1.23670E-03,3.49870E-05],[1.19330E-03,3.48789E-05],[1.14328E-03,3.48172E-05],[1.09266E-03,3.49136E-05],[1.03422E-03,3.48160E-05],[9.73224E-04,3.50457E-05],[9.08281E-04,3.48088E-05],[8.39321E-04,3.49995E-05],[7.65408E-04,3.48849E-05],[6.90292E-04,3.49752E-05],[6.14610E-04,3.50737E-05],[5.43162E-04,3.53350E-05],[4.90262E-04,3.59199E-05],[5.02791E-04,3.85671E-05]],[[1.32120E-03,3.50983E-05],[1.31509E-03,3.47481E-05],[1.30325E-03,3.48060E-05],[1.28653E-03,3.49125E-05],[1.26766E-03,3.48710E-05],[1.23996E-03,3.48905E-05],[1.20699E-03,3.48953E-05],[1.17202E-03,3.48659E-05],[1.13093E-03,3.48689E-05],[1.08458E-03,3.48346E-05],[1.03457E-03,3.48058E-05],[9.80080E-04,3.49514E-05],[9.22701E-04,3.49390E-05],[8.59457E-04,3.50567E-05],[7.94715E-04,3.48802E-05],[7.25076E-04,3.49465E-05],[6.53568E-04,3.51022E-05],[5.81653E-04,3.49071E-05],[5.14497E-04,3.54012E-05],[4.64569E-04,3.59028E-05],[4.77260E-04,3.86192E-05]],[[1.24272E-03,3.51037E-05],[1.23541E-03,3.50005E-05],[1.22572E-03,3.47388E-05],[1.21062E-03,3.50990E-05],[1.19083E-03,3.48516E-05],[1.16661E-03,3.49468E-05],[1.13762E-03,3.49139E-05],[1.10266E-03,3.48712E-05],[1.06301E-03,3.49937E-05],[1.02028E-03,3.48916E-05],[9.72759E-04,3.48307E-05],[9.22571E-04,3.47913E-05],[8.68377E-04,3.49103E-05],[8.08471E-04,3.49111E-05],[7.46628E-04,3.49386E-05],[6.82189E-04,3.49074E-05],[6.14978E-04,3.51062E-05],[5.47391E-04,3.51382E-05],[4.83843E-04,3.53802E-05],[4.36684E-04,3.58035E-05],[4.48781E-04,3.86668E-05]],[[1.15827E-03,3.50425E-05],[1.15347E-03,3.48692E-05],[1.14439E-03,3.49124E-05],[1.12999E-03,3.49670E-05],[1.11080E-03,3.48193E-05],[1.08783E-03,3.48102E-05],[1.05991E-03,3.48535E-05],[1.02858E-03,3.49432E-05],[9.92574E-04,3.48165E-05],[9.51760E-04,3.49769E-05],[9.07447E-04,3.47509E-05],[8.59983E-04,3.48711E-05],[8.09263E-04,3.49058E-05],[7.53344E-04,3.49583E-05],[6.96125E-04,3.48842E-05],[6.35966E-04,3.49528E-05],[5.73708E-04,3.50373E-05],[5.10508E-04,3.51443E-05],[4.51167E-04,3.53264E-05],[4.07853E-04,3.57677E-05],[4.18847E-04,3.86309E-05]],[[1.06978E-03,