{
  "seed":-1033638658,
  "pop":20000,
  "Inactive_Cycles":2000,
  "Active_Cycles":2500,
  "Total_CPU_Time":1.82151E+06,
  "Total_Transport_Time":2.21710E+04,
  "Time_Per_Integration":2.12318E-09,
  "Clock_Time":2.43596E+04,
  "keff":{
    "keff":[1.01615E+00,5.43885E-05]
  },
  "fissionRate":{
    "fissionRate":[[[1.76725E-03,3.36869E-05],[1.76074E-03,3.34286E-05],[1.74925E-03,3.32522E-05],[1.72581E-03,3.32899E-05],[1.69776E-03,3.31623E-05],[1.66445E-03,3.32441E-05],[1.62207E-03,3.33053E-05],[1.57247E-03,3.32628E-05],[1.51516E-03,3.32375E-05],[1.45442E-03,3.31257E-05],[1.38873E-03,3.32758E-05],[1.31423E-03,3.31409E-05],[1.23724E-03,3.32039E-05],[1.15302E-03,3.31793E-05],[1.06448E-03,3.30816E-05],[9.70933E-04,3.32801E-05],[8.75397E-04,3.31817E-05],[7.77896E-04,3.33328E-05],[6.85455E-04,3.36262E-05],[6.21214E-04,3.41486E-05],[6.41736E-04,3.68157E-05]],[[1.76046E-03,3.33875E-05],[1.75575E-03,3.30914E-05],[1.74012E-03,3.29180E-05],[1.71685E-03,3.31457E-05],[1.69224E-03,3.28559E-05],[1.65333E-03,3.29658E-05],[1.61537E-03,3.29852E-05],[1.56710E-03,3.29248E-05],[1.50923E-03,3.31612E-05],[1.44910E-03,3.29725E-05],[1.38365E-03,3.30114E-05],[1.30977E-03,3.27556E-05],[1.23133E-03,3.29557E-05],[1.14797E-03,3.29691E-05],[1.06006E-03,3.31151E-05],[9.67353E-04,3.29971E-05],[8.71622E-04,3.30583E-05],[7.73646E-04,3.31964E-05],[6.83315E-04,3.34435E-05],[6.18250E-04,3.39534E-05],[6.38368E-04,3.66650E-05]],[[1.74655E-03,3.31897E-05],[1.74083E-03,3.30964E-05],[1.72878E-03,3.29945E-05],[1.70431E-03,3.30371E-05],[1.67531E-03,3.29826E-05],[1.64095E-03,3.27364E-05],[1.60190E-03,3.28881E-05],[1.55294E-03,3.27131E-05],[1.49905E-03,3.29060E-05],[1.43752E-03,3.29157E-05],[1.37227E-03,3.27109E-05],[1.29989E-03,3.29780E-05],[1.22187E-03,3.29948E-05],[1.13985E-03,3.28371E-05],[1.05115E-03,3.29296E-05],[9.59252E-04,3.29798E-05],[8.63763E-04,3.31574E-05],[7.68664E-04,3.29437E-05],[6.78600E-04,3.32502E-05],[6.13850E-04,3.39023E-05],[6.32996E-04,3.66503E-05]],[[1.72613E-03,3.32589E-05],[1.71786E-03,3.29665E-05],[1.70458E-03,3.28886E-05],[1.68469E-03,3.31637E-05],[1.65490E-03,3.27625E-05],[1.62106E-03,3.30045E-05],[1.58048E-03,3.28455E-05],[1.53463E-03,3.28904E-05],[1.47928E-03,3.28755E-05],[1.41941E-03,3.29985E-05],[1.35507E-03,3.29359E-05],[1.28461E-03,3.29662E-05],[1.20650E-03,3.28001E-05],[1.12430E-03,3.28291E-05],[1.03818E-03,3.29740E-05],[9.47920E-04,3.30215E-05],[8.54063E-04,3.29260E-05],[7.58799E-04,3.30366E-05],[6.69754E-04,3.31021E-05],[6.05699E-04,3.38788E-05],[6.25379E-04,3.66993E-05]],[[1.69688E-03,3.31243E-05],[1.68936E-03,3.29150E-05],[1.67617E-03,3.28567E-05],[1.65702E-03,3.28987E-05],[1.62743E-03,3.28704E-05],[1.59470E-03,3.29384E-05],[1.55442E-03,3.28983E-05],[1.50823E-03,3.29519E-05],[1.45431E-03,3.28423E-05],[1.39728E-03,3.30642E-05],[1.33162E-03,3.27584E-05],[1.26174E-03,3.28892E-05],[1.18732E-03,3.28764E-05],[1.10611E-03,3.28123E-05],[1.02017E-03,3.29660E-05],[9.31955E-04,3.29000E-05],[8.39784E-04,3.31093E-05],[7.46502E-04,3.29714E-05],[6.57810E-04,3.32799E-05],[5.95591E-04,3.38479E-05],[6.16527E-04,3.64188E-05]],[[1.66144E-03,3.30767E-05],[1.65447E-03,3.29583E-05],[1.64131E-03,3.29982E-05],[1.62017E-03,3.28565E-05],[1.59471E-03,3.28361E-05],[1.56131E-03,3.27260E-05],[1.52304E-03,3.28843E-05],[1.47754E-03,3.26906E-05],[1.42599E-03,3.28628E-05],[1.36757E-03,3.29795E-05],[1.30438E-03,3.27735E-05],[1.23495E-03,3.29623E-05],[1.16206E-03,3.28888E-05],[1.08362E-03,3.30246E-05],[9.99757E-04,3.29857E-05],[9.12249E-04,3.29971E-05],[8.22112E-04,3.32125E-05],[7.29957E-04,3.29416E-05],[6.44808E-04,3.32886E-05],[5.83108E-04,3.40182E-05],[6.02463E-04,3.66387E-05]],[[1.61904E-03,3.33005E-05],[1.61141E-03,3.30510E-05],[1.59854E-03,3.28087E-05],[1.58056E-03,3.28288E-05],[1.55461E-03,3.28304E-05],[1.52146E-03,3.30103E-05],[1.48470E-03,3.28824E-05],[1.43936E-03,3.27765E-05],[1.39033E-03,3.28412E-05],[1.33047E-03,3.28194E-05],[1.27169E-03,3.27383E-05],[1.20363E-03,3.30305E-05],[1.13127E-03,3.29835E-05],[1.05610E-03,3.30034E-05],[9.75138E-04,3.28821E-05],[8.88597E-04,3.31398E-05],[8.00361E-04,3.31519E-05],[7.11980E-04,3.31224E-05],[6.27851E-04,3.33075E-05],[5.68004E-04,3.38381E-05],[5.87851E-04,3.64548E-05]],[[1.57069E-03,3.30963E-05],[1.56261E-03,3.29697E-05],[1.55109E-03,3.29455E-05],[1.53214E-03,3.28983E-05],[1.50724E-03,3.28485E-05],[1.47658E-03,3.29934E-05],[1.43974E-03,3.27871E-05],[1.39520E-03,3.29045E-05],[1.34492E-03,3.28725E-05],[1.29123E-03,3.27706E-05],[1.23247E-03,3.28980E-05],[1.16731E-03,3.27753E-05],[1.09840E-03,3.29002E-05],[1.02484E-03,3.28174E-05],[9.44701E-04,3.29438E-05],[8.62231E-04,3.29490E-05],[7.77110E-04,3.30146E-05],[6.90200E-04,3.29688E-05],[6.09795E-04,3.29800E-05],[5.51295E-04,3.38642E-05],[5.68958E-04,3.64004E-05]],[[1.51514E-03,3.32916E-05],[1.50821E-03,3.29530E-05],[1.49691E-03,3.28919E-05],[1.47775E-03,3.29828E-05],[1.45315E-03,3.28790E-05],[1.42651E-03,3.28733E-05],[1.38961E-03,3.29825E-05],[1.34778E-03,3.29131E-05],[1.30071E-03,3.27941E-05],[1.24699E-03,3.30106E-05],[1.19002E-03,3.27696E-05],[1.12689E-03,3.28940E-05],[1.05865E-03,3.29925E-05],[9.88416E-04,3.29867E-05],[9.12565E-04,3.29262E-05],[8.31294E-04,3.30112E-05],[7.48918E-04,3.30852E-05],[6.65927E-04,3.28134E-05],[5.88321E-04,3.33186E-05],[5.32038E-04,3.39666E-05],[5.50687E-04,3.64663E-05]],[[1.45403E-03,3.32108E-05],[1.44896E-03,3.29845E-05],[1.43381E-03,3.29759E-05],[1.41824E-03,3.29466E-05],[1.39519E-03,3.29468E-05],[1.36626E-03,3.28908E-05],[1.33148E-03,3.28774E-05],[1.29362E-03,3.29568E-05],[1.24704E-03,3.28670E-05],[1.19517E-03,3.30509E-05],[1.14168E-03,3.28650E-05],[1.08101E-03,3.28521E-05],[1.01834E-03,3.29519E-05],[9.48136E-04,3.29060E-05],[8.75758E-04,3.29451E-05],[7.98334E-04,3.28375E-05],[7.18899E-04,3.29531E-05],[6.39345E-04,3.31801E-05],[5.64462E-04,3.32160E-05],[5.10994E-04,3.38337E-05],[5.27822E-04,3.66082E-05]],[[1.38776E-03,3.30873E-05],[1.37950E-03,3.29399E-05],[1.37032E-03,3.28312E-05],[1.35200E-03,3.27475E-05],[1.33013E-03,3.29549E-05],[1.30418E-03,3.28486E-05],[1.26915E-03,3.28349E-05],[1.23355E-03,3.28965E-05],[1.18936E-03,3.28491E-05],[1.14164E-03,3.29841E-05],[1.08902E-03,3.30020E-05],[1.03182E-03,3.28478E-05],[9.69636E-04,3.28895E-05],[9.04119E-04,3.29645E-05],[8.34492E-04,3.28228E-05],[7.61436E-04,3.28895E-05],[6.86448E-04,3.29898E-05],[6.10164E-04,3.31461E-05],[5.38873E-04,3.31249E-05],[4.87980E-04,3.39034E-05],[5.04061E-04,3.64696E-05]],[[1.31362E-03,3.31727E-05],[1.30925E-03,3.28010E-05],[1.29787E-03,3.29194E-05],[1.28133E-03,3.29033E-05],[1.26059E-03,3.29126E-05],[1.23468E-03,3.27653E-05],[1.20495E-03,3.28957E-05],[1.16746E-03,3.26684E-05],[1.12716E-03,3.28857E-05],[1.08035E-03,3.28409E-05],[1.03160E-03,3.28202E-05],[9.75942E-04,3.28373E-05],[9.18494E-04,3.28215E-05],[8.56779E-04,3.29479E-05],[7.90419E-04,3.29012E-05],[7.21837E-04,3.29062E-05],[6.49275E-04,3.31296E-05],[5.78134E-04,3.30143E-05],[5.10480E-04,3.33627E-05],[4.61655E-04,3.40540E-05],[4.78031E-04,3.66415E-05]],[[1.23352E-03,3.32140E-05],[1.23024E-03,3.30275E-05],[1.21883E-03,3.29514E-05],[1.20491E-03,3.29678E-05],[1.18588E-03,3.29354E-05],[1.15998E-03,3.28669E-05],[1.13169E-03,3.30916E-05],[1.09830E-03,3.29908E-05],[1.06121E-03,3.29701E-05],[1.01736E-03,3.29413E-05],[9.70600E-04,3.28741E-05],[9.18458E-04,3.28393E-05],[8.64892E-04,3.29928E-05],[8.05365E-04,3.30656E-05],[7.43615E-04,3.29930E-05],[6.78640E-04,3.28320E-05],[6.11791E-04,3.30440E-05],[5.43129E-04,3.30704E-05],[4.79564E-04,3.33963E-05],[4.34197E-04,3.38422E-05],[4.48497E-04,3.65954E-05]],[[1.15138E-03,3.31961E-05],[1.14617E-03,3.29134E-05],[1.13659E-03,3.29569E-05],[1.12327E-03,3.28474E-05],[1.10432E-03,3.29901E-05],[1.08116E-03,3.30457E-05],[1.05316E-03,3.29868E-05],[1.02272E-03,3.29926E-05],[9.88100E-04,3.29593E-05],[9.49580E-04,3.27176E-05],[9.04368E-04,3.28303E-05],[8.56717E-04,3.29103E-05],[8.04401E-04,3.30534E-05],[7.50896E-04,3.28688E-05],[6.92963E-04,3.30012E-05],[6.32739E-04,3.30035E-05],[5.70750E-04,3.30262E-05],[5.07056E-04,3.31166E-05],[4.48454E-04,3.32747E-05],[4.05306E-04,3.39284E-05],[4.18812E-04,3.64725E-05]],