{
  "seed":352453452,
  "pop":20000,
  "Inactive_Cycles":2000,
  "Active_Cycles":2500,
  "Total_CPU_Time":1.46749E+06,
  "Total_Transport_Time":3.37106E+04,
  "Time_Per_Integration":3.22829E-09,
  "Clock_Time":3.75259E+04,
  "keff":{
    "keff":[1.01619E+00,5.54094E-05]
  },
  "fissionRate":{
    "fissionRate":[[[1.77008E-03,3.36562E-05],[1.76209E-03,3.33190E-05],[1.74829E-03,3.31984E-05],[1.72575E-03,3.32190E-05],[1.69518E-03,3.32387E-05],[1.66079E-03,3.30299E-05],[1.61793E-03,3.32726E-05],[1.57031E-03,3.33771E-05],[1.51592E-03,3.32435E-05],[1.45552E-03,3.30845E-05],[1.38861E-03,3.31355E-05],[1.31435E-03,3.31758E-05],[1.23721E-03,3.32595E-05],[1.15352E-03,3.31426E-05],[1.06278E-03,3.33281E-05],[9.70276E-04,3.33447E-05],[8.72583E-04,3.32298E-05],[7.76960E-04,3.33226E-05],[6.84907E-04,3.36952E-05],[6.19298E-04,3.41819E-05],[6.40606E-04,3.68265E-05]],[[1.76231E-03,3.32970E-05],[1.75508E-03,3.30985E-05],[1.73856E-03,3.30124E-05],[1.71853E-03,3.29434E-05],[1.68923E-03,3.29150E-05],[1.65461E-03,3.30225E-05],[1.61392E-03,3.29270E-05],[1.56602E-03,3.29732E-05],[1.51006E-03,3.29631E-05],[1.44983E-03,3.31302E-05],[1.38031E-03,3.29644E-05],[1.31010E-03,3.28612E-05],[1.23253E-03,3.30200E-05],[1.14701E-03,3.29061E-05],[1.05960E-03,3.30875E-05],[9.66239E-04,3.29441E-05],[8.70488E-04,3.31187E-05],[7.73111E-04,3.32135E-05],[6.82079E-04,3.33788E-05],[6.17244E-04,3.38967E-05],[6.37735E-04,3.67364E-05]],[[1.74724E-03,3.33311E-05],[1.74152E-03,3.30211E-05],[1.73026E-03,3.28657E-05],[1.70574E-03,3.28493E-05],[1.67759E-03,3.28129E-05],[1.64120E-03,3.29212E-05],[1.59990E-03,3.28648E-05],[1.55132E-03,3.29700E-05],[1.49690E-03,3.31146E-05],[1.43758E-03,3.30023E-05],[1.36852E-03,3.28592E-05],[1.29813E-03,3.30309E-05],[1.22001E-03,3.29003E-05],[1.13704E-03,3.30437E-05],[1.05080E-03,3.28431E-05],[9.59018E-04,3.30460E-05],[8.64018E-04,3.30522E-05],[7.67171E-04,3.31459E-05],[6.76821E-04,3.34696E-05],[6.13527E-04,3.37657E-05],[6.32626E-04,3.67212E-05]],[[1.73072E-03,3.31031E-05],[1.72079E-03,3.28957E-05],[1.70452E-03,3.29005E-05],[1.68282E-03,3.29586E-05],[1.65594E-03,3.29739E-05],[1.62246E-03,3.30729E-05],[1.58111E-03,3.28583E-05],[1.53203E-03,3.28702E-05],[1.47977E-03,3.29512E-05],[1.41885E-03,3.29294E-05],[1.35218E-03,3.29663E-05],[1.28141E-03,3.27629E-05],[1.20589E-03,3.30189E-05],[1.12345E-03,3.28951E-05],[1.03712E-03,3.30114E-05],[9.46981E-04,3.29282E-05],[8.51674E-04,3.30386E-05],[7.57518E-04,3.31063E-05],[6.68696E-04,3.32055E-05],[6.05489E-04,3.37844E-05],[6.26340E-04,3.66421E-05]],[[1.70156E-03,3.30647E-05],[1.69266E-03,3.28055E-05],[1.67585E-03,3.27624E-05],[1.65502E-03,3.30334E-05],[1.62880E-03,3.29833E-05],[1.59595E-03,3.30655E-05],[1.55395E-03,3.29361E-05],[1.50783E-03,3.30042E-05],[1.45365E-03,3.30028E-05],[1.39516E-03,3.29024E-05],[1.33194E-03,3.27721E-05],[1.26050E-03,3.30203E-05],[1.18608E-03,3.28848E-05],[1.10664E-03,3.29011E-05],[1.02056E-03,3.28640E-05],[9.31015E-04,3.27966E-05],[8.38260E-04,3.30858E-05],[7.44112E-04,3.29836E-05],[6.57538E-04,3.33223E-05],[5.95365E-04,3.38277E-05],[6.16036E-04,3.64348E-05]],[[1.66455E-03,3.32964E-05],[1.65741E-03,3.30003E-05],[1.64353E-03,3.29944E-05],[1.62253E-03,3.30144E-05],[1.59420E-03,3.27791E-05],[1.56127E-03,3.29621E-05],[1.52315E-03,3.29204E-05],[1.47695E-03,3.27700E-05],[1.42476E-03,3.28898E-05],[1.36614E-03,3.28695E-05],[1.30154E-03,3.29927E-05],[1.23513E-03,3.28497E-05],[1.16054E-03,3.29294E-05],[1.08308E-03,3.28232E-05],[9.98977E-04,3.29116E-05],[9.12549E-04,3.29119E-05],[8.20816E-04,3.29385E-05],[7.29391E-04,3.29917E-05],[6.43578E-04,3.33549E-05],[5.82558E-04,3.38897E-05],[6.02172E-04,3.64137E-05]],[[1.62112E-03,3.31022E-05],[1.61812E-03,3.28432E-05],[1.60174E-03,3.28480E-05],[1.58196E-03,3.27770E-05],[1.55606E-03,3.28292E-05],[1.52113E-03,3.29696E-05],[1.48448E-03,3.28634E-05],[1.43965E-03,3.29966E-05],[1.38856E-03,3.29183E-05],[1.33347E-03,3.28066E-05],[1.27004E-03,3.29203E-05],[1.20412E-03,3.27478E-05],[1.13156E-03,3.29120E-05],[1.05478E-03,3.29924E-05],[9.73601E-04,3.29552E-05],[8.88134E-04,3.29522E-05],[8.00462E-04,3.30585E-05],[7.11308E-04,3.31050E-05],[6.27963E-04,3.31379E-05],[5.67995E-04,3.38957E-05],[5.87878E-04,3.67569E-05]],[[1.57331E-03,3.33211E-05],[1.56531E-03,3.30538E-05],[1.55346E-03,3.29448E-05],[1.53389E-03,3.27804E-05],[1.50870E-03,3.27986E-05],[1.47679E-03,3.28642E-05],[1.43937E-03,3.28576E-05],[1.39639E-03,3.28635E-05],[1.34620E-03,3.29124E-05],[1.29207E-03,3.30891E-05],[1.23198E-03,3.29148E-05],[1.16816E-03,3.27947E-05],[1.09733E-03,3.28685E-05],[1.02262E-03,3.29741E-05],[9.43822E-04,3.29829E-05],[8.61681E-04,3.28122E-05],[7.76424E-04,3.30613E-05],[6.89821E-04,3.30607E-05],[6.10041E-04,3.33537E-05],[5.52237E-04,3.39128E-05],[5.69556E-04,3.65544E-05]],[[1.51823E-03,3.32254E-05],[1.50894E-03,3.29626E-05],[1.49918E-03,3.28429E-05],[1.47938E-03,3.28122E-05],[1.45580E-03,3.28431E-05],[1.42564E-03,3.29899E-05],[1.39114E-03,3.29070E-05],[1.34879E-03,3.27098E-05],[1.29809E-03,3.30146E-05],[1.24760E-03,3.28005E-05],[1.18848E-03,3.29400E-05],[1.12749E-03,3.28104E-05],[1.05878E-03,3.27696E-05],[9.87921E-04,3.28151E-05],[9.11758E-04,3.31113E-05],[8.31424E-04,3.28786E-05],[7.48714E-04,3.29219E-05],[6.65727E-04,3.30358E-05],[5.88973E-04,3.31623E-05],[5.32510E-04,3.39119E-05],[5.49221E-04,3.66639E-05]],[[1.45548E-03,3.30122E-05],[1.44949E-03,3.27893E-05],[1.43815E-03,3.28661E-05],[1.41897E-03,3.27999E-05],[1.39670E-03,3.28348E-05],[1.36864E-03,3.27757E-05],[1.33289E-03,3.27236E-05],[1.29247E-03,3.29275E-05],[1.24873E-03,3.28763E-05],[1.19742E-03,3.28259E-05],[1.14080E-03,3.28383E-05],[1.08086E-03,3.28124E-05],[1.01723E-03,3.30109E-05],[9.47956E-04,3.29810E-05],[8.76556E-04,3.29666E-05],[7.96810E-04,3.30385E-05],[7.18910E-04,3.31033E-05],[6.38985E-04,3.29954E-05],[5.64344E-04,3.33554E-05],[5.10910E-04,3.38524E-05],[5.27503E-04,3.65255E-05]],[[1.38800E-03,3.32540E-05],[1.38166E-03,3.30738E-05],[1.37201E-03,3.27497E-05],[1.35304E-03,3.29267E-05],[1.33322E-03,3.30162E-05],[1.30456E-03,3.29941E-05],[1.27201E-03,3.29224E-05],[1.23289E-03,3.28476E-05],[1.18903E-03,3.30265E-05],[1.14146E-03,3.29694E-05],[1.08892E-03,3.30203E-05],[1.03163E-03,3.27967E-05],[9.68771E-04,3.31134E-05],[9.03779E-04,3.29046E-05],[8.33543E-04,3.29830E-05],[7.60984E-04,3.29844E-05],[6.86151E-04,3.28664E-05],[6.10085E-04,3.30664E-05],[5.38532E-04,3.31598E-05],[4.87942E-04,3.40020E-05],[5.03332E-04,3.64651E-05]],[[1.31537E-03,3.32039E-05],[1.31042E-03,3.29995E-05],[1.30078E-03,3.28418E-05],[1.28319E-03,3.29156E-05],[1.26305E-03,3.28946E-05],[1.23518E-03,3.29494E-05],[1.20412E-03,3.29015E-05],[1.16930E-03,3.27028E-05],[1.12765E-03,3.30183E-05],[1.08078E-03,3.29256E-05],[1.03103E-03,3.29226E-05],[9.77508E-04,3.27032E-05],[9.17599E-04,3.27606E-05],[8.56496E-04,3.28231E-05],[7.91293E-04,3.29874E-05],[7.21335E-04,3.29663E-05],[6.49817E-04,3.30143E-05],[5.78012E-04,3.31389E-05],[5.10805E-04,3.32798E-05],[4.61365E-04,3.39495E-05],[4.77497E-04,3.65895E-05]],[[1.23740E-03,3.30967E-05],[1.23228E-03,3.30543E-05],[1.22176E-03,3.29970E-05],[1.20681E-03,3.29792E-05],[1.18644E-03,3.27146E-05],[1.16158E-03,3.29218E-05],[1.13318E-03,3.29411E-05],[1.09810E-03,3.28663E-05],[1.05831E-03,3.30165E-05],[1.01682E-03,3.28655E-05],[9.69526E-04,3.29202E-05],[9.18044E-04,3.30247E-05],[8.64087E-04,3.28003E-05],[8.05492E-04,3.30646E-05],[7.44255E-04,3.29147E-05],[6.78870E-04,3.30599E-05],[6.11258E-04,3.28514E-05],[5.43687E-04,3.29648E-05],[4.79888E-04,3.32774E-05],[4.34749E-04,3.38297E-05],[4.48547E-04,3.64825E-05]],[[1.15363E-03,3.30686E-05],[1.14866E-03,3.30074E-05],[1.13790E-03,3.28275E-05],[1.12553E-03,3.27802E-05],[1.10686E-03,3.28756E-05],[1.08124E-03,3.29979E-05],[1.05602E-03,3.29220E-05],[1.02338E-03,3.29748E-05],[9.87558E-04,3.27959E-05],[9.48900E-04,3.30099E-05],[9.03201E-04,3.29719E-05],[8.56159E-04,3.28624E-05],[8.05551E-04,3.30720E-05],[7.51068E-04,3.29963E-05],[6.93008E-04,3.28894E-05],[6.32658E-04,3.29319E-05],[5.70083E-04,3.28967E-05],[5.06428E-04,3.33084E-05],[4.47062E-04,3.32575E-05],[4.05379E-04,3.39389E-05],[4.19026E-04,3.65881E-05]],[[1.06468E-03,