{
  "seed":-1046698858,
  "pop":8000,
  "Inactive_Cycles":1200,
  "Active_Cycles":2500,
  "Total_CPU_Time":7.28710E+03,
  "Total_Transport_Time":7.42091E+02,
  "Time_Per_Integration":8.70054E-10,
  "Clock_Time":7.71729E+02,
  "keff":{
    "keff":[1.02316E+00,6.88277E-05]
  },
  "fissionRate":{
    "fissionRate":[[[2.18535E-03,9.11291E-05],[2.17063E-03,8.83535E-05],[2.15508E-03,8.71507E-05],[2.13014E-03,8.58320E-05],[2.09367E-03,8.65547E-05],[2.05329E-03,8.57056E-05],[2.00112E-03,8.68405E-05],[1.93904E-03,8.55099E-05],[1.87032E-03,8.68191E-05],[1.79461E-03,8.67774E-05],[1.71308E-03,8.61557E-05],[1.62526E-03,8.67422E-05],[1.52566E-03,8.67972E-05],[1.42118E-03,8.62913E-05],[1.31252E-03,8.67020E-05],[1.19961E-03,8.82600E-05],[1.08368E-03,8.73053E-05],[9.62363E-04,8.68836E-05],[8.55258E-04,8.73975E-05],[7.74841E-04,8.87874E-05],[8.02765E-04,9.61764E-05]],[[2.17200E-03,8.75588E-05],[2.16384E-03,8.51813E-05],[2.14824E-03,8.52989E-05],[2.12225E-03,8.47632E-05],[2.08725E-03,8.40505E-05],[2.04169E-03,8.42223E-05],[1.98859E-03,8.55104E-05],[1.93035E-03,8.37280E-05],[1.86497E-03,8.46161E-05],[1.78629E-03,8.45453E-05],[1.70609E-03,8.45445E-05],[1.61734E-03,8.38803E-05],[1.52267E-03,8.39224E-05],[1.42004E-03,8.47556E-05],[1.31125E-03,8.54373E-05],[1.19731E-03,8.49259E-05],[1.07969E-03,8.56013E-05],[9.62382E-04,8.57128E-05],[8.50430E-04,8.50905E-05],[7.72680E-04,8.72433E-05],[8.00241E-04,9.35710E-05]],[[2.15489E-03,8.77897E-05],[2.14934E-03,8.49034E-05],[2.13337E-03,8.34680E-05],[2.10264E-03,8.34369E-05],[2.06747E-03,8.45373E-05],[2.02466E-03,8.39428E-05],[1.97226E-03,8.48301E-05],[1.91469E-03,8.41344E-05],[1.84641E-03,8.50208E-05],[1.77553E-03,8.47871E-05],[1.69612E-03,8.30555E-05],[1.60317E-03,8.44464E-05],[1.50627E-03,8.37479E-05],[1.40650E-03,8.45704E-05],[1.30272E-03,8.45786E-05],[1.18547E-03,8.43590E-05],[1.06849E-03,8.53668E-05],[9.52516E-04,8.50284E-05],[8.43360E-04,8.57430E-05],[7.65159E-04,8.80585E-05],[7.91971E-04,9.44497E-05]],[[2.12826E-03,8.69717E-05],[2.12010E-03,8.51899E-05],[2.09984E-03,8.43493E-05],[2.07454E-03,8.41494E-05],[2.04260E-03,8.39764E-05],[1.99727E-03,8.50718E-05],[1.95021E-03,8.32866E-05],[1.89133E-03,8.40421E-05],[1.82407E-03,8.33496E-05],[1.75456E-03,8.48265E-05],[1.67266E-03,8.47426E-05],[1.58600E-03,8.37949E-05],[1.48918E-03,8.46101E-05],[1.38865E-03,8.42823E-05],[1.28518E-03,8.43101E-05],[1.17325E-03,8.53656E-05],[1.05573E-03,8.55593E-05],[9.40326E-04,8.46016E-05],[8.33087E-04,8.62385E-05],[7.55784E-04,8.66363E-05],[7.81467E-04,9.45988E-05]],[[2.08960E-03,8.53998E-05],[2.08380E-03,8.47312E-05],[2.06597E-03,8.44704E-05],[2.04115E-03,8.41751E-05],[2.00885E-03,8.26646E-05],[1.96580E-03,8.49384E-05],[1.91647E-03,8.39835E-05],[1.85816E-03,8.41007E-05],[1.79227E-03,8.38865E-05],[1.72296E-03,8.48245E-05],[1.64793E-03,8.42160E-05],[1.55919E-03,8.34786E-05],[1.46278E-03,8.36643E-05],[1.36568E-03,8.42812E-05],[1.26456E-03,8.44134E-05],[1.15426E-03,8.44383E-05],[1.04114E-03,8.43465E-05],[9.27239E-04,8.52110E-05],[8.21176E-04,8.50931E-05],[7.44883E-04,8.62425E-05],[7.69488E-04,9.46239E-05]],[[2.04979E-03,8.61155E-05],[2.03948E-03,8.47507E-05],[2.02380E-03,8.47515E-05],[1.99885E-03,8.44009E-05],[1.96703E-03,8.40071E-05],[1.92942E-03,8.38312E-05],[1.87627E-03,8.38952E-05],[1.81888E-03,8.47235E-05],[1.75577E-03,8.38854E-05],[1.68703E-03,8.46316E-05],[1.61108E-03,8.41463E-05],[1.52329E-03,8.36479E-05],[1.43522E-03,8.37209E-05],[1.34047E-03,8.44796E-05],[1.23895E-03,8.38294E-05],[1.12880E-03,8.42835E-05],[1.01945E-03,8.32049E-05],[9.09676E-04,8.42830E-05],[8.03441E-04,8.60575E-05],[7.29856E-04,8.71037E-05],[7.55406E-04,9.36016E-05]],[[2.00113E-03,8.64691E-05],[1.98811E-03,8.53963E-05],[1.97500E-03,8.34917E-05],[1.94867E-03,8.39219E-05],[1.91712E-03,8.37454E-05],[1.87713E-03,8.32805E-05],[1.83165E-03,8.38897E-05],[1.77629E-03,8.28470E-05],[1.71422E-03,8.36580E-05],[1.64819E-03,8.48833E-05],[1.57056E-03,8.42893E-05],[1.48710E-03,8.30511E-05],[1.40005E-03,8.28188E-05],[1.30371E-03,8.32685E-05],[1.20686E-03,8.30578E-05],[1.10105E-03,8.29826E-05],[9.95513E-04,8.31652E-05],[8.85780E-04,8.51445E-05],[7.83528E-04,8.45621E-05],[7.10347E-04,8.71790E-05],[7.38240E-04,9.33091E-05]],[[1.93718E-03,8.58881E-05],[1.92647E-03,8.52675E-05],[1.91582E-03,8.45169E-05],[1.89010E-03,8.42067E-05],[1.85829E-03,8.51779E-05],[1.82155E-03,8.34913E-05],[1.77452E-03,8.43866E-05],[1.72155E-03,8.35330E-05],[1.66404E-03,8.44475E-05],[1.59846E-03,8.48019E-05],[1.52475E-03,8.43876E-05],[1.44337E-03,8.39203E-05],[1.35640E-03,8.45321E-05],[1.26843E-03,8.38870E-05],[1.17067E-03,8.39539E-05],[1.06954E-03,8.40625E-05],[9.64523E-04,8.42388E-05],[8.62129E-04,8.54866E-05],[7.60499E-04,8.52333E-05],[6.89627E-04,8.68834E-05],[7.13713E-04,9.40751E-05]],[[1.86601E-03,8.65433E-05],[1.86056E-03,8.32394E-05],[1.84692E-03,8.39952E-05],[1.82565E-03,8.40473E-05],[1.79410E-03,8.43019E-05],[1.75789E-03,8.43665E-05],[1.71372E-03,8.32098E-05],[1.66433E-03,8.34212E-05],[1.60221E-03,8.39542E-05],[1.53839E-03,8.43684E-05],[1.46797E-03,8.51490E-05],[1.39017E-03,8.44593E-05],[1.30801E-03,8.42605E-05],[1.22277E-03,8.40468E-05],[1.12913E-03,8.39952E-05],[1.03101E-03,8.44579E-05],[9.30726E-04,8.41153E-05],[8.30272E-04,8.52229E-05],[7.35590E-04,8.54123E-05],[6.65321E-04,8.72625E-05],[6.89772E-04,9.33997E-05]],[[1.79409E-03,8.63853E-05],[1.79025E-03,8.39565E-05],[1.77612E-03,8.45333E-05],[1.75323E-03,8.40203E-05],[1.72463E-03,8.37647E-05],[1.68544E-03,8.45789E-05],[1.64425E-03,8.45662E-05],[1.59626E-03,8.44493E-05],[1.53875E-03,8.46141E-05],[1.47808E-03,8.44713E-05],[1.41006E-03,8.39228E-05],[1.33735E-03,8.39876E-05],[1.25612E-03,8.41379E-05],[1.17299E-03,8.32475E-05],[1.08461E-03,8.44173E-05],[9.89881E-04,8.46631E-05],[8.95507E-04,8.47595E-05],[7.94775E-04,8.46570E-05],[7.03183E-04,8.50735E-05],[6.38755E-04,8.70388E-05],[6.61850E-04,9.41330E-05]],[[1.71084E-03,8.55433E-05],[1.70402E-03,8.44753E-05],[1.68986E-03,8.44379E-05],[1.67023E-03,8.43306E-05],[1.64260E-03,8.33593E-05],[1.61013E-03,8.48192E-05],[1.56729E-03,8.42526E-05],[1.52531E-03,8.40265E-05],[1.46966E-03,8.38655E-05],[1.41100E-03,8.32861E-05],[1.34698E-03,8.44033E-05],[1.27519E-03,8.39923E-05],[1.19996E-03,8.43137E-05],[1.11919E-03,8.37258E-05],[1.03306E-03,8.42727E-05],[9.42480E-04,8.50756E-05],[8.53134E-04,8.46540E-05],[7.58360E-04,8.52009E-05],[6.71793E-04,8.64175E-05],[6.11121E-04,8.76464E-05],[6.33033E-04,9.41581E-05]],[[1.62447E-03,8.65591E-05],[1.61378E-03,8.36960E-05],[1.60307E-03,8.46510E-05],[1.58563E-03,8.50353E-05],[1.55843E-03,8.47129E-05],[1.52596E-03,8.33273E-05],[1.48912E-03,8.46232E-05],[1.43917E-03,8.33347E-05],[1.38948E-03,8.42700E-05],[1.33793E-03,8.52609E-05],[1.27539E-03,8.33890E-05],[1.20806E-03,8.41814E-05],[1.13692E-03,8.42901E-05],[1.06266E-03,8.39333E-05],[9.77869E-04,8.47494E-05],[8.94936E-04,8.45975E-05],[8.07049E-04,8.51379E-05],[7.19499E-04,8.48249E-05],[6.36685E-04,8.57124E-05],[5.79748E-04,8.73189E-05],[5.99702E-04,9.40722E-05]],[[1.52541E-03,8.71353E-05],[1.52383E-03,8.43188E-05],[1.51066E-03,8.40823E-05],[1.49070E-03,8.46508E-05],[1.46526E-03,8.45061E-05],[1.43525E-03,8.38810E-05],[1.40091E-03,8.35453E-05],[1.35877E-03,8.43010E-05],[1.31294E-03,8.34348E-05],[1.25974E-03,8.34752E-05],[1.20271E-03,8.45523E-05],[1.13765E-03,8.35362E-05],[1.07072E-03,8.48234E-05],[9.97576E-04,8.46042E-05],[9.18572E-04,8.40817E-05],[8.41787E-04,8.47436E-05],[7.61151E-04,8.48704E-05],[6.77715E-04,8.50756E-05],[5.98096E-04,8.52013E-05],[5.44939E-04,8.80904E-05],[5.64428E-04,9.44604E-05]],[[1.42525E-03,8.66576E-05],[1.41849E-03,8.39227E-05],[1.40791E-03,8.47051E-05],[1.38823E-03,8.43299E-05],[1.36942E-03,8.52782E-05],[1.34083E-03,8.43536E-05],[1.30696E-03,8.41840E-05],[1.26712E-03,8.43451E-05],[1.22085E-03,8.46047E-05],[1.17106E-03,8.39984E-05],[1.12074E-03,8.39156E-05],[1.05883E-03,8.46305E-05],[9.96859E-04,8.42829E-05],[9.31145E-04,8.44952E-05],[8.59798E-04,8.50642E-05],[7.85664E-04,8.45703E-05],[7.08862E-04,8.42895E-05],[6.32067E-04,8.50316E-05],[5.59220E-04,8.57199E-05],[5.07315E-04,8.68061E-05],[5.25428E-04,9.51542E-05]],[[1.31673E-03,