{
  "seed":-817396653,
  "pop":8000,
  "Inactive_Cycles":1200,
  "Active_Cycles":2500,
  "Total_CPU_Time":1.99252E+04,
  "Total_Transport_Time":2.01531E+03,
  "Time_Per_Integration":2.36253E-09,
  "Clock_Time":2.12176E+03,
  "keff":{
    "keff":[1.01490E+00,1.03678E-04]
  },
  "fissionRate":{
    "fissionRate":[[[2.17288E-03,1.18694E-04],[2.16671E-03,1.14222E-04],[2.14402E-03,1.13854E-04],[2.12243E-03,1.14590E-04],[2.08637E-03,1.12576E-04],[2.04304E-03,1.12095E-04],[1.99529E-03,1.12778E-04],[1.93070E-03,1.12972E-04],[1.86541E-03,1.13775E-04],[1.79020E-03,1.11511E-04],[1.70378E-03,1.15679E-04],[1.61442E-03,1.16277E-04],[1.51854E-03,1.16099E-04],[1.41314E-03,1.15454E-04],[1.30202E-03,1.15627E-04],[1.18940E-03,1.14288E-04],[1.07047E-03,1.14013E-04],[9.51581E-04,1.15106E-04],[8.39172E-04,1.15057E-04],[7.58255E-04,1.16560E-04],[7.86497E-04,1.26905E-04]],[[2.16395E-03,1.14834E-04],[2.15773E-03,1.11449E-04],[2.14270E-03,1.10017E-04],[2.11651E-03,1.10044E-04],[2.08094E-03,1.09602E-04],[2.03226E-03,1.09241E-04],[1.98274E-03,1.08359E-04],[1.92725E-03,1.08757E-04],[1.85618E-03,1.10197E-04],[1.78365E-03,1.09522E-04],[1.69939E-03,1.12510E-04],[1.60794E-03,1.13768E-04],[1.51163E-03,1.12310E-04],[1.40622E-03,1.10642E-04],[1.29900E-03,1.11002E-04],[1.18630E-03,1.11942E-04],[1.06665E-03,1.10578E-04],[9.48138E-04,1.11056E-04],[8.37224E-04,1.11480E-04],[7.55161E-04,1.11484E-04],[7.79748E-04,1.23430E-04]],[[2.14841E-03,1.14021E-04],[2.14241E-03,1.11075E-04],[2.12298E-03,1.10796E-04],[2.09717E-03,1.11282E-04],[2.06080E-03,1.09580E-04],[2.02415E-03,1.06756E-04],[1.97080E-03,1.08180E-04],[1.90600E-03,1.09158E-04],[1.83798E-03,1.10264E-04],[1.75921E-03,1.08407E-04],[1.68222E-03,1.10407E-04],[1.59265E-03,1.09953E-04],[1.49969E-03,1.10651E-04],[1.39644E-03,1.11699E-04],[1.29097E-03,1.10806E-04],[1.17652E-03,1.10030E-04],[1.05810E-03,1.12578E-04],[9.42959E-04,1.12075E-04],[8.29529E-04,1.11858E-04],[7.48999E-04,1.13208E-04],[7.75241E-04,1.21489E-04]],[[2.12674E-03,1.12127E-04],[2.12068E-03,1.10004E-04],[2.10617E-03,1.12628E-04],[2.07357E-03,1.12277E-04],[2.04007E-03,1.10687E-04],[1.99565E-03,1.06210E-04],[1.94571E-03,1.07445E-04],[1.88616E-03,1.09090E-04],[1.81937E-03,1.08896E-04],[1.74303E-03,1.09909E-04],[1.66841E-03,1.09344E-04],[1.57399E-03,1.07674E-04],[1.48571E-03,1.07808E-04],[1.38028E-03,1.09139E-04],[1.27551E-03,1.09728E-04],[1.16087E-03,1.10760E-04],[1.04431E-03,1.11591E-04],[9.26149E-04,1.14725E-04],[8.19630E-04,1.12277E-04],[7.39397E-04,1.14282E-04],[7.64553E-04,1.21203E-04]],[[2.09038E-03,1.15000E-04],[2.07378E-03,1.11130E-04],[2.06453E-03,1.10856E-04],[2.04339E-03,1.12632E-04],[2.00477E-03,1.11337E-04],[1.96355E-03,1.10320E-04],[1.91421E-03,1.07714E-04],[1.85387E-03,1.09103E-04],[1.78656E-03,1.09057E-04],[1.71328E-03,1.10574E-04],[1.63785E-03,1.09229E-04],[1.54922E-03,1.07937E-04],[1.45435E-03,1.09014E-04],[1.35612E-03,1.09067E-04],[1.25047E-03,1.09963E-04],[1.14433E-03,1.11478E-04],[1.02542E-03,1.13968E-04],[9.15070E-04,1.11397E-04],[8.04241E-04,1.13776E-04],[7.28343E-04,1.13757E-04],[7.53700E-04,1.23197E-04]],[[2.04724E-03,1.16528E-04],[2.03595E-03,1.12704E-04],[2.01862E-03,1.11410E-04],[1.99410E-03,1.13140E-04],[1.96107E-03,1.14591E-04],[1.92187E-03,1.14355E-04],[1.87015E-03,1.09623E-04],[1.81924E-03,1.09131E-04],[1.75211E-03,1.10777E-04],[1.67929E-03,1.10372E-04],[1.60311E-03,1.10570E-04],[1.51915E-03,1.08999E-04],[1.42419E-03,1.08722E-04],[1.32916E-03,1.10451E-04],[1.22654E-03,1.12421E-04],[1.11924E-03,1.13671E-04],[1.00563E-03,1.14509E-04],[8.93456E-04,1.14800E-04],[7.89338E-04,1.13559E-04],[7.11880E-04,1.12468E-04],[7.37278E-04,1.24415E-04]],[[1.99541E-03,1.15254E-04],[1.98324E-03,1.12176E-04],[1.96925E-03,1.12667E-04],[1.94657E-03,1.14678E-04],[1.91229E-03,1.14857E-04],[1.87536E-03,1.18435E-04],[1.82413E-03,1.15400E-04],[1.77056E-03,1.10126E-04],[1.70664E-03,1.07466E-04],[1.63465E-03,1.07148E-04],[1.55783E-03,1.08508E-04],[1.48124E-03,1.10377E-04],[1.38949E-03,1.09434E-04],[1.29566E-03,1.08992E-04],[1.19352E-03,1.12557E-04],[1.08814E-03,1.14263E-04],[9.81815E-04,1.12481E-04],[8.72042E-04,1.13538E-04],[7.69493E-04,1.10439E-04],[6.94438E-04,1.11332E-04],[7.18402E-04,1.19426E-04]],[[1.93188E-03,1.20663E-04],[1.92934E-03,1.15779E-04],[1.91474E-03,1.12908E-04],[1.89246E-03,1.12470E-04],[1.84983E-03,1.15132E-04],[1.82059E-03,1.14110E-04],[1.76836E-03,1.13253E-04],[1.71533E-03,1.07452E-04],[1.65732E-03,1.07463E-04],[1.58408E-03,1.08592E-04],[1.51446E-03,1.08911E-04],[1.43860E-03,1.11587E-04],[1.34761E-03,1.11073E-04],[1.25564E-03,1.12202E-04],[1.15848E-03,1.14664E-04],[1.05537E-03,1.16403E-04],[9.51062E-04,1.13032E-04],[8.46612E-04,1.12996E-04],[7.46446E-04,1.13089E-04],[6.75371E-04,1.10710E-04],[6.96571E-04,1.19111E-04]],[[1.86602E-03,1.24071E-04],[1.85422E-03,1.18084E-04],[1.84405E-03,1.14482E-04],[1.81722E-03,1.14080E-04],[1.78633E-03,1.13297E-04],[1.75425E-03,1.09983E-04],[1.70805E-03,1.10694E-04],[1.65364E-03,1.11706E-04],[1.59756E-03,1.09169E-04],[1.53481E-03,1.09614E-04],[1.46211E-03,1.10147E-04],[1.38516E-03,1.12736E-04],[1.30050E-03,1.13186E-04],[1.21580E-03,1.12792E-04],[1.11782E-03,1.11844E-04],[1.02044E-03,1.13569E-04],[9.17485E-04,1.11765E-04],[8.17273E-04,1.13317E-04],[7.18524E-04,1.12077E-04],[6.52490E-04,1.14210E-04],[6.75020E-04,1.20807E-04]],[[1.78458E-03,1.22461E-04],[1.78123E-03,1.16761E-04],[1.77044E-03,1.18004E-04],[1.74609E-03,1.16078E-04],[1.71549E-03,1.15319E-04],[1.68073E-03,1.11052E-04],[1.64280E-03,1.12355E-04],[1.59047E-03,1.10847E-04],[1.53528E-03,1.10220E-04],[1.47007E-03,1.11771E-04],[1.40209E-03,1.12990E-04],[1.32795E-03,1.13203E-04],[1.25153E-03,1.14972E-04],[1.16653E-03,1.15357E-04],[1.07434E-03,1.11928E-04],[9.78932E-04,1.14320E-04],[8.82103E-04,1.12768E-04],[7.82668E-04,1.13205E-04],[6.92717E-04,1.11814E-04],[6.25282E-04,1.13488E-04],[6.45870E-04,1.22150E-04]],[[1.70392E-03,1.26146E-04],[1.70008E-03,1.18809E-04],[1.68568E-03,1.16603E-04],[1.66096E-03,1.16609E-04],[1.63643E-03,1.15573E-04],[1.60098E-03,1.12956E-04],[1.56344E-03,1.13713E-04],[1.51279E-03,1.12605E-04],[1.46043E-03,1.12828E-04],[1.40481E-03,1.15068E-04],[1.34175E-03,1.14483E-04],[1.26825E-03,1.13946E-04],[1.19437E-03,1.15174E-04],[1.11029E-03,1.13412E-04],[1.02561E-03,1.14165E-04],[9.33565E-04,1.12080E-04],[8.39848E-04,1.13066E-04],[7.46882E-04,1.11822E-04],[6.58681E-04,1.14122E-04],[5.97162E-04,1.14952E-04],[6.17449E-04,1.23437E-04]],[[1.61732E-03,1.24620E-04],[1.61101E-03,1.17935E-04],[1.59435E-03,1.16831E-04],[1.57591E-03,1.14544E-04],[1.54990E-03,1.14418E-04],[1.51699E-03,1.13384E-04],[1.47706E-03,1.13818E-04],[1.43333E-03,1.12884E-04],[1.38957E-03,1.11488E-04],[1.32884E-03,1.12603E-04],[1.26681E-03,1.13012E-04],[1.20239E-03,1.12436E-04],[1.13025E-03,1.12295E-04],[1.05186E-03,1.14908E-04],[9.72659E-04,1.13612E-04],[8.86597E-04,1.12349E-04],[7.97718E-04,1.10758E-04],[7.08717E-04,1.09749E-04],[6.24694E-04,1.12976E-04],[5.63679E-04,1.12708E-04],[5.85138E-04,1.20562E-04]],[[1.51776E-03,1.25608E-04],[1.51146E-03,1.20024E-04],[1.50304E-03,1.15904E-04],[1.48285E-03,1.14588E-04],[1.45550E-03,1.15195E-04],[1.42694E-03,1.13208E-04],[1.39430E-03,1.12942E-04],[1.35166E-03,1.11403E-04],[1.30153E-03,1.12224E-04],[1.24877E-03,1.11941E-04],[1.19305E-03,1.13399E-04],[1.12752E-03,1.12749E-04],[1.06236E-03,1.09906E-04],[9.91102E-04,1.10515E-04],[9.13938E-04,1.12394E-04],[8.35454E-04,1.10787E-04],[7.49893E-04,1.10857E-04],[6.65350E-04,1.09229E-04],[5.87801E-04,1.10408E-04],[5.31480E-04,1.12166E-04],[5.48989E-04,1.22305E-04]],[[1.41636E-03,1.24880E-04],[1.41384E-03,1.17815E-04],[1.39786E-03,1.15739E-04],[1.37883E-03,1.12806E-04],[1.35759E-03,1.12720E-04],[1.32996E-03,1.11232E-04],[1.30144E-03,1.11709E-04],[1.25611E-03,1.11589E-04],[1.21435E-03,1.12585E-04],[1.16633E-03,1.13444E-04],[1.10951E-03,1.11609E-04],[1.05322E-03,1.10174E-04],[9.88758E-04,1.09657E-04],[9.20325E-04,1.08091E-04],[8.49360E-04,1.09500E-04],[7.76450E-04,1.09992E-04],[6.99198E-04,1.08621E-04],[6.20197E-04,1.11375E-04],[5.49007E-04,1.11838E-04],[4.96302E-04,1.12726E-04],[5.12099E-04,1.20764E-04]],[[1.30592E-03,