{
  "seed":215683745,
  "pop":8000,
  "Inactive_Cycles":1200,
  "Active_Cycles":2500,
  "Total_CPU_Time":2.09399E+04,
  "Total_Transport_Time":1.96149E+03,
  "Time_Per_Integration":2.26268E-09,
  "Clock_Time":2.08530E+03,
  "keff":{
    "keff":[1.01460E+00,7.50775E-05]
  },
  "fissionRate":{
    "fissionRate":[[[2.17946E-03,8.90825E-05],[2.17242E-03,8.56972E-05],[2.15440E-03,8.58385E-05],[2.13068E-03,8.57719E-05],[2.08959E-03,8.61394E-05],[2.05275E-03,8.53672E-05],[2.00389E-03,8.54261E-05],[1.93738E-03,8.62635E-05],[1.87012E-03,8.63737E-05],[1.79624E-03,8.47893E-05],[1.70980E-03,8.59878E-05],[1.61708E-03,8.55461E-05],[1.52095E-03,8.64239E-05],[1.41699E-03,8.49198E-05],[1.30710E-03,8.48531E-05],[1.19340E-03,8.65071E-05],[1.07284E-03,8.61209E-05],[9.51965E-04,8.71389E-05],[8.41442E-04,8.67732E-05],[7.56452E-04,8.81577E-05],[7.78213E-04,9.67239E-05]],[[2.16977E-03,8.68579E-05],[2.16527E-03,8.36758E-05],[2.14729E-03,8.37711E-05],[2.12057E-03,8.42760E-05],[2.08279E-03,8.38587E-05],[2.04114E-03,8.42380E-05],[1.99137E-03,8.42583E-05],[1.93083E-03,8.30108E-05],[1.86102E-03,8.41534E-05],[1.78749E-03,8.34567E-05],[1.70056E-03,8.38127E-05],[1.61021E-03,8.40920E-05],[1.51734E-03,8.31640E-05],[1.41257E-03,8.46489E-05],[1.30247E-03,8.26138E-05],[1.18614E-03,8.34234E-05],[1.06679E-03,8.30483E-05],[9.48125E-04,8.49466E-05],[8.37121E-04,8.50870E-05],[7.53246E-04,8.61225E-05],[7.74809E-04,9.52255E-05]],[[2.15237E-03,8.65657E-05],[2.14511E-03,8.34811E-05],[2.12758E-03,8.40884E-05],[2.10483E-03,8.46225E-05],[2.06736E-03,8.37776E-05],[2.02835E-03,8.27216E-05],[1.97763E-03,8.38263E-05],[1.91301E-03,8.34498E-05],[1.84716E-03,8.36559E-05],[1.77090E-03,8.26352E-05],[1.69067E-03,8.31342E-05],[1.59995E-03,8.29275E-05],[1.50379E-03,8.32409E-05],[1.40113E-03,8.34057E-05],[1.29087E-03,8.34294E-05],[1.17596E-03,8.33234E-05],[1.05755E-03,8.34612E-05],[9.38629E-04,8.43651E-05],[8.28506E-04,8.49475E-05],[7.44785E-04,8.62861E-05],[7.67950E-04,9.31989E-05]],[[2.12369E-03,8.68243E-05],[2.11887E-03,8.34113E-05],[2.10029E-03,8.40243E-05],[2.07900E-03,8.34817E-05],[2.04106E-03,8.43782E-05],[1.99852E-03,8.26980E-05],[1.94773E-03,8.40500E-05],[1.88593E-03,8.36874E-05],[1.82312E-03,8.39593E-05],[1.75127E-03,8.30864E-05],[1.66966E-03,8.31337E-05],[1.58041E-03,8.37031E-05],[1.48324E-03,8.34547E-05],[1.38451E-03,8.20533E-05],[1.27645E-03,8.35727E-05],[1.16096E-03,8.26677E-05],[1.04783E-03,8.35062E-05],[9.29506E-04,8.40635E-05],[8.17521E-04,8.44192E-05],[7.36939E-04,8.60899E-05],[7.59133E-04,9.22313E-05]],[[2.08780E-03,8.59717E-05],[2.08352E-03,8.32357E-05],[2.06871E-03,8.31362E-05],[2.04132E-03,8.45504E-05],[2.01371E-03,8.28838E-05],[1.96733E-03,8.31090E-05],[1.92156E-03,8.33398E-05],[1.85992E-03,8.36585E-05],[1.79589E-03,8.25583E-05],[1.72412E-03,8.31688E-05],[1.64516E-03,8.32121E-05],[1.55261E-03,8.30507E-05],[1.46130E-03,8.41495E-05],[1.35965E-03,8.42549E-05],[1.25661E-03,8.32069E-05],[1.14389E-03,8.31426E-05],[1.02817E-03,8.36751E-05],[9.12490E-04,8.34482E-05],[8.03149E-04,8.47102E-05],[7.27095E-04,8.67037E-05],[7.45946E-04,9.31108E-05]],[[2.05067E-03,8.62813E-05],[2.04341E-03,8.39176E-05],[2.02374E-03,8.32480E-05],[1.99920E-03,8.31208E-05],[1.97050E-03,8.32085E-05],[1.92655E-03,8.40463E-05],[1.87660E-03,8.26346E-05],[1.81772E-03,8.37040E-05],[1.75857E-03,8.24576E-05],[1.68697E-03,8.36482E-05],[1.60438E-03,8.25392E-05],[1.52051E-03,8.29859E-05],[1.42952E-03,8.30291E-05],[1.33217E-03,8.28343E-05],[1.23047E-03,8.30178E-05],[1.12157E-03,8.28663E-05],[1.00725E-03,8.28119E-05],[8.95903E-04,8.34032E-05],[7.86671E-04,8.43331E-05],[7.10062E-04,8.60008E-05],[7.31504E-04,9.21183E-05]],[[2.00331E-03,8.56416E-05],[1.98867E-03,8.33864E-05],[1.97272E-03,8.28839E-05],[1.94841E-03,8.41643E-05],[1.91608E-03,8.36601E-05],[1.87587E-03,8.34906E-05],[1.82799E-03,8.30369E-05],[1.77431E-03,8.28867E-05],[1.71425E-03,8.32687E-05],[1.64213E-03,8.29883E-05],[1.56682E-03,8.35380E-05],[1.48294E-03,8.28194E-05],[1.39226E-03,8.29583E-05],[1.29851E-03,8.35424E-05],[1.19748E-03,8.29038E-05],[1.09187E-03,8.38567E-05],[9.82546E-04,8.25422E-05],[8.72814E-04,8.41504E-05],[7.68711E-04,8.37975E-05],[6.92261E-04,8.61855E-05],[7.11754E-04,9.33651E-05]],[[1.93497E-03,8.68330E-05],[1.93039E-03,8.33843E-05],[1.91669E-03,8.40763E-05],[1.89126E-03,8.35694E-05],[1.85283E-03,8.33890E-05],[1.81885E-03,8.32082E-05],[1.77174E-03,8.28779E-05],[1.72008E-03,8.26842E-05],[1.66202E-03,8.34981E-05],[1.59517E-03,8.33135E-05],[1.51855E-03,8.35055E-05],[1.43594E-03,8.26411E-05],[1.35145E-03,8.39043E-05],[1.26111E-03,8.30040E-05],[1.16437E-03,8.31077E-05],[1.05894E-03,8.39373E-05],[9.51072E-04,8.45945E-05],[8.45192E-04,8.46607E-05],[7.45091E-04,8.42180E-05],[6.72096E-04,8.55042E-05],[6.92204E-04,9.27937E-05]],[[1.86877E-03,8.47037E-05],[1.85793E-03,8.41306E-05],[1.84125E-03,8.43514E-05],[1.82350E-03,8.35440E-05],[1.79033E-03,8.29309E-05],[1.75396E-03,8.19961E-05],[1.71123E-03,8.25681E-05],[1.65939E-03,8.29369E-05],[1.60307E-03,8.36042E-05],[1.53630E-03,8.28080E-05],[1.46671E-03,8.26152E-05],[1.38719E-03,8.34790E-05],[1.30245E-03,8.27251E-05],[1.21557E-03,8.31394E-05],[1.12072E-03,8.36765E-05],[1.02305E-03,8.38211E-05],[9.18855E-04,8.34780E-05],[8.17391E-04,8.41988E-05],[7.19624E-04,8.45824E-05],[6.48977E-04,8.59319E-05],[6.68252E-04,9.44753E-05]],[[1.79348E-03,8.59341E-05],[1.78560E-03,8.53831E-05],[1.77087E-03,8.31778E-05],[1.74857E-03,8.42632E-05],[1.71462E-03,8.27141E-05],[1.68287E-03,8.26090E-05],[1.64204E-03,8.24533E-05],[1.59252E-03,8.25274E-05],[1.53913E-03,8.37380E-05],[1.47520E-03,8.40361E-05],[1.40190E-03,8.39181E-05],[1.33116E-03,8.27582E-05],[1.24934E-03,8.35270E-05],[1.16346E-03,8.23527E-05],[1.07707E-03,8.28704E-05],[9.80719E-04,8.39277E-05],[8.80970E-04,8.37002E-05],[7.82231E-04,8.46237E-05],[6.89877E-04,8.43069E-05],[6.21038E-04,8.48251E-05],[6.40091E-04,9.40160E-05]],[[1.70893E-03,8.55246E-05],[1.70274E-03,8.46711E-05],[1.68615E-03,8.46275E-05],[1.66459E-03,8.33034E-05],[1.63957E-03,8.31794E-05],[1.60372E-03,8.31189E-05],[1.56322E-03,8.26110E-05],[1.51711E-03,8.28314E-05],[1.46589E-03,8.38303E-05],[1.40329E-03,8.34508E-05],[1.33820E-03,8.34073E-05],[1.26828E-03,8.36186E-05],[1.19078E-03,8.33824E-05],[1.11169E-03,8.25861E-05],[1.02261E-03,8.36785E-05],[9.31962E-04,8.46326E-05],[8.41779E-04,8.53542E-05],[7.46252E-04,8.37720E-05],[6.58020E-04,8.38733E-05],[5.90700E-04,8.55179E-05],[6.09668E-04,9.39554E-05]],[[1.61833E-03,8.65007E-05],[1.61268E-03,8.30849E-05],[1.59842E-03,8.35556E-05],[1.57806E-03,8.21398E-05],[1.55068E-03,8.31858E-05],[1.51769E-03,8.41260E-05],[1.48111E-03,8.26658E-05],[1.43909E-03,8.28735E-05],[1.38540E-03,8.30758E-05],[1.32943E-03,8.38536E-05],[1.26500E-03,8.36565E-05],[1.20023E-03,8.27606E-05],[1.12840E-03,8.34583E-05],[1.05371E-03,8.36214E-05],[9.72235E-04,8.41438E-05],[8.83672E-04,8.28717E-05],[7.96371E-04,8.30739E-05],[7.05964E-04,8.39945E-05],[6.22709E-04,8.37716E-05],[5.61405E-04,8.57114E-05],[5.79174E-04,9.35591E-05]],[[1.51864E-03,8.49128E-05],[1.51333E-03,8.34625E-05],[1.49977E-03,8.29360E-05],[1.48160E-03,8.36237E-05],[1.46100E-03,8.27419E-05],[1.42753E-03,8.33917E-05],[1.39399E-03,8.18844E-05],[1.35197E-03,8.42914E-05],[1.30036E-03,8.32545E-05],[1.24955E-03,8.33898E-05],[1.19087E-03,8.23476E-05],[1.12634E-03,8.37425E-05],[1.05961E-03,8.31354E-05],[9.87389E-04,8.40129E-05],[9.12859E-04,8.39013E-05],[8.30620E-04,8.40553E-05],[7.49444E-04,8.33566E-05],[6.64550E-04,8.40964E-05],[5.85472E-04,8.42110E-05],[5.28860E-04,8.61842E-05],[5.43956E-04,9.44135E-05]],[[1.42030E-03,8.62935E-05],[1.41116E-03,8.41045E-05],[1.39727E-03,8.35282E-05],[1.38358E-03,8.35641E-05],[1.35824E-03,8.30739E-05],[1.32911E-03,8.40733E-05],[1.29767E-03,8.43242E-05],[1.25964E-03,8.27002E-05],[1.21260E-03,8.32481E-05],[1.16527E-03,8.31055E-05],[1.11240E-03,8.30138E-05],[1.05396E-03,8.41661E-05],[9.89888E-04,8.35333E-05],[9.20502E-04,8.41570E-05],[8.49974E-04,8.27245E-05],[7.73691E-04,8.35631E-05],[6.96261E-04,8.31006E-05],[6.19142E-04,8.37760E-05],[5.45651E-04,8.39069E-05],[4.92020E-04,8.55764E-05],[5.06974E-04,9.31662E-05]],[[1.30919E-03,