{
  "seed":796773392,
  "pop":8000,
  "Inactive_Cycles":1500,
  "Active_Cycles":2500,
  "Total_CPU_Time":1.66096E+04,
  "Total_Transport_Time":1.79140E+03,
  "Time_Per_Integration":1.94291E-09,
  "Clock_Time":1.87299E+03,
  "keff":{
    "keff":[1.02015E+00,7.01440E-05]
  },
  "fissionRate":{
    "fissionRate":[[[2.18657E-03,9.83600E-05],[2.17405E-03,9.54249E-05],[2.15910E-03,9.42700E-05],[2.13166E-03,9.47168E-05],[2.09294E-03,9.49694E-05],[2.05504E-03,9.39711E-05],[2.00186E-03,9.31469E-05],[1.93369E-03,9.44555E-05],[1.87259E-03,9.34648E-05],[1.79436E-03,9.40807E-05],[1.71071E-03,9.43182E-05],[1.62569E-03,9.37535E-05],[1.52842E-03,9.41265E-05],[1.42391E-03,9.26777E-05],[1.31412E-03,9.45195E-05],[1.19917E-03,9.49512E-05],[1.08321E-03,9.53244E-05],[9.63157E-04,9.49887E-05],[8.49566E-04,9.50222E-05],[7.66213E-04,9.72996E-05],[7.88496E-04,1.05910E-04]],[[2.16798E-03,9.57217E-05],[2.16568E-03,9.29037E-05],[2.14308E-03,9.25794E-05],[2.11901E-03,9.16360E-05],[2.08831E-03,9.16843E-05],[2.04266E-03,9.20355E-05],[1.99136E-03,9.19385E-05],[1.92631E-03,9.13518E-05],[1.86083E-03,9.23764E-05],[1.78615E-03,9.12639E-05],[1.70502E-03,9.08262E-05],[1.61521E-03,9.05568E-05],[1.52350E-03,9.15397E-05],[1.41651E-03,9.18200E-05],[1.30706E-03,9.25168E-05],[1.19609E-03,9.21517E-05],[1.08019E-03,9.28788E-05],[9.59727E-04,9.29453E-05],[8.46557E-04,9.27369E-05],[7.63927E-04,9.52084E-05],[7.84665E-04,1.04871E-04]],[[2.15550E-03,9.47993E-05],[2.14587E-03,9.27793E-05],[2.13310E-03,9.19628E-05],[2.10210E-03,9.17845E-05],[2.06591E-03,9.19506E-05],[2.02809E-03,9.12129E-05],[1.97473E-03,9.09732E-05],[1.91354E-03,9.12428E-05],[1.84965E-03,9.02188E-05],[1.77188E-03,9.07226E-05],[1.69070E-03,9.05039E-05],[1.60365E-03,9.14111E-05],[1.51177E-03,9.16880E-05],[1.40403E-03,9.12462E-05],[1.29687E-03,9.08993E-05],[1.18397E-03,9.12091E-05],[1.06849E-03,9.22825E-05],[9.51684E-04,9.23796E-05],[8.40162E-04,9.30591E-05],[7.58671E-04,9.45795E-05],[7.78528E-04,1.02377E-04]],[[2.12937E-03,9.52229E-05],[2.12164E-03,9.23505E-05],[2.10327E-03,9.26740E-05],[2.07846E-03,9.08715E-05],[2.04412E-03,9.08673E-05],[2.00427E-03,9.07881E-05],[1.95074E-03,9.13614E-05],[1.89265E-03,9.11952E-05],[1.82504E-03,9.01161E-05],[1.75516E-03,9.02381E-05],[1.66954E-03,9.07065E-05],[1.58379E-03,9.11978E-05],[1.48805E-03,9.17563E-05],[1.38602E-03,9.11954E-05],[1.28231E-03,9.04404E-05],[1.17148E-03,9.16396E-05],[1.05587E-03,9.14002E-05],[9.40475E-04,9.25216E-05],[8.30734E-04,9.22173E-05],[7.48970E-04,9.35478E-05],[7.67306E-04,1.02260E-04]],[[2.09831E-03,9.43521E-05],[2.08506E-03,9.13544E-05],[2.07212E-03,9.21186E-05],[2.04321E-03,9.11401E-05],[2.00796E-03,9.16189E-05],[1.97173E-03,9.10586E-05],[1.91835E-03,9.23186E-05],[1.86228E-03,9.15002E-05],[1.79658E-03,9.02777E-05],[1.72546E-03,8.99477E-05],[1.63855E-03,9.05894E-05],[1.55825E-03,9.01060E-05],[1.46304E-03,9.19728E-05],[1.36597E-03,9.07157E-05],[1.26205E-03,9.16676E-05],[1.14887E-03,9.23191E-05],[1.03685E-03,9.10102E-05],[9.21998E-04,9.12250E-05],[8.14452E-04,9.21289E-05],[7.36080E-04,9.23313E-05],[7.55132E-04,1.01871E-04]],[[2.05105E-03,9.45690E-05],[2.04415E-03,9.24221E-05],[2.02544E-03,9.15741E-05],[2.00327E-03,9.11301E-05],[1.97074E-03,9.01076E-05],[1.92574E-03,9.13803E-05],[1.87887E-03,8.97920E-05],[1.82308E-03,9.07124E-05],[1.75858E-03,9.08847E-05],[1.68390E-03,9.07891E-05],[1.60647E-03,9.01320E-05],[1.52373E-03,9.11149E-05],[1.43242E-03,9.06303E-05],[1.33508E-03,9.11967E-05],[1.23608E-03,9.11906E-05],[1.12670E-03,9.17248E-05],[1.01604E-03,9.12423E-05],[9.03979E-04,9.14801E-05],[7.98925E-04,9.29442E-05],[7.19781E-04,9.31899E-05],[7.38764E-04,1.01892E-04]],[[2.00017E-03,9.33810E-05],[1.99257E-03,9.23125E-05],[1.97361E-03,9.12068E-05],[1.95009E-03,8.93456E-05],[1.91971E-03,9.11478E-05],[1.87965E-03,9.04914E-05],[1.83299E-03,9.00257E-05],[1.77364E-03,9.03963E-05],[1.71780E-03,9.05092E-05],[1.64212E-03,9.03198E-05],[1.56960E-03,9.11004E-05],[1.48587E-03,8.99353E-05],[1.39464E-03,9.05256E-05],[1.30300E-03,9.12248E-05],[1.20240E-03,9.02857E-05],[1.09799E-03,9.09859E-05],[9.89379E-04,9.12276E-05],[8.81751E-04,9.09777E-05],[7.77887E-04,9.13329E-05],[7.01892E-04,9.40304E-05],[7.21862E-04,1.00942E-04]],[[1.93930E-03,9.44215E-05],[1.92811E-03,9.09923E-05],[1.91567E-03,8.97372E-05],[1.89340E-03,9.06139E-05],[1.85983E-03,9.02940E-05],[1.82625E-03,9.05378E-05],[1.77360E-03,9.12971E-05],[1.72211E-03,9.11230E-05],[1.66179E-03,9.14546E-05],[1.59438E-03,9.04025E-05],[1.51924E-03,9.01884E-05],[1.44111E-03,9.03912E-05],[1.35386E-03,8.97489E-05],[1.26316E-03,9.02553E-05],[1.16713E-03,9.14560E-05],[1.06577E-03,9.08967E-05],[9.61105E-04,9.14342E-05],[8.54401E-04,9.13176E-05],[7.54624E-04,9.18946E-05],[6.79311E-04,9.43610E-05],[6.97824E-04,1.03029E-04]],[[1.87330E-03,9.40335E-05],[1.86024E-03,9.09538E-05],[1.84887E-03,9.16540E-05],[1.82421E-03,9.10643E-05],[1.79500E-03,9.04055E-05],[1.75980E-03,9.12532E-05],[1.71730E-03,9.18128E-05],[1.66296E-03,9.09684E-05],[1.60377E-03,9.01984E-05],[1.54163E-03,9.10708E-05],[1.47015E-03,9.00778E-05],[1.39188E-03,9.10308E-05],[1.30926E-03,9.08404E-05],[1.21945E-03,9.10806E-05],[1.12694E-03,9.03035E-05],[1.02859E-03,9.05754E-05],[9.26631E-04,9.04629E-05],[8.25331E-04,9.09803E-05],[7.27628E-04,9.24207E-05],[6.55889E-04,9.42643E-05],[6.72873E-04,1.01842E-04]],[[1.79860E-03,9.41921E-05],[1.78858E-03,9.08571E-05],[1.77479E-03,9.11027E-05],[1.75473E-03,9.00092E-05],[1.72534E-03,9.06530E-05],[1.68650E-03,9.07158E-05],[1.64525E-03,9.12575E-05],[1.59794E-03,9.04963E-05],[1.53868E-03,8.96543E-05],[1.47712E-03,9.05807E-05],[1.41013E-03,9.05390E-05],[1.33381E-03,8.97436E-05],[1.25420E-03,9.07217E-05],[1.17077E-03,9.00688E-05],[1.08063E-03,9.12633E-05],[9.86588E-04,8.98376E-05],[8.89890E-04,9.01959E-05],[7.93198E-04,9.04329E-05],[6.98637E-04,9.15999E-05],[6.29637E-04,9.24745E-05],[6.46968E-04,1.00847E-04]],[[1.70959E-03,9.36177E-05],[1.70793E-03,9.09232E-05],[1.68940E-03,9.06758E-05],[1.67321E-03,9.02924E-05],[1.64252E-03,9.14629E-05],[1.61139E-03,9.07463E-05],[1.56593E-03,9.07076E-05],[1.52214E-03,8.94800E-05],[1.46919E-03,8.97436E-05],[1.41117E-03,8.99613E-05],[1.34509E-03,8.94936E-05],[1.27484E-03,9.06807E-05],[1.19777E-03,9.02483E-05],[1.11469E-03,9.15369E-05],[1.02833E-03,9.09646E-05],[9.41431E-04,9.10332E-05],[8.48924E-04,9.01259E-05],[7.56017E-04,9.01021E-05],[6.68348E-04,9.07633E-05],[6.01186E-04,9.26064E-05],[6.17139E-04,1.01667E-04]],[[1.62032E-03,9.46722E-05],[1.61612E-03,9.02411E-05],[1.60600E-03,9.10099E-05],[1.58452E-03,9.08601E-05],[1.55924E-03,9.06860E-05],[1.52569E-03,9.14876E-05],[1.48984E-03,9.01563E-05],[1.44295E-03,8.99385E-05],[1.38890E-03,8.96703E-05],[1.33679E-03,9.05333E-05],[1.27098E-03,8.99581E-05],[1.20554E-03,9.00641E-05],[1.13555E-03,9.08901E-05],[1.05728E-03,8.95747E-05],[9.77727E-04,9.13998E-05],[8.92407E-04,9.02258E-05],[8.03852E-04,8.96070E-05],[7.15954E-04,9.08561E-05],[6.32674E-04,9.06231E-05],[5.69468E-04,9.20377E-05],[5.84474E-04,1.00817E-04]],[[1.52348E-03,9.36948E-05],[1.51831E-03,9.10879E-05],[1.51174E-03,9.00963E-05],[1.49301E-03,8.99015E-05],[1.46255E-03,8.97093E-05],[1.43291E-03,9.06570E-05],[1.39984E-03,9.02408E-05],[1.35519E-03,9.02595E-05],[1.31037E-03,9.02133E-05],[1.25415E-03,9.12624E-05],[1.19515E-03,8.94984E-05],[1.13582E-03,9.01482E-05],[1.06790E-03,9.02530E-05],[9.94729E-04,8.92860E-05],[9.19213E-04,8.99001E-05],[8.39067E-04,9.00820E-05],[7.56245E-04,9.11025E-05],[6.73744E-04,9.15079E-05],[5.93757E-04,9.14110E-05],[5.36115E-04,9.18727E-05],[5.50157E-04,1.00738E-04]],[[1.42594E-03,9.31748E-05],[1.41639E-03,9.01190E-05],[1.40755E-03,9.03262E-05],[1.39039E-03,9.03391E-05],[1.36640E-03,8.95814E-05],[1.33786E-03,9.06000E-05],[1.30407E-03,8.94207E-05],[1.26417E-03,9.01812E-05],[1.22066E-03,8.95052E-05],[1.17041E-03,8.95609E-05],[1.11614E-03,9.03180E-05],[1.05729E-03,8.98586E-05],[9.95652E-04,8.94933E-05],[9.26054E-04,8.92725E-05],[8.56748E-04,8.88836E-05],[7.83957E-04,9.01477E-05],[7.06739E-04,9.06589E-05],[6.27087E-04,9.10926E-05],[5.53786E-04,9.12646E-05],[5.00695E-04,9.19117E-05],[5.12745E-04,1.01015E-04]],[[1.31610E-03,