{
  "seed":5,
  "pop":1500,
  "Inactive_Cycles":600,
  "Active_Cycles":400,
  "Total_CPU_Time":1.17797E+03,
  "Total_Transport_Time":1.19544E+02,
  "Time_Per_Integration":6.28078E-09,
  "Clock_Time":1.31994E+02,
  "keff":{
    "keff":[1.18652E+00,3.97170E-04]
  },
  "Adjoint_keff":{
    "Adjoint_keff":[1.18619E+00,1.30748E-04]
  },
  "delta_keff":{
    "delta_keff":[5.25805E-04,9.27704E-07]
  },
  "pert_keff":{
    "pert_keff":[1.18705E+00,1.18599E+00]
  },
  "sensitivity":{
    "sensitivity":[4.43129E-02,1.66921E-03]
  }
}
