{
  "seed":5,
  "pop":1500,
  "Inactive_Cycles":600,
  "Active_Cycles":400,
  "Total_CPU_Time":1.06693E+03,
  "Total_Transport_Time":1.08323E+02,
  "Time_Per_Integration":5.69126E-09,
  "Clock_Time":1.15692E+02,
  "keff":{
    "keff":[1.18734E+00,3.97692E-04]
  },
  "Adjoint_keff":{
    "Adjoint_keff":[1.18701E+00,1.30808E-04]
  },
  "delta_keff":{
    "delta_keff":[5.23005E-04,9.30109E-07]
  },
  "pert_keff":{
    "pert_keff":[1.18786E+00,1.18682E+00]
  },
  "sensitivity":{
    "sensitivity":[4.40466E-02,1.68403E-03]
  }
}
