{
  "seed":5,
  "pop":1500,
  "Inactive_Cycles":600,
  "Active_Cycles":400,
  "Total_CPU_Time":1.16762E+03,
  "Total_Transport_Time":1.17910E+02,
  "Time_Per_Integration":6.19494E-09,
  "Clock_Time":1.29936E+02,
  "keff":{
    "keff":[1.18706E+00,3.97574E-04]
  },
  "Adjoint_keff":{
    "Adjoint_keff":[1.18673E+00,1.30779E-04]
  },
  "delta_keff":{
    "delta_keff":[5.22470E-04,9.29297E-07]
  },
  "pert_keff":{
    "pert_keff":[1.18758E+00,1.18654E+00]
  },
  "sensitivity":{
    "sensitivity":[4.40119E-02,1.68434E-03]
  }
}
