{
  "seed":5,
  "pop":1500,
  "Inactive_Cycles":600,
  "Active_Cycles":400,
  "Total_CPU_Time":1.16182E+03,
  "Total_Transport_Time":1.16680E+02,
  "Time_Per_Integration":6.13030E-09,
  "Clock_Time":1.28872E+02,
  "keff":{
    "keff":[1.18652E+00,3.97178E-04]
  },
  "Adjoint_keff":{
    "Adjoint_keff":[1.18619E+00,1.30783E-04]
  },
  "delta_keff":{
    "delta_keff":[-3.34963E-04,2.43970E-07]
  },
  "pert_keff":{
    "pert_keff":[1.18618E+00,1.18685E+00]
  },
  "sensitivity":{
    "sensitivity":[-2.82296E-03,-4.67727E-04]
  }
}
