{
  "seed":5,
  "pop":1500,
  "Inactive_Cycles":600,
  "Active_Cycles":400,
  "Total_CPU_Time":1.08421E+03,
  "Total_Transport_Time":1.13533E+02,
  "Time_Per_Integration":5.96496E-09,
  "Clock_Time":1.21306E+02,
  "keff":{
    "keff":[1.18679E+00,3.97246E-04]
  },
  "Adjoint_keff":{
    "Adjoint_keff":[1.18647E+00,1.30810E-04]
  },
  "delta_keff":{
    "delta_keff":[5.26336E-04,9.28478E-07]
  },
  "pert_keff":{
    "pert_keff":[1.18732E+00,1.18627E+00]
  },
  "sensitivity":{
    "sensitivity":[4.43475E-02,1.66894E-03]
  }
}
