{
  "seed":50,
  "pop":2000,
  "Inactive_Cycles":700,
  "Active_Cycles":500,
  "Total_CPU_Time":7.82318E+02,
  "Total_Transport_Time":8.42914E+01,
  "Clock_Time":8.45767E+01,
  "fluxMap":{
    "fluxMap":[[[[3.62145E-04,6.26196E-04]],[[5.16209E-04,5.32589E-04]],[[6.75083E-04,4.27258E-04]],[[8.64498E-04,4.03269E-04]],[[1.04906E-03,3.97156E-04]],[[1.22254E-03,3.55871E-04]],[[1.38650E-03,4.00751E-04]],[[1.53217E-03,4.29549E-04]],[[1.64849E-03,3.77722E-04]],[[1.75769E-03,4.41187E-04]],[[2.30330E-03,5.18322E-04]],[[3.37580E-03,5.26266E-04]],[[4.37428E-03,4.62138E-04]],[[5.28738E-03,4.19080E-04]],[[6.09125E-03,3.59057E-04]],[[6.81139E-03,3.53772E-04]],[[7.38649E-03,3.76671E-04]],[[7.82310E-03,3.94407E-04]],[[8.12051E-03,3.63638E-04]],[[8.29863E-03,4.25999E-04]]],[[[5.18837E-04,5.24365E-04]],[[8.54681E-04,4.04255E-04]],[[1.20553E-03,3.21433E-04]],[[1.54877E-03,3.33244E-04]],[[1.87860E-03,3.12546E-04]],[[2.19442E-03,2.80720E-04]],[[2.48977E-03,2.94353E-04]],[[2.75183E-03,3.06333E-04]],[[2.96388E-03,3.20482E-04]],[[3.16259E-03,3.72516E-04]],[[4.15474E-03,4.50766E-04]],[[6.08040E-03,4.25352E-04]],[[7.88762E-03,3.86505E-04]],[[9.51730E-03,3.49259E-04]],[[1.09968E-02,3.01473E-04]],[[1.22668E-02,2.81306E-04]],[[1.33341E-02,3.01209E-04]],[[1.41218E-02,3.15829E-04]],[[1.46694E-02,2.86269E-04]],[[1.49690E-02,3.48686E-04]]],[[[6.90214E-04,4.28929E-04]],[[1.22165E-03,3.28280E-04]],[[1.73233E-03,2.82422E-04]],[[2.23350E-03,2.63577E-04]],[[2.71354E-03,2.61806E-04]],[[3.17453E-03,2.51199E-04]],[[3.60543E-03,2.42388E-04]],[[3.99159E-03,2.39408E-04]],[[4.29685E-03,2.53350E-04]],[[4.59586E-03,3.52958E-04]],[[6.03931E-03,4.23696E-04]],[[8.85012E-03,3.81730E-04]],[[1.14925E-02,3.62674E-04]],[[1.38816E-02,3.13562E-04]],[[1.60213E-02,2.65449E-04]],[[1.78887E-02,2.39969E-04]],[[1.94115E-02,2.32881E-04]],[[2.05961E-02,2.49389E-04]],[[2.13918E-02,2.47575E-04]],[[2.17951E-02,2.66300E-04]]],[[[9.01224E-04,3.99399E-04]],[[1.60041E-03,2.99626E-04]],[[2.27674E-03,2.60638E-04]],[[2.93323E-03,2.41415E-04]],[[3.57022E-03,2.41573E-04]],[[4.17936E-03,2.09885E-04]],[[4.75567E-03,2.02504E-04]],[[5.26849E-03,2.20697E-04]],[[5.68997E-03,2.32282E-04]],[[6.09787E-03,3.15597E-04]],[[8.02423E-03,3.94658E-04]],[[1.17713E-02,3.48530E-04]],[[1.52941E-02,3.06989E-04]],[[1.85080E-02,2.83767E-04]],[[2.13683E-02,2.54288E-04]],[[2.38065E-02,2.19151E-04]],[[2.58211E-02,2.03879E-04]],[[2.74331E-02,2.10227E-04]],[[2.84774E-02,2.28447E-04]],[[2.90082E-02,2.40101E-04]]],[[[1.11958E-03,4.20833E-04]],[[1.98870E-03,3.28203E-04]],[[2.83651E-03,2.67725E-04]],[[3.65807E-03,2.28376E-04]],[[4.46113E-03,2.07105E-04]],[[5.22724E-03,1.95375E-04]],[[5.95697E-03,1.72939E-04]],[[6.60932E-03,1.96723E-04]],[[7.14926E-03,2.19172E-04]],[[7.68474E-03,2.93619E-04]],[[1.01456E-02,3.53488E-04]],[[1.49143E-02,3.41244E-04]],[[1.93765E-02,3.00499E-04]],[[2.34453E-02,2.51348E-04]],[[2.70760E-02,2.21057E-04]],[[3.01963E-02,1.94295E-04]],[[3.27898E-02,1.90702E-04]],[[3.47451E-02,1.88399E-04]],[[3.60883E-02,2.16308E-04]],[[3.68012E-02,2.36055E-04]]],[[[1.34491E-03,4.41989E-04]],[[2.38905E-03,3.43955E-04]],[[3.40657E-03,2.80353E-04]],[[4.40548E-03,2.37074E-04]],[[5.38064E-03,2.12816E-04]],[[6.31196E-03,1.81678E-04]],[[7.20548E-03,1.74383E-04]],[[8.01794E-03,1.82425E-04]],[[8.70633E-03,1.99862E-04]],[[9.39798E-03,2.83146E-04]],[[1.24579E-02,3.23996E-04]],[[1.82982E-02,2.82756E-04]],[[2.37904E-02,2.88273E-04]],[[2.88155E-02,2.51482E-04]],[[3.32645E-02,2.09874E-04]],[[3.71436E-02,1.75539E-04]],[[4.03026E-02,1.76040E-04]],[[4.27615E-02,1.84760E-04]],[[4.43972E-02,1.99390E-04]],[[4.51845E-02,2.27851E-04]]],[[[1.57238E-03,4.01660E-04]],[[2.79833E-03,3.25451E-04]],[[3.99020E-03,2.75477E-04]],[[5.17316E-03,2.47433E-04]],[[6.33548E-03,2.19258E-04]],[[7.46404E-03,1.88187E-04]],[[8.53292E-03,1.67103E-04]],[[9.52412E-03,1.74295E-04]],[[1.03727E-02,1.85824E-04]],[[1.12360E-02,2.62407E-04]],[[1.49207E-02,2.94475E-04]],[[2.19946E-02,2.68478E-04]],[[2.86180E-02,2.48513E-04]],[[3.46434E-02,2.29039E-04]],[[4.00932E-02,2.00627E-04]],[[4.47861E-02,1.81146E-04]],[[4.85976E-02,1.77319E-04]],[[5.15118E-02,1.88172E-04]],[[5.34567E-02,1.88207E-04]],[[5.44438E-02,2.21002E-04]]],[[[1.80689E-03,3.85932E-04]],[[3.22091E-03,3.07399E-04]],[[4.60465E-03,2.46044E-04]],[[5.97644E-03,2.30003E-04]],[[7.32660E-03,1.96440E-04]],[[8.64052E-03,1.85229E-04]],[[9.92156E-03,1.65338E-04]],[[1.11150E-02,1.72484E-04]],[[1.21605E-02,1.71725E-04]],[[1.32112E-02,2.53052E-04]],[[1.76432E-02,3.06454E-04]],[[2.60514E-02,2.55655E-04]],[[3.40043E-02,2.19371E-04]],[[4.11795E-02,2.03199E-04]],[[4.76565E-02,1.90457E-04]],[[5.32527E-02,1.66943E-04]],[[5.77557E-02,1.64669E-04]],[[6.12187E-02,1.80118E-04]],[[6.35714E-02,1.90049E-04]],[[6.48152E-02,2.10298E-04]]],[[[2.04664E-03,3.92691E-04]],[[3.64617E-03,2.88013E-04]],[[5.23039E-03,2.50302E-04]],[[6.79260E-03,2.20829E-04]],[[8.33975E-03,1.98272E-04]],[[9.88155E-03,1.69642E-04]],[[1.13700E-02,1.57594E-04]],[[1.27944E-02,1.72780E-04]],[[1.40650E-02,1.71331E-04]],[[1.53578E-02,2.43010E-04]],[[2.06122E-02,3.08210E-04]],[[3.05673E-02,2.62671E-04]],[[3.99446E-02,2.18078E-04]],[[4.85519E-02,1.77899E-04]],[[5.61265E-02,1.75745E-04]],[[6.26856E-02,1.50618E-04]],[[6.80394E-02,1.53715E-04]],[[7.21317E-02,1.65440E-04]],[[7.48617E-02,1.78181E-04]],[[7.61476E-02,2.02535E-04]]],[[[2.28519E-03,4.12197E-04]],[[4.08429E-03,3.30122E-04]],[[5.85312E-03,2.57626E-04]],[[7.61984E-03,2.29409E-04]],[[9.37684E-03,1.95684E-04]],[[1.11391E-02,1.82764E-04]],[[1.28678E-02,1.65098E-04]],[[1.45550E-02,1.65705E-04]],[[1.60764E-02,1.81677E-04]],[[1.77248E-02,2.75301E-04]],[[2.39156E-02,3.06665E-04]],[[3.56463E-02,2.47730E-04]],[[4.66508E-02,2.09696E-04]],[[5.67009E-02,1.83473E-04]],[[6.58448E-02,1.60828E-04]],[[7.35260E-02,1.43948E-04]],[[7.96897E-02,1.39382E-04]],[[8.45024E-02,1.59004E-04]],[[8.73993E-02,1.69711E-04]],[[8.89493E-02,1.86597E-04]]],[[[2.52683E-03,3.69803E-04]],[[4.51299E-03,3.18434E-04]],[[6.47688E-03,2.70091E-04]],[[8.45736E-03,2.31318E-04]],[[1.04453E-02,2.07185E-04]],[[1.24231E-02,1.85300E-04]],[[1.44209E-02,1.59696E-04]],[[1.63933E-02,1.66928E-04]],[[1.82066E-02,1.90056E-04]],[[2.01769E-02,2.56273E-04]],[[2.74824E-02,3.12707E-04]],[[4.12488E-02,2.59918E-04]],[[5.41441E-02,1.93150E-04]],[[6.60516E-02,1.70948E-04]],[[7.67494E-02,1.56570E-04]],[[8.58029E-02,1.35273E-04]],[[9.28959E-02,1.30851E-04]],[[9.84058E-02,1.35825E-04]],[[1.01688E-01,1.53267E-04]],[[1.03345E-01,1.73688E-04]]],[[[2.76765E-03,3.73732E-04]],[[4.93855E-03,2.80245E-04]],[[7.09604E-03,2.39149E-04]],[[9.27459E-03,2.20323E-04]],[[1.14768E-02,1.95551E-04]],[[1.37155E-02,1.89047E-04]],[[1.59648E-02,1.72194E-04]],[[1.82512E-02,1.67157E-04]],[[2.04137E-02,1.90372E-04]],[[2.28321E-02,2.89425E-04]],[[3.13056E-02,3.46447E-04]],[[4.72416E-02,2.78812E-04]],[[6.24757E-02,2.22929E-04]],[[7.66845E-02,1.84032E-04]],[[8.94835E-02,1.64384E-04]],[[9.99914E-02,1.42038E-04]],[[1.08167E-01,1.23597E-04]],[[1.13973E-01,1.25262E-04]],[[1.17659E-01,1.26852E-04]],[[1.19298E-01,1.56580E-04]]],[[[2.98505E-03,3.67884E-04]],[[5.34516E-03,2.91712E-04]],[[7.69810E-03,2.32559E-04]],[[1.00570E-02,2.05346E-04]],[[1.24859E-02,1.94637E-04]],[[1.49550E-02,1.88370E-04]],[[1.75272E-02,1.82942E-04]],[[2.00838E-02,1.81712E-04]],[[2.26391E-02,1.96348E-04]],[[2.55353E-02,3.04994E-04]],[[3.53141E-02,3.51978E-04]],[[5.35998E-02,2.96237E-04]],[[7.16178E-02,2.46687E-04]],[[8.88247E-02,2.02311E-04]],[[1.04341E-01,1.70536E-04]],[[1.16746E-01,1.39632E-04]],[[1.25832E-01,1.25731E-04]],[[1.31896E-01,1.12168E-04]],[[1.35430E-01,1.15840E-04]],[[1.37115E-01,1.35571E-04]]],[[[3.19647E-03,3.84140E-04]],[[5.71725E-03,3.06459E-04]],[[8.23560E-03,2.60376E-04]],[[1.08036E-02,2.26774E-04]],[[1.34269E-02,1.99424E-04]],[[1.61329E-02,1.79919E-04]],[[1.89750E-02,1.76986E-04]],[[2.18660E-02,1.82968E-04]],[[2.47572E-02,1.97547E-04]],[[2.81450E-02,2.75563E-04]],[[3.92938E-02,3.25550E-04]],[[6.02410E-02,2.74109E-04]],[[8.12924E-02,2.31472E-04]],[[1.02531E-01,2.09558E-04]],[[1.22574E-01,1.74501E-04]],[[1.37027E-01,1.37148E-04]],[[1.46519E-01,1.23482E-04]],